chrI	250000	250001	a	1	-	250000	250001	255,0,0	1000 0.00 200 1 0 0 0 0 0
chrI	250001	250002	a	1	-	250001	250002	255,0,0	1000 0.00 199 1 0 0 0 0 0
chrI	250002	250003	a	1	-	250002	250003	255,0,0	1000 0.00 198 1 0 0 0 0 0
chrI	250003	250004	a	1	-	250003	250004	255,0,0	1000 0.00 197 1 0 0 0 0 0
chrI	250004	250005	a	1	-	250004	250005	255,0,0	1000 0.00 196 1 0 0 0 0 0
chrI	250005	250006	a	1	-	250005	250006	255,0,0	1000 0.00 195 1 0 0 0 0 0
chrI	250006	250007	a	1	-	250006	250007	255,0,0	1000 0.00 194 1 0 0 0 0 0
chrI	250007	250008	a	1	-	250007	250008	255,0,0	1000 0.00 193 1 0 0 0 0 0
chrI	250008	250009	a	1	-	250008	250009	255,0,0	1000 0.00 192 1 0 0 0 0 0
chrI	250009	250010	a	1	-	250009	250010	255,0,0	1000 0.00 191 1 0 0 0 0 0
chrI	250010	250011	a	1	-	250010	250011	255,0,0	1000 0.00 190 1 0 0 0 0 0
chrI	250011	250012	a	1	-	250011	250012	255,0,0	1000 0.00 189 1 0 0 0 0 0
chrI	250012	250013	a	1	-	250012	250013	255,0,0	1000 0.00 188 1 0 0 0 0 0
chrI	250013	250014	a	1	-	250013	250014	255,0,0	1000 0.00 187 1 0 0 0 0 0
chrI	250014	250015	a	1	-	250014	250015	255,0,0	1000 0.00 186 1 0 0 0 0 0
chrI	250015	250016	a	1	-	250015	250016	255,0,0	1000 0.00 185 1 0 0 0 0 0
chrI	250016	250017	a	1	-	250016	250017	255,0,0	1000 0.00 184 1 0 0 0 0 0
chrI	250017	250018	a	1	-	250017	250018	255,0,0	1000 0.00 183 1 0 0 0 0 0
chrI	250018	250019	a	1	-	250018	250019	255,0,0	1000 0.00 182 1 0 0 0 0 0
chrI	250019	250020	a	1	-	250019	250020	255,0,0	1000 0.00 181 1 0 0 0 0 0
chrI	250020	250021	a	1	-	250020	250021	255,0,0	1000 0.00 180 1 0 0 0 0 0
chrI	250021	250022	a	1	-	250021	250022	255,0,0	1000 0.00 179 1 0 0 0 0 0
chrI	250022	250023	a	1	-	250022	250023	255,0,0	1000 0.00 178 1 0 0 0 0 0
chrI	250023	250024	a	1	-	250023	250024	255,0,0	1000 0.00 177 1 0 0 0 0 0
chrI	250024	250025	a	1	-	250024	250025	255,0,0	1000 0.00 176 1 0 0 0 0 0
chrI	250025	250026	a	1	-	250025	250026	255,0,0	1000 0.00 175 1 0 0 0 0 0
chrI	250026	250027	a	1	-	250026	250027	255,0,0	1000 0.00 174 1 0 0 0 0 0
chrI	250027	250028	a	1	-	250027	250028	255,0,0	1000 0.00 173 1 0 0 0 0 0
chrI	250028	250029	a	1	-	250028	250029	255,0,0	1000 0.00 172 1 0 0 0 0 0
chrI	250029	250030	a	1	-	250029	250030	255,0,0	1000 0.00 171 1 0 0 0 0 0
chrI	250030	250031	a	1	-	250030	250031	255,0,0	1000 0.00 170 1 0 0 0 0 0
chrI	250031	250032	a	1	-	250031	250032	255,0,0	1000 0.00 169 1 0 0 0 0 0
chrI	250032	250033	a	1	-	250032	250033	255,0,0	1000 0.00 168 1 0 0 0 0 0
chrI	250033	250034	a	1	-	250033	250034	255,0,0	1000 0.00 167 1 0 0 0 0 0
chrI	250034	250035	a	1	-	250034	250035	255,0,0	1000 0.00 166 1 0 0 0 0 0
chrI	250035	250036	a	1	-	250035	250036	255,0,0	1000 0.00 165 1 0 0 0 0 0
chrI	250036	250037	a	1	-	250036	250037	255,0,0	1000 0.00 164 1 0 0 0 0 0
chrI	250037	250038	a	1	-	250037	250038	255,0,0	1000 0.00 163 1 0 0 0 0 0
chrI	250038	250039	a	1	-	250038	250039	255,0,0	1000 0.00 162 1 0 0 0 0 0
chrI	250039	250040	a	1	-	250039	250040	255,0,0	1000 0.00 161 1 0 0 0 0 0
chrI	250040	250041	a	1	-	250040	250041	255,0,0	1000 0.00 160 1 0 0 0 0 0
chrI	250041	250042	a	1	-	250041	250042	255,0,0	1000 0.00 159 1 0 0 0 0 0
chrI	250042	250043	a	1	-	250042	250043	255,0,0	1000 0.00 158 1 0 0 0 0 0
chrI	250043	250044	a	1	-	250043	250044	255,0,0	1000 0.00 157 1 0 0 0 0 0
chrI	250044	250045	a	1	-	250044	250045	255,0,0	1000 0.00 156 1 0 0 0 0 0
chrI	250045	250046	a	1	-	250045	250046	255,0,0	1000 0.00 155 1 0 0 0 0 0
chrI	250046	250047	a	1	-	250046	250047	255,0,0	1000 0.00 154 1 0 0 0 0 0
chrI	250047	250048	a	1	-	250047	250048	255,0,0	1000 0.00 153 1 0 0 0 0 0
chrI	250048	250049	a	1	-	250048	250049	255,0,0	1000 0.00 152 1 0 0 0 0 0
chrI	250049	250050	a	1	-	250049	250050	255,0,0	1000 0.00 151 1 0 0 0 0 0
chrI	250050	250051	a	1	-	250050	250051	255,0,0	1000 0.00 150 1 0 0 0 0 0
chrI	250051	250052	a	1	-	250051	250052	255,0,0	1000 0.00 149 1 0 0 0 0 0
chrI	250052	250053	a	1	-	250052	250053	255,0,0	1000 0.00 148 1 0 0 0 0 0
chrI	250053	250054	a	1	-	250053	250054	255,0,0	1000 0.00 147 1 0 0 0 0 0
chrI	250054	250055	a	1	-	250054	250055	255,0,0	1000 0.00 146 1 0 0 0 0 0
chrI	250055	250056	a	1	-	250055	250056	255,0,0	1000 0.00 145 1 0 0 0 0 0
chrI	250056	250057	a	1	-	250056	250057	255,0,0	1000 0.00 144 1 0 0 0 0 0
chrI	250057	250058	a	1	-	250057	250058	255,0,0	1000 0.00 143 1 0 0 0 0 0
chrI	250058	250059	a	1	-	250058	250059	255,0,0	1000 0.00 142 1 0 0 0 0 0
chrI	250059	250060	a	1	-	250059	250060	255,0,0	1000 0.00 141 1 0 0 0 0 0
chrI	250060	250061	a	1	-	250060	250061	255,0,0	1000 0.00 140 1 0 0 0 0 0
chrI	250061	250062	a	1	-	250061	250062	255,0,0	1000 0.00 139 1 0 0 0 0 0
chrI	250062	250063	a	1	-	250062	250063	255,0,0	1000 0.00 138 1 0 0 0 0 0
chrI	250063	250064	a	1	-	250063	250064	255,0,0	1000 0.00 137 1 0 0 0 0 0
chrI	250064	250065	a	1	-	250064	250065	255,0,0	1000 0.00 136 1 0 0 0 0 0
chrI	250065	250066	a	1	-	250065	250066	255,0,0	1000 0.00 135 1 0 0 0 0 0
chrI	250066	250067	a	1	-	250066	250067	255,0,0	1000 0.00 134 1 0 0 0 0 0
chrI	250067	250068	a	1	-	250067	250068	255,0,0	1000 0.00 133 1 0 0 0 0 0
chrI	250068	250069	a	1	-	250068	250069	255,0,0	1000 0.00 132 1 0 0 0 0 0
chrI	250069	250070	a	1	-	250069	250070	255,0,0	1000 0.00 131 1 0 0 0 0 0
chrI	250070	250071	a	1	-	250070	250071	255,0,0	1000 0.00 130 1 0 0 0 0 0
chrI	250071	250072	a	1	-	250071	250072	255,0,0	1000 0.00 129 1 0 0 0 0 0
chrI	250072	250073	a	1	-	250072	250073	255,0,0	1000 0.00 128 1 0 0 0 0 0
chrI	250073	250074	a	1	-	250073	250074	255,0,0	1000 0.00 127 1 0 0 0 0 0
chrI	250074	250075	a	1	-	250074	250075	255,0,0	1000 0.00 126 1 0 0 0 0 0
chrI	250075	250076	a	1	-	250075	250076	255,0,0	1000 0.00 127 1 0 0 0 0 0
chrI	250076	250077	a	1	-	250076	250077	255,0,0	1000 0.00 128 1 0 0 0 0 0
chrI	250077	250078	a	1	-	250077	250078	255,0,0	1000 0.00 129 1 0 0 0 0 0
chrI	250078	250079	a	1	-	250078	250079	255,0,0	1000 0.00 130 1 0 0 0 0 0
chrI	250079	250080	a	1	-	250079	250080	255,0,0	1000 0.00 131 1 0 0 0 0 0
chrI	250080	250081	a	1	-	250080	250081	255,0,0	1000 0.00 132 1 0 0 0 0 0
chrI	250081	250082	a	1	-	250081	250082	255,0,0	1000 0.00 133 1 0 0 0 0 0
chrI	250082	250083	a	1	-	250082	250083	255,0,0	1000 0.00 134 1 0 0 0 0 0
chrI	250083	250084	a	1	-	250083	250084	255,0,0	1000 0.00 135 1 0 0 0 0 0
chrI	250084	250085	a	1	-	250084	250085	255,0,0	1000 0.00 136 1 0 0 0 0 0
chrI	250085	250086	a	1	-	250085	250086	255,0,0	1000 0.00 137 1 0 0 0 0 0
chrI	250086	250087	a	1	-	250086	250087	255,0,0	1000 0.00 138 1 0 0 0 0 0
chrI	250087	250088	a	1	-	250087	250088	255,0,0	1000 0.00 139 1 0 0 0 0 0
chrI	250088	250089	a	1	-	250088	250089	255,0,0	1000 0.00 140 1 0 0 0 0 0
chrI	250089	250090	a	1	-	250089	250090	255,0,0	1000 0.00 141 1 0 0 0 0 0
chrI	250090	250091	a	1	-	250090	250091	255,0,0	1000 0.00 142 1 0 0 0 0 0
chrI	250091	250092	a	1	-	250091	250092	255,0,0	1000 0.00 143 1 0 0 0 0 0
chrI	250092	250093	a	1	-	250092	250093	255,0,0	1000 0.00 144 1 0 0 0 0 0
chrI	250093	250094	a	1	-	250093	250094	255,0,0	1000 0.00 145 1 0 0 0 0 0
chrI	250094	250095	a	1	-	250094	250095	255,0,0	1000 0.00 146 1 0 0 0 0 0
chrI	250095	250096	a	1	-	250095	250096	255,0,0	1000 0.00 147 1 0 0 0 0 0
chrI	250096	250097	a	1	-	250096	250097	255,0,0	1000 0.00 148 1 0 0 0 0 0
chrI	250097	250098	a	1	-	250097	250098	255,0,0	1000 0.00 149 1 0 0 0 0 0
chrI	250098	250099	a	1	-	250098	250099	255,0,0	1000 0.00 150 1 0 0 0 0 0
chrI	250099	250100	a	1	-	250099	250100	255,0,0	1000 0.00 151 1 0 0 0 0 0
chrI	250100	250101	a	1	-	250100	250101	255,0,0	1000 0.00 152 1 0 0 0 0 0
chrI	250101	250102	a	1	-	250101	250102	255,0,0	1000 0.00 153 1 0 0 0 0 0
chrI	250102	250103	a	1	-	250102	250103	255,0,0	1000 0.00 154 1 0 0 0 0 0
chrI	250103	250104	a	1	-	250103	250104	255,0,0	1000 0.00 155 1 0 0 0 0 0
chrI	250104	250105	a	1	-	250104	250105	255,0,0	1000 0.00 156 1 0 0 0 0 0
chrI	250105	250106	a	1	-	250105	250106	255,0,0	1000 0.00 157 1 0 0 0 0 0
chrI	250106	250107	a	1	-	250106	250107	255,0,0	1000 0.00 158 1 0 0 0 0 0
chrI	250107	250108	a	1	-	250107	250108	255,0,0	1000 0.00 159 1 0 0 0 0 0
chrI	250108	250109	a	1	-	250108	250109	255,0,0	1000 0.00 160 1 0 0 0 0 0
chrI	250109	250110	a	1	-	250109	250110	255,0,0	1000 0.00 161 1 0 0 0 0 0
chrI	250110	250111	a	1	-	250110	250111	255,0,0	1000 0.00 162 1 0 0 0 0 0
chrI	250111	250112	a	1	-	250111	250112	255,0,0	1000 0.00 163 1 0 0 0 0 0
chrI	250112	250113	a	1	-	250112	250113	255,0,0	1000 0.00 164 1 0 0 0 0 0
chrI	250113	250114	a	1	-	250113	250114	255,0,0	1000 0.00 165 1 0 0 0 0 0
chrI	250114	250115	a	1	-	250114	250115	255,0,0	1000 0.00 166 1 0 0 0 0 0
chrI	250115	250116	a	1	-	250115	250116	255,0,0	1000 0.00 167 1 0 0 0 0 0
chrI	250116	250117	a	1	-	250116	250117	255,0,0	1000 0.00 168 1 0 0 0 0 0
chrI	250117	250118	a	1	-	250117	250118	255,0,0	1000 0.00 169 1 0 0 0 0 0
chrI	250118	250119	a	1	-	250118	250119	255,0,0	1000 0.00 170 1 0 0 0 0 0
chrI	250119	250120	a	1	-	250119	250120	255,0,0	1000 0.00 171 1 0 0 0 0 0
chrI	250120	250121	a	1	-	250120	250121	255,0,0	1000 0.00 172 1 0 0 0 0 0
chrI	250121	250122	a	1	-	250121	250122	255,0,0	1000 0.00 173 1 0 0 0 0 0
chrI	250122	250123	a	1	-	250122	250123	255,0,0	1000 0.00 174 1 0 0 0 0 0
chrI	250123	250124	a	1	-	250123	250124	255,0,0	1000 0.00 175 1 0 0 0 0 0
chrI	250124	250125	a	1	-	250124	250125	255,0,0	1000 0.00 176 1 0 0 0 0 0
chrI	250125	250126	a	1	-	250125	250126	255,0,0	1000 0.00 177 1 0 0 0 0 0
chrI	250126	250127	a	1	-	250126	250127	255,0,0	1000 0.00 178 1 0 0 0 0 0
chrI	250127	250128	a	1	-	250127	250128	255,0,0	1000 0.00 179 1 0 0 0 0 0
chrI	250128	250129	a	1	-	250128	250129	255,0,0	1000 0.00 180 1 0 0 0 0 0
chrI	250129	250130	a	1	-	250129	250130	255,0,0	1000 0.00 181 1 0 0 0 0 0
chrI	250130	250131	a	1	-	250130	250131	255,0,0	1000 0.00 182 1 0 0 0 0 0
chrI	250131	250132	a	1	-	250131	250132	255,0,0	1000 0.00 183 1 0 0 0 0 0
chrI	250132	250133	a	1	-	250132	250133	255,0,0	1000 0.00 184 1 0 0 0 0 0
chrI	250133	250134	a	1	-	250133	250134	255,0,0	1000 0.00 185 1 0 0 0 0 0
chrI	250134	250135	a	1	-	250134	250135	255,0,0	1000 0.00 186 1 0 0 0 0 0
chrI	250135	250136	a	1	-	250135	250136	255,0,0	1000 0.00 187 1 0 0 0 0 0
chrI	250136	250137	a	1	-	250136	250137	255,0,0	1000 0.00 188 1 0 0 0 0 0
chrI	250137	250138	a	1	-	250137	250138	255,0,0	1000 0.00 189 1 0 0 0 0 0
chrI	250138	250139	a	1	-	250138	250139	255,0,0	1000 0.00 190 1 0 0 0 0 0
chrI	250139	250140	a	1	-	250139	250140	255,0,0	1000 0.00 191 1 0 0 0 0 0
chrI	250140	250141	a	1	-	250140	250141	255,0,0	1000 0.00 192 1 0 0 0 0 0
chrI	250141	250142	a	1	-	250141	250142	255,0,0	1000 0.00 193 1 0 0 0 0 0
chrI	250142	250143	a	1	-	250142	250143	255,0,0	1000 0.00 194 1 0 0 0 0 0
chrI	250143	250144	a	1	-	250143	250144	255,0,0	1000 0.00 195 1 0 0 0 0 0
chrI	250144	250145	a	1	-	250144	250145	255,0,0	1000 0.00 196 1 0 0 0 0 0
chrI	250145	250146	a	1	-	250145	250146	255,0,0	1000 0.00 197 1 0 0 0 0 0
chrI	250146	250147	a	1	-	250146	250147	255,0,0	1000 0.00 198 1 0 0 0 0 0
chrI	250147	250148	a	1	-	250147	250148	255,0,0	1000 0.00 199 1 0 0 0 0 0
chrI	250148	250149	a	1	-	250148	250149	255,0,0	1000 0.00 200 1 0 0 0 0 0
chrI	250149	250150	a	1	-	250149	250150	255,0,0	1000 0.00 0 1 0 0 0 0 0
chrI	250150	250151	a	1	-	250150	250151	255,0,0	1000 0.00 0 1 0 0 0 0 0
chrI	250151	250152	a	1	-	250151	250152	255,0,0	1000 0.00 0 1 0 0 0 0 0
chrI	250152	250153	a	1	-	250152	250153	255,0,0	1000 0.00 0 1 0 0 0 0 0
chrI	250153	250154	a	1	-	250153	250154	255,0,0	1000 0.00 0 1 0 0 0 0 0
chrI	250154	250155	a	1	-	250154	250155	255,0,0	1000 0.00 0 1 0 0 0 0 0
chrI	250155	250156	a	1	-	250155	250156	255,0,0	1000 0.00 0 1 0 0 0 0 0
chrI	250156	250157	a	1	-	250156	250157	255,0,0	1000 0.00 0 1 0 0 0 0 0
chrI	250157	250158	a	1	-	250157	250158	255,0,0	1000 0.00 0 1 0 0 0 0 0
chrI	250158	250159	a	1	-	250158	250159	255,0,0	1000 0.00 0 1 0 0 0 0 0
chrI	250159	250160	a	1	-	250159	250160	255,0,0	1000 0.00 0 1 0 0 0 0 0
chrI	250160	250161	a	1	-	250160	250161	255,0,0	1000 0.00 0 1 0 0 0 0 0
chrI	250161	250162	a	1	-	250161	250162	255,0,0	1000 0.00 0 1 0 0 0 0 0
chrI	250162	250163	a	1	-	250162	250163	255,0,0	1000 0.00 0 1 0 0 0 0 0
chrI	250163	250164	a	1	-	250163	250164	255,0,0	1000 0.00 0 1 0 0 0 0 0
chrI	250164	250165	a	1	-	250164	250165	255,0,0	1000 0.00 0 1 0 0 0 0 0
chrI	250165	250166	a	1	-	250165	250166	255,0,0	1000 0.00 0 1 0 0 0 0 0
chrI	250166	250167	a	1	-	250166	250167	255,0,0	1000 0.00 0 1 0 0 0 0 0
chrI	250167	250168	a	1	-	250167	250168	255,0,0	1000 0.00 0 1 0 0 0 0 0
chrI	250168	250169	a	1	-	250168	250169	255,0,0	1000 0.00 0 1 0 0 0 0 0
chrI	250169	250170	a	1	-	250169	250170	255,0,0	1000 0.00 0 1 0 0 0 0 0
chrI	250170	250171	a	1	-	250170	250171	255,0,0	1000 0.00 0 1 0 0 0 0 0
chrI	250171	250172	a	1	-	250171	250172	255,0,0	1000 0.00 0 1 0 0 0 0 0
chrI	250172	250173	a	1	-	250172	250173	255,0,0	1000 0.00 0 1 0 0 0 0 0
chrI	250173	250174	a	1	-	250173	250174	255,0,0	1000 0.00 0 1 0 0 0 0 0
chrI	250174	250175	a	1	-	250174	250175	255,0,0	1000 0.00 0 1 0 0 0 0 0
chrI	250175	250176	a	1	-	250175	250176	255,0,0	1000 0.00 0 1 0 0 0 0 0
chrI	250176	250177	a	1	-	250176	250177	255,0,0	1000 0.00 0 1 0 0 0 0 0
chrI	250177	250178	a	1	-	250177	250178	255,0,0	1000 0.00 0 1 0 0 0 0 0
chrI	250178	250179	a	1	-	250178	250179	255,0,0	1000 0.00 0 1 0 0 0 0 0
chrI	250179	250180	a	1	-	250179	250180	255,0,0	1000 0.00 0 1 0 0 0 0 0
chrI	250180	250181	a	1	-	250180	250181	255,0,0	1000 0.00 0 1 0 0 0 0 0
chrI	250181	250182	a	1	-	250181	250182	255,0,0	1000 0.00 0 1 0 0 0 0 0
chrI	250182	250183	a	1	-	250182	250183	255,0,0	1000 0.00 0 1 0 0 0 0 0
chrI	250183	250184	a	1	-	250183	250184	255,0,0	1000 0.00 0 1 0 0 0 0 0
chrI	250184	250185	a	1	-	250184	250185	255,0,0	1000 0.00 0 1 0 0 0 0 0
chrI	250185	250186	a	1	-	250185	250186	255,0,0	1000 0.00 0 1 0 0 0 0 0
chrI	250186	250187	a	1	-	250186	250187	255,0,0	1000 0.00 0 1 0 0 0 0 0
chrI	250187	250188	a	1	-	250187	250188	255,0,0	1000 0.00 0 1 0 0 0 0 0
chrI	250188	250189	a	1	-	250188	250189	255,0,0	1000 0.00 0 1 0 0 0 0 0
chrI	250189	250190	a	1	-	250189	250190	255,0,0	1000 0.00 0 1 0 0 0 0 0
chrI	250190	250191	a	1	-	250190	250191	255,0,0	1000 0.00 0 1 0 0 0 0 0
chrI	250191	250192	a	1	-	250191	250192	255,0,0	1000 0.00 0 1 0 0 0 0 0
chrI	250192	250193	a	1	-	250192	250193	255,0,0	1000 0.00 0 1 0 0 0 0 0
chrI	250193	250194	a	1	-	250193	250194	255,0,0	1000 0.00 0 1 0 0 0 0 0
chrI	250194	250195	a	1	-	250194	250195	255,0,0	1000 0.00 0 1 0 0 0 0 0
chrI	250195	250196	a	1	-	250195	250196	255,0,0	1000 0.00 0 1 0 0 0 0 0
chrI	250196	250197	a	1	-	250196	250197	255,0,0	1000 0.00 0 1 0 0 0 0 0
chrI	250197	250198	a	1	-	250197	250198	255,0,0	1000 0.00 0 1 0 0 0 0 0
chrI	250198	250199	a	1	-	250198	250199	255,0,0	1000 0.00 0 1 0 0 0 0 0
chrI	250199	250200	a	1	-	250199	250200	255,0,0	1000 0.00 0 1 0 0 0 0 0
chrI	250200	250201	a	1	-	250200	250201	255,0,0	1000 0.00 0 1 0 0 0 0 0
chrI	250201	250202	a	1	-	250201	250202	255,0,0	1000 0.00 150 1 0 0 0 0 0
chrI	250202	250203	a	1	-	250202	250203	255,0,0	1000 0.00 149 1 0 0 0 0 0
chrI	250203	250204	a	1	-	250203	250204	255,0,0	1000 0.00 148 1 0 0 0 0 0
chrI	250204	250205	a	1	-	250204	250205	255,0,0	1000 0.00 147 1 0 0 0 0 0
chrI	250205	250206	a	1	-	250205	250206	255,0,0	1000 0.00 146 1 0 0 0 0 0
chrI	250206	250207	a	1	-	250206	250207	255,0,0	1000 0.00 145 1 0 0 0 0 0
chrI	250207	250208	a	1	-	250207	250208	255,0,0	1000 0.00 144 1 0 0 0 0 0
chrI	250208	250209	a	1	-	250208	250209	255,0,0	1000 0.00 143 1 0 0 0 0 0
chrI	250209	250210	a	1	-	250209	250210	255,0,0	1000 0.00 142 1 0 0 0 0 0
chrI	250210	250211	a	1	-	250210	250211	255,0,0	1000 0.00 141 1 0 0 0 0 0
chrI	250211	250212	a	1	-	250211	250212	255,0,0	1000 0.00 140 1 0 0 0 0 0
chrI	250212	250213	a	1	-	250212	250213	255,0,0	1000 0.00 139 1 0 0 0 0 0
chrI	250213	250214	a	1	-	250213	250214	255,0,0	1000 0.00 138 1 0 0 0 0 0
chrI	250214	250215	a	1	-	250214	250215	255,0,0	1000 0.00 137 1 0 0 0 0 0
chrI	250215	250216	a	1	-	250215	250216	255,0,0	1000 0.00 136 1 0 0 0 0 0
chrI	250216	250217	a	1	-	250216	250217	255,0,0	1000 0.00 135 1 0 0 0 0 0
chrI	250217	250218	a	1	-	250217	250218	255,0,0	1000 0.00 134 1 0 0 0 0 0
chrI	250218	250219	a	1	-	250218	250219	255,0,0	1000 0.00 133 1 0 0 0 0 0
chrI	250219	250220	a	1	-	250219	250220	255,0,0	1000 0.00 132 1 0 0 0 0 0
chrI	250220	250221	a	1	-	250220	250221	255,0,0	1000 0.00 131 1 0 0 0 0 0
chrI	250221	250222	a	1	-	250221	250222	255,0,0	1000 0.00 130 1 0 0 0 0 0
chrI	250222	250223	a	1	-	250222	250223	255,0,0	1000 0.00 129 1 0 0 0 0 0
chrI	250223	250224	a	1	-	250223	250224	255,0,0	1000 0.00 128 1 0 0 0 0 0
chrI	250224	250225	a	1	-	250224	250225	255,0,0	1000 0.00 127 1 0 0 0 0 0
chrI	250225	250226	a	1	-	250225	250226	255,0,0	1000 0.00 126 1 0 0 0 0 0
chrI	250226	250227	a	1	-	250226	250227	255,0,0	1000 0.00 125 1 0 0 0 0 0
chrI	250227	250228	a	1	-	250227	250228	255,0,0	1000 0.00 124 1 0 0 0 0 0
chrI	250228	250229	a	1	-	250228	250229	255,0,0	1000 0.00 123 1 0 0 0 0 0
chrI	250229	250230	a	1	-	250229	250230	255,0,0	1000 0.00 122 1 0 0 0 0 0
chrI	250230	250231	a	1	-	250230	250231	255,0,0	1000 0.00 121 1 0 0 0 0 0
chrI	250231	250232	a	1	-	250231	250232	255,0,0	1000 0.00 120 1 0 0 0 0 0
chrI	250232	250233	a	1	-	250232	250233	255,0,0	1000 0.00 119 1 0 0 0 0 0
chrI	250233	250234	a	1	-	250233	250234	255,0,0	1000 0.00 118 1 0 0 0 0 0
chrI	250234	250235	a	1	-	250234	250235	255,0,0	1000 0.00 117 1 0 0 0 0 0
chrI	250235	250236	a	1	-	250235	250236	255,0,0	1000 0.00 116 1 0 0 0 0 0
chrI	250236	250237	a	1	-	250236	250237	255,0,0	1000 0.00 115 1 0 0 0 0 0
chrI	250237	250238	a	1	-	250237	250238	255,0,0	1000 0.00 114 1 0 0 0 0 0
chrI	250238	250239	a	1	-	250238	250239	255,0,0	1000 0.00 113 1 0 0 0 0 0
chrI	250239	250240	a	1	-	250239	250240	255,0,0	1000 0.00 112 1 0 0 0 0 0
chrI	250240	250241	a	1	-	250240	250241	255,0,0	1000 0.00 111 1 0 0 0 0 0
chrI	250241	250242	a	1	-	250241	250242	255,0,0	1000 0.00 110 1 0 0 0 0 0
chrI	250242	250243	a	1	-	250242	250243	255,0,0	1000 0.00 109 1 0 0 0 0 0
chrI	250243	250244	a	1	-	250243	250244	255,0,0	1000 0.00 108 1 0 0 0 0 0
chrI	250244	250245	a	1	-	250244	250245	255,0,0	1000 0.00 107 1 0 0 0 0 0
chrI	250245	250246	a	1	-	250245	250246	255,0,0	1000 0.00 106 1 0 0 0 0 0
chrI	250246	250247	a	1	-	250246	250247	255,0,0	1000 0.00 105 1 0 0 0 0 0
chrI	250247	250248	a	1	-	250247	250248	255,0,0	1000 0.00 104 1 0 0 0 0 0
chrI	250248	250249	a	1	-	250248	250249	255,0,0	1000 0.00 103 1 0 0 0 0 0
chrI	250249	250250	a	1	-	250249	250250	255,0,0	1000 0.00 102 1 0 0 0 0 0
chrI	250250	250251	a	1	-	250250	250251	255,0,0	1000 0.00 101 1 0 0 0 0 0
chrI	250251	250252	a	1	-	250251	250252	255,0,0	1000 0.00 100 1 0 0 0 0 0
chrI	250252	250253	a	1	-	250252	250253	255,0,0	1000 0.00 99 1 0 0 0 0 0
chrI	250253	250254	a	1	-	250253	250254	255,0,0	1000 0.00 98 1 0 0 0 0 0
chrI	250254	250255	a	1	-	250254	250255	255,0,0	1000 0.00 97 1 0 0 0 0 0
chrI	250255	250256	a	1	-	250255	250256	255,0,0	1000 0.00 96 1 0 0 0 0 0
chrI	250256	250257	a	1	-	250256	250257	255,0,0	1000 0.00 95 1 0 0 0 0 0
chrI	250257	250258	a	1	-	250257	250258	255,0,0	1000 0.00 94 1 0 0 0 0 0
chrI	250258	250259	a	1	-	250258	250259	255,0,0	1000 0.00 93 1 0 0 0 0 0
chrI	250259	250260	a	1	-	250259	250260	255,0,0	1000 0.00 92 1 0 0 0 0 0
chrI	250260	250261	a	1	-	250260	250261	255,0,0	1000 0.00 91 1 0 0 0 0 0
chrI	250261	250262	a	1	-	250261	250262	255,0,0	1000 0.00 90 1 0 0 0 0 0
chrI	250262	250263	a	1	-	250262	250263	255,0,0	1000 0.00 89 1 0 0 0 0 0
chrI	250263	250264	a	1	-	250263	250264	255,0,0	1000 0.00 88 1 0 0 0 0 0
chrI	250264	250265	a	1	-	250264	250265	255,0,0	1000 0.00 87 1 0 0 0 0 0
chrI	250265	250266	a	1	-	250265	250266	255,0,0	1000 0.00 86 1 0 0 0 0 0
chrI	250266	250267	a	1	-	250266	250267	255,0,0	1000 0.00 85 1 0 0 0 0 0
chrI	250267	250268	a	1	-	250267	250268	255,0,0	1000 0.00 84 1 0 0 0 0 0
chrI	250268	250269	a	1	-	250268	250269	255,0,0	1000 0.00 83 1 0 0 0 0 0
chrI	250269	250270	a	1	-	250269	250270	255,0,0	1000 0.00 82 1 0 0 0 0 0
chrI	250270	250271	a	1	-	250270	250271	255,0,0	1000 0.00 81 1 0 0 0 0 0
chrI	250271	250272	a	1	-	250271	250272	255,0,0	1000 0.00 80 1 0 0 0 0 0
chrI	250272	250273	a	1	-	250272	250273	255,0,0	1000 0.00 79 1 0 0 0 0 0
chrI	250273	250274	a	1	-	250273	250274	255,0,0	1000 0.00 78 1 0 0 0 0 0
chrI	250274	250275	a	1	-	250274	250275	255,0,0	1000 0.00 77 1 0 0 0 0 0
chrI	250275	250276	a	1	-	250275	250276	255,0,0	1000 0.00 78 1 0 0 0 0 0
chrI	250276	250277	a	1	-	250276	250277	255,0,0	1000 0.00 79 1 0 0 0 0 0
chrI	250277	250278	a	1	-	250277	250278	255,0,0	1000 0.00 80 1 0 0 0 0 0
chrI	250278	250279	a	1	-	250278	250279	255,0,0	1000 0.00 81 1 0 0 0 0 0
chrI	250279	250280	a	1	-	250279	250280	255,0,0	1000 0.00 82 1 0 0 0 0 0
chrI	250280	250281	a	1	-	250280	250281	255,0,0	1000 0.00 83 1 0 0 0 0 0
chrI	250281	250282	a	1	-	250281	250282	255,0,0	1000 0.00 84 1 0 0 0 0 0
chrI	250282	250283	a	1	-	250282	250283	255,0,0	1000 0.00 85 1 0 0 0 0 0
chrI	250283	250284	a	1	-	250283	250284	255,0,0	1000 0.00 86 1 0 0 0 0 0
chrI	250284	250285	a	1	-	250284	250285	255,0,0	1000 0.00 87 1 0 0 0 0 0
chrI	250285	250286	a	1	-	250285	250286	255,0,0	1000 0.00 88 1 0 0 0 0 0
chrI	250286	250287	a	1	-	250286	250287	255,0,0	1000 0.00 89 1 0 0 0 0 0
chrI	250287	250288	a	1	-	250287	250288	255,0,0	1000 0.00 90 1 0 0 0 0 0
chrI	250288	250289	a	1	-	250288	250289	255,0,0	1000 0.00 91 1 0 0 0 0 0
chrI	250289	250290	a	1	-	250289	250290	255,0,0	1000 0.00 92 1 0 0 0 0 0
chrI	250290	250291	a	1	-	250290	250291	255,0,0	1000 0.00 93 1 0 0 0 0 0
chrI	250291	250292	a	1	-	250291	250292	255,0,0	1000 0.00 94 1 0 0 0 0 0
chrI	250292	250293	a	1	-	250292	250293	255,0,0	1000 0.00 95 1 0 0 0 0 0
chrI	250293	250294	a	1	-	250293	250294	255,0,0	1000 0.00 96 1 0 0 0 0 0
chrI	250294	250295	a	1	-	250294	250295	255,0,0	1000 0.00 97 1 0 0 0 0 0
chrI	250295	250296	a	1	-	250295	250296	255,0,0	1000 0.00 98 1 0 0 0 0 0
chrI	250296	250297	a	1	-	250296	250297	255,0,0	1000 0.00 99 1 0 0 0 0 0
chrI	250297	250298	a	1	-	250297	250298	255,0,0	1000 0.00 100 1 0 0 0 0 0
chrI	250298	250299	a	1	-	250298	250299	255,0,0	1000 0.00 101 1 0 0 0 0 0
chrI	250299	250300	a	1	-	250299	250300	255,0,0	1000 0.00 102 1 0 0 0 0 0
chrI	250300	250301	a	1	-	250300	250301	255,0,0	1000 0.00 103 1 0 0 0 0 0
chrI	250301	250302	a	1	-	250301	250302	255,0,0	1000 0.00 104 1 0 0 0 0 0
chrI	250302	250303	a	1	-	250302	250303	255,0,0	1000 0.00 105 1 0 0 0 0 0
chrI	250303	250304	a	1	-	250303	250304	255,0,0	1000 0.00 106 1 0 0 0 0 0
chrI	250304	250305	a	1	-	250304	250305	255,0,0	1000 0.00 107 1 0 0 0 0 0
chrI	250305	250306	a	1	-	250305	250306	255,0,0	1000 0.00 108 1 0 0 0 0 0
chrI	250306	250307	a	1	-	250306	250307	255,0,0	1000 0.00 109 1 0 0 0 0 0
chrI	250307	250308	a	1	-	250307	250308	255,0,0	1000 0.00 110 1 0 0 0 0 0
chrI	250308	250309	a	1	-	250308	250309	255,0,0	1000 0.00 111 1 0 0 0 0 0
chrI	250309	250310	a	1	-	250309	250310	255,0,0	1000 0.00 112 1 0 0 0 0 0
chrI	250310	250311	a	1	-	250310	250311	255,0,0	1000 0.00 113 1 0 0 0 0 0
chrI	250311	250312	a	1	-	250311	250312	255,0,0	1000 0.00 114 1 0 0 0 0 0
chrI	250312	250313	a	1	-	250312	250313	255,0,0	1000 0.00 115 1 0 0 0 0 0
chrI	250313	250314	a	1	-	250313	250314	255,0,0	1000 0.00 116 1 0 0 0 0 0
chrI	250314	250315	a	1	-	250314	250315	255,0,0	1000 0.00 117 1 0 0 0 0 0
chrI	250315	250316	a	1	-	250315	250316	255,0,0	1000 0.00 118 1 0 0 0 0 0
chrI	250316	250317	a	1	-	250316	250317	255,0,0	1000 0.00 119 1 0 0 0 0 0
chrI	250317	250318	a	1	-	250317	250318	255,0,0	1000 0.00 120 1 0 0 0 0 0
chrI	250318	250319	a	1	-	250318	250319	255,0,0	1000 0.00 121 1 0 0 0 0 0
chrI	250319	250320	a	1	-	250319	250320	255,0,0	1000 0.00 122 1 0 0 0 0 0
chrI	250320	250321	a	1	-	250320	250321	255,0,0	1000 0.00 123 1 0 0 0 0 0
chrI	250321	250322	a	1	-	250321	250322	255,0,0	1000 0.00 124 1 0 0 0 0 0
chrI	250322	250323	a	1	-	250322	250323	255,0,0	1000 0.00 125 1 0 0 0 0 0
chrI	250323	250324	a	1	-	250323	250324	255,0,0	1000 0.00 126 1 0 0 0 0 0
chrI	250324	250325	a	1	-	250324	250325	255,0,0	1000 0.00 127 1 0 0 0 0 0
chrI	250325	250326	a	1	-	250325	250326	255,0,0	1000 0.00 128 1 0 0 0 0 0
chrI	250326	250327	a	1	-	250326	250327	255,0,0	1000 0.00 129 1 0 0 0 0 0
chrI	250327	250328	a	1	-	250327	250328	255,0,0	1000 0.00 130 1 0 0 0 0 0
chrI	250328	250329	a	1	-	250328	250329	255,0,0	1000 0.00 131 1 0 0 0 0 0
chrI	250329	250330	a	1	-	250329	250330	255,0,0	1000 0.00 132 1 0 0 0 0 0
chrI	250330	250331	a	1	-	250330	250331	255,0,0	1000 0.00 133 1 0 0 0 0 0
chrI	250331	250332	a	1	-	250331	250332	255,0,0	1000 0.00 134 1 0 0 0 0 0
chrI	250332	250333	a	1	-	250332	250333	255,0,0	1000 0.00 135 1 0 0 0 0 0
chrI	250333	250334	a	1	-	250333	250334	255,0,0	1000 0.00 136 1 0 0 0 0 0
chrI	250334	250335	a	1	-	250334	250335	255,0,0	1000 0.00 137 1 0 0 0 0 0
chrI	250335	250336	a	1	-	250335	250336	255,0,0	1000 0.00 138 1 0 0 0 0 0
chrI	250336	250337	a	1	-	250336	250337	255,0,0	1000 0.00 139 1 0 0 0 0 0
chrI	250337	250338	a	1	-	250337	250338	255,0,0	1000 0.00 140 1 0 0 0 0 0
chrI	250338	250339	a	1	-	250338	250339	255,0,0	1000 0.00 141 1 0 0 0 0 0
chrI	250339	250340	a	1	-	250339	250340	255,0,0	1000 0.00 142 1 0 0 0 0 0
chrI	250340	250341	a	1	-	250340	250341	255,0,0	1000 0.00 143 1 0 0 0 0 0
chrI	250341	250342	a	1	-	250341	250342	255,0,0	1000 0.00 144 1 0 0 0 0 0
chrI	250342	250343	a	1	-	250342	250343	255,0,0	1000 0.00 145 1 0 0 0 0 0
chrI	250343	250344	a	1	-	250343	250344	255,0,0	1000 0.00 146 1 0 0 0 0 0
chrI	250344	250345	a	1	-	250344	250345	255,0,0	1000 0.00 147 1 0 0 0 0 0
chrI	250345	250346	a	1	-	250345	250346	255,0,0	1000 0.00 148 1 0 0 0 0 0
chrI	250346	250347	a	1	-	250346	250347	255,0,0	1000 0.00 149 1 0 0 0 0 0
chrI	250347	250348	a	1	-	250347	250348	255,0,0	1000 0.00 150 1 0 0 0 0 0
chrI	250348	250349	a	1	-	250348	250349	255,0,0	1000 0.00 151 1 0 0 0 0 0
chrI	250349	250350	a	1	-	250349	250350	255,0,0	1000 0.00 0 1 0 0 0 0 0
chrI	250350	250351	a	1	-	250350	250351	255,0,0	1000 0.00 0 1 0 0 0 0 0
chrI	250351	250352	a	1	-	250351	250352	255,0,0	1000 0.00 0 1 0 0 0 0 0
chrI	250352	250353	a	1	-	250352	250353	255,0,0	1000 0.00 0 1 0 0 0 0 0
chrI	250353	250354	a	1	-	250353	250354	255,0,0	1000 0.00 0 1 0 0 0 0 0
chrI	250354	250355	a	1	-	250354	250355	255,0,0	1000 0.00 0 1 0 0 0 0 0
chrI	250355	250356	a	1	-	250355	250356	255,0,0	1000 0.00 0 1 0 0 0 0 0
chrI	250356	250357	a	1	-	250356	250357	255,0,0	1000 0.00 0 1 0 0 0 0 0
chrI	250357	250358	a	1	-	250357	250358	255,0,0	1000 0.00 0 1 0 0 0 0 0
chrI	250358	250359	a	1	-	250358	250359	255,0,0	1000 0.00 0 1 0 0 0 0 0
chrI	250359	250360	a	1	-	250359	250360	255,0,0	1000 0.00 0 1 0 0 0 0 0
chrI	250360	250361	a	1	-	250360	250361	255,0,0	1000 0.00 0 1 0 0 0 0 0
chrI	250361	250362	a	1	-	250361	250362	255,0,0	1000 0.00 0 1 0 0 0 0 0
chrI	250362	250363	a	1	-	250362	250363	255,0,0	1000 0.00 0 1 0 0 0 0 0
chrI	250363	250364	a	1	-	250363	250364	255,0,0	1000 0.00 0 1 0 0 0 0 0
chrI	250364	250365	a	1	-	250364	250365	255,0,0	1000 0.00 0 1 0 0 0 0 0
chrI	250365	250366	a	1	-	250365	250366	255,0,0	1000 0.00 0 1 0 0 0 0 0
chrI	250366	250367	a	1	-	250366	250367	255,0,0	1000 0.00 0 1 0 0 0 0 0
chrI	250367	250368	a	1	-	250367	250368	255,0,0	1000 0.00 0 1 0 0 0 0 0
chrI	250368	250369	a	1	-	250368	250369	255,0,0	1000 0.00 0 1 0 0 0 0 0
chrI	250369	250370	a	1	-	250369	250370	255,0,0	1000 0.00 0 1 0 0 0 0 0
chrI	250370	250371	a	1	-	250370	250371	255,0,0	1000 0.00 0 1 0 0 0 0 0
chrI	250371	250372	a	1	-	250371	250372	255,0,0	1000 0.00 0 1 0 0 0 0 0
chrI	250372	250373	a	1	-	250372	250373	255,0,0	1000 0.00 0 1 0 0 0 0 0
chrI	250373	250374	a	1	-	250373	250374	255,0,0	1000 0.00 0 1 0 0 0 0 0
chrI	250374	250375	a	1	-	250374	250375	255,0,0	1000 0.00 0 1 0 0 0 0 0
chrI	250375	250376	a	1	-	250375	250376	255,0,0	1000 0.00 0 1 0 0 0 0 0
chrI	250376	250377	a	1	-	250376	250377	255,0,0	1000 0.00 0 1 0 0 0 0 0
chrI	250377	250378	a	1	-	250377	250378	255,0,0	1000 0.00 0 1 0 0 0 0 0
chrI	250378	250379	a	1	-	250378	250379	255,0,0	1000 0.00 0 1 0 0 0 0 0
chrI	250379	250380	a	1	-	250379	250380	255,0,0	1000 0.00 0 1 0 0 0 0 0
chrI	250380	250381	a	1	-	250380	250381	255,0,0	1000 0.00 0 1 0 0 0 0 0
chrI	250381	250382	a	1	-	250381	250382	255,0,0	1000 0.00 0 1 0 0 0 0 0
chrI	250382	250383	a	1	-	250382	250383	255,0,0	1000 0.00 0 1 0 0 0 0 0
chrI	250383	250384	a	1	-	250383	250384	255,0,0	1000 0.00 0 1 0 0 0 0 0
chrI	250384	250385	a	1	-	250384	250385	255,0,0	1000 0.00 0 1 0 0 0 0 0
chrI	250385	250386	a	1	-	250385	250386	255,0,0	1000 0.00 0 1 0 0 0 0 0
chrI	250386	250387	a	1	-	250386	250387	255,0,0	1000 0.00 0 1 0 0 0 0 0
chrI	250387	250388	a	1	-	250387	250388	255,0,0	1000 0.00 0 1 0 0 0 0 0
chrI	250388	250389	a	1	-	250388	250389	255,0,0	1000 0.00 0 1 0 0 0 0 0
chrI	250389	250390	a	1	-	250389	250390	255,0,0	1000 0.00 0 1 0 0 0 0 0
chrI	250390	250391	a	1	-	250390	250391	255,0,0	1000 0.00 0 1 0 0 0 0 0
chrI	250391	250392	a	1	-	250391	250392	255,0,0	1000 0.00 0 1 0 0 0 0 0
chrI	250392	250393	a	1	-	250392	250393	255,0,0	1000 0.00 0 1 0 0 0 0 0
chrI	250393	250394	a	1	-	250393	250394	255,0,0	1000 0.00 0 1 0 0 0 0 0
chrI	250394	250395	a	1	-	250394	250395	255,0,0	1000 0.00 0 1 0 0 0 0 0
chrI	250395	250396	a	1	-	250395	250396	255,0,0	1000 0.00 0 1 0 0 0 0 0
chrI	250396	250397	a	1	-	250396	250397	255,0,0	1000 0.00 0 1 0 0 0 0 0
chrI	250397	250398	a	1	-	250397	250398	255,0,0	1000 0.00 0 1 0 0 0 0 0
chrI	250398	250399	a	1	-	250398	250399	255,0,0	1000 0.00 0 1 0 0 0 0 0
chrI	250399	250400	a	1	-	250399	250400	255,0,0	1000 0.00 0 1 0 0 0 0 0
chrI	250400	250401	a	1	-	250400	250401	255,0,0	1000 0.00 0 1 0 0 0 0 0
chrI	250401	250402	a	1	-	250401	250402	255,0,0	1000 0.00 0 1 0 0 0 0 0
chrI	250402	250403	a	1	-	250402	250403	255,0,0	1000 0.00 0 1 0 0 0 0 0
chrI	250403	250404	a	1	-	250403	250404	255,0,0	1000 0.00 0 1 0 0 0 0 0
chrI	250404	250405	a	1	-	250404	250405	255,0,0	1000 0.00 0 1 0 0 0 0 0
chrI	250405	250406	a	1	-	250405	250406	255,0,0	1000 0.00 0 1 0 0 0 0 0
chrI	250406	250407	a	1	-	250406	250407	255,0,0	1000 0.00 0 1 0 0 0 0 0
chrI	250407	250408	a	1	-	250407	250408	255,0,0	1000 0.00 0 1 0 0 0 0 0
chrI	250408	250409	a	1	-	250408	250409	255,0,0	1000 0.00 0 1 0 0 0 0 0
chrI	250409	250410	a	1	-	250409	250410	255,0,0	1000 0.00 0 1 0 0 0 0 0
chrI	250410	250411	a	1	-	250410	250411	255,0,0	1000 0.00 0 1 0 0 0 0 0
chrI	250411	250412	a	1	-	250411	250412	255,0,0	1000 0.00 0 1 0 0 0 0 0
chrI	250412	250413	a	1	-	250412	250413	255,0,0	1000 0.00 0 1 0 0 0 0 0
chrI	250413	250414	a	1	-	250413	250414	255,0,0	1000 0.00 0 1 0 0 0 0 0
chrI	250414	250415	a	1	-	250414	250415	255,0,0	1000 0.00 0 1 0 0 0 0 0
chrI	250415	250416	a	1	-	250415	250416	255,0,0	1000 0.00 0 1 0 0 0 0 0
chrI	250416	250417	a	1	-	250416	250417	255,0,0	1000 0.00 0 1 0 0 0 0 0
chrI	250417	250418	a	1	-	250417	250418	255,0,0	1000 0.00 0 1 0 0 0 0 0
chrI	250418	250419	a	1	-	250418	250419	255,0,0	1000 0.00 0 1 0 0 0 0 0
chrI	250419	250420	a	1	-	250419	250420	255,0,0	1000 0.00 0 1 0 0 0 0 0
chrI	250420	250421	a	1	-	250420	250421	255,0,0	1000 0.00 0 1 0 0 0 0 0
chrI	250421	250422	a	1	-	250421	250422	255,0,0	1000 0.00 0 1 0 0 0 0 0
chrI	250422	250423	a	1	-	250422	250423	255,0,0	1000 0.00 0 1 0 0 0 0 0
chrI	250423	250424	a	1	-	250423	250424	255,0,0	1000 0.00 0 1 0 0 0 0 0
chrI	250424	250425	a	1	-	250424	250425	255,0,0	1000 0.00 0 1 0 0 0 0 0
chrI	250425	250426	a	1	-	250425	250426	255,0,0	1000 0.00 0 1 0 0 0 0 0
chrI	250426	250427	a	1	-	250426	250427	255,0,0	1000 0.00 0 1 0 0 0 0 0
chrI	250427	250428	a	1	-	250427	250428	255,0,0	1000 0.00 0 1 0 0 0 0 0
chrI	250428	250429	a	1	-	250428	250429	255,0,0	1000 0.00 0 1 0 0 0 0 0
chrI	250429	250430	a	1	-	250429	250430	255,0,0	1000 0.00 0 1 0 0 0 0 0
chrI	250430	250431	a	1	-	250430	250431	255,0,0	1000 0.00 0 1 0 0 0 0 0
chrI	250431	250432	a	1	-	250431	250432	255,0,0	1000 0.00 0 1 0 0 0 0 0
chrI	250432	250433	a	1	-	250432	250433	255,0,0	1000 0.00 0 1 0 0 0 0 0
chrI	250433	250434	a	1	-	250433	250434	255,0,0	1000 0.00 0 1 0 0 0 0 0
chrI	250434	250435	a	1	-	250434	250435	255,0,0	1000 0.00 0 1 0 0 0 0 0
chrI	250435	250436	a	1	-	250435	250436	255,0,0	1000 0.00 0 1 0 0 0 0 0
chrI	250436	250437	a	1	-	250436	250437	255,0,0	1000 0.00 0 1 0 0 0 0 0
chrI	250437	250438	a	1	-	250437	250438	255,0,0	1000 0.00 0 1 0 0 0 0 0
chrI	250438	250439	a	1	-	250438	250439	255,0,0	1000 0.00 0 1 0 0 0 0 0
chrI	250439	250440	a	1	-	250439	250440	255,0,0	1000 0.00 0 1 0 0 0 0 0
chrI	250440	250441	a	1	-	250440	250441	255,0,0	1000 0.00 0 1 0 0 0 0 0
chrI	250441	250442	a	1	-	250441	250442	255,0,0	1000 0.00 0 1 0 0 0 0 0
chrI	250442	250443	a	1	-	250442	250443	255,0,0	1000 0.00 0 1 0 0 0 0 0
chrI	250443	250444	a	1	-	250443	250444	255,0,0	1000 0.00 0 1 0 0 0 0 0
chrI	250444	250445	a	1	-	250444	250445	255,0,0	1000 0.00 0 1 0 0 0 0 0
chrI	250445	250446	a	1	-	250445	250446	255,0,0	1000 0.00 0 1 0 0 0 0 0
chrI	250446	250447	a	1	-	250446	250447	255,0,0	1000 0.00 0 1 0 0 0 0 0
chrI	250447	250448	a	1	-	250447	250448	255,0,0	1000 0.00 0 1 0 0 0 0 0
chrI	250448	250449	a	1	-	250448	250449	255,0,0	1000 0.00 0 1 0 0 0 0 0
chrI	250449	250450	a	1	-	250449	250450	255,0,0	1000 0.00 0 1 0 0 0 0 0
chrI	250450	250451	a	1	-	250450	250451	255,0,0	1000 0.00 0 1 0 0 0 0 0
chrI	250451	250452	a	1	-	250451	250452	255,0,0	1000 0.00 0 1 0 0 0 0 0
chrI	250452	250453	a	1	-	250452	250453	255,0,0	1000 0.00 0 1 0 0 0 0 0
chrI	250453	250454	a	1	-	250453	250454	255,0,0	1000 0.00 0 1 0 0 0 0 0
chrI	250454	250455	a	1	-	250454	250455	255,0,0	1000 0.00 0 1 0 0 0 0 0
chrI	250455	250456	a	1	-	250455	250456	255,0,0	1000 0.00 0 1 0 0 0 0 0
chrI	250456	250457	a	1	-	250456	250457	255,0,0	1000 0.00 0 1 0 0 0 0 0
chrI	250457	250458	a	1	-	250457	250458	255,0,0	1000 0.00 0 1 0 0 0 0 0
chrI	250458	250459	a	1	-	250458	250459	255,0,0	1000 0.00 0 1 0 0 0 0 0
chrI	250459	250460	a	1	-	250459	250460	255,0,0	1000 0.00 0 1 0 0 0 0 0
chrI	250460	250461	a	1	-	250460	250461	255,0,0	1000 0.00 0 1 0 0 0 0 0
chrI	250461	250462	a	1	-	250461	250462	255,0,0	1000 0.00 0 1 0 0 0 0 0
chrI	250462	250463	a	1	-	250462	250463	255,0,0	1000 0.00 0 1 0 0 0 0 0
chrI	250463	250464	a	1	-	250463	250464	255,0,0	1000 0.00 0 1 0 0 0 0 0
chrI	250464	250465	a	1	-	250464	250465	255,0,0	1000 0.00 0 1 0 0 0 0 0
chrI	250465	250466	a	1	-	250465	250466	255,0,0	1000 0.00 0 1 0 0 0 0 0
chrI	250466	250467	a	1	-	250466	250467	255,0,0	1000 0.00 0 1 0 0 0 0 0
chrI	250467	250468	a	1	-	250467	250468	255,0,0	1000 0.00 0 1 0 0 0 0 0
chrI	250468	250469	a	1	-	250468	250469	255,0,0	1000 0.00 0 1 0 0 0 0 0
chrI	250469	250470	a	1	-	250469	250470	255,0,0	1000 0.00 0 1 0 0 0 0 0
chrI	250470	250471	a	1	-	250470	250471	255,0,0	1000 0.00 0 1 0 0 0 0 0
chrI	250471	250472	a	1	-	250471	250472	255,0,0	1000 0.00 0 1 0 0 0 0 0
chrI	250472	250473	a	1	-	250472	250473	255,0,0	1000 0.00 0 1 0 0 0 0 0
chrI	250473	250474	a	1	-	250473	250474	255,0,0	1000 0.00 0 1 0 0 0 0 0
chrI	250474	250475	a	1	-	250474	250475	255,0,0	1000 0.00 0 1 0 0 0 0 0
chrI	250475	250476	a	1	-	250475	250476	255,0,0	1000 0.00 0 1 0 0 0 0 0
chrI	250476	250477	a	1	-	250476	250477	255,0,0	1000 0.00 0 1 0 0 0 0 0
chrI	250477	250478	a	1	-	250477	250478	255,0,0	1000 0.00 0 1 0 0 0 0 0
chrI	250478	250479	a	1	-	250478	250479	255,0,0	1000 0.00 0 1 0 0 0 0 0
chrI	250479	250480	a	1	-	250479	250480	255,0,0	1000 0.00 0 1 0 0 0 0 0
chrI	250480	250481	a	1	-	250480	250481	255,0,0	1000 0.00 0 1 0 0 0 0 0
chrI	250481	250482	a	1	-	250481	250482	255,0,0	1000 0.00 0 1 0 0 0 0 0
chrI	250482	250483	a	1	-	250482	250483	255,0,0	1000 0.00 0 1 0 0 0 0 0
chrI	250483	250484	a	1	-	250483	250484	255,0,0	1000 0.00 0 1 0 0 0 0 0
chrI	250484	250485	a	1	-	250484	250485	255,0,0	1000 0.00 0 1 0 0 0 0 0
chrI	250485	250486	a	1	-	250485	250486	255,0,0	1000 0.00 0 1 0 0 0 0 0
chrI	250486	250487	a	1	-	250486	250487	255,0,0	1000 0.00 0 1 0 0 0 0 0
chrI	250487	250488	a	1	-	250487	250488	255,0,0	1000 0.00 0 1 0 0 0 0 0
chrI	250488	250489	a	1	-	250488	250489	255,0,0	1000 0.00 0 1 0 0 0 0 0
chrI	250489	250490	a	1	-	250489	250490	255,0,0	1000 0.00 0 1 0 0 0 0 0
chrI	250490	250491	a	1	-	250490	250491	255,0,0	1000 0.00 0 1 0 0 0 0 0
chrI	250491	250492	a	1	-	250491	250492	255,0,0	1000 0.00 0 1 0 0 0 0 0
chrI	250492	250493	a	1	-	250492	250493	255,0,0	1000 0.00 0 1 0 0 0 0 0
chrI	250493	250494	a	1	-	250493	250494	255,0,0	1000 0.00 0 1 0 0 0 0 0
chrI	250494	250495	a	1	-	250494	250495	255,0,0	1000 0.00 0 1 0 0 0 0 0
chrI	250495	250496	a	1	-	250495	250496	255,0,0	1000 0.00 0 1 0 0 0 0 0
chrI	250496	250497	a	1	-	250496	250497	255,0,0	1000 0.00 0 1 0 0 0 0 0
chrI	250497	250498	a	1	-	250497	250498	255,0,0	1000 0.00 0 1 0 0 0 0 0
chrI	250498	250499	a	1	-	250498	250499	255,0,0	1000 0.00 0 1 0 0 0 0 0
chrI	250499	250500	a	1	-	250499	250500	255,0,0	1000 0.00 0 1 0 0 0 0 0
chrI	250500	250501	a	1	-	250500	250501	255,0,0	1000 0.00 0 1 0 0 0 0 0
chrI	250501	250502	a	1	-	250501	250502	255,0,0	1000 0.00 0 1 0 0 0 0 0
chrI	250502	250503	a	1	-	250502	250503	255,0,0	1000 0.00 0 1 0 0 0 0 0
chrI	250503	250504	a	1	-	250503	250504	255,0,0	1000 0.00 0 1 0 0 0 0 0
chrI	250504	250505	a	1	-	250504	250505	255,0,0	1000 0.00 0 1 0 0 0 0 0
chrI	250505	250506	a	1	-	250505	250506	255,0,0	1000 0.00 0 1 0 0 0 0 0
chrI	250506	250507	a	1	-	250506	250507	255,0,0	1000 0.00 0 1 0 0 0 0 0
chrI	250507	250508	a	1	-	250507	250508	255,0,0	1000 0.00 0 1 0 0 0 0 0
chrI	250508	250509	a	1	-	250508	250509	255,0,0	1000 0.00 0 1 0 0 0 0 0
chrI	250509	250510	a	1	-	250509	250510	255,0,0	1000 0.00 0 1 0 0 0 0 0
chrI	250510	250511	a	1	-	250510	250511	255,0,0	1000 0.00 0 1 0 0 0 0 0
chrI	250511	250512	a	1	-	250511	250512	255,0,0	1000 0.00 0 1 0 0 0 0 0
chrI	250512	250513	a	1	-	250512	250513	255,0,0	1000 0.00 0 1 0 0 0 0 0
chrI	250513	250514	a	1	-	250513	250514	255,0,0	1000 0.00 0 1 0 0 0 0 0
chrI	250514	250515	a	1	-	250514	250515	255,0,0	1000 0.00 0 1 0 0 0 0 0
chrI	250515	250516	a	1	-	250515	250516	255,0,0	1000 0.00 0 1 0 0 0 0 0
chrI	250516	250517	a	1	-	250516	250517	255,0,0	1000 0.00 0 1 0 0 0 0 0
chrI	250517	250518	a	1	-	250517	250518	255,0,0	1000 0.00 0 1 0 0 0 0 0
chrI	250518	250519	a	1	-	250518	250519	255,0,0	1000 0.00 0 1 0 0 0 0 0
chrI	250519	250520	a	1	-	250519	250520	255,0,0	1000 0.00 0 1 0 0 0 0 0
chrI	250520	250521	a	1	-	250520	250521	255,0,0	1000 0.00 0 1 0 0 0 0 0
chrI	250521	250522	a	1	-	250521	250522	255,0,0	1000 0.00 0 1 0 0 0 0 0
chrI	250522	250523	a	1	-	250522	250523	255,0,0	1000 0.00 0 1 0 0 0 0 0
chrI	250523	250524	a	1	-	250523	250524	255,0,0	1000 0.00 0 1 0 0 0 0 0
chrI	250524	250525	a	1	-	250524	250525	255,0,0	1000 0.00 0 1 0 0 0 0 0
chrI	250525	250526	a	1	-	250525	250526	255,0,0	1000 0.00 0 1 0 0 0 0 0
chrI	250526	250527	a	1	-	250526	250527	255,0,0	1000 0.00 0 1 0 0 0 0 0
chrI	250527	250528	a	1	-	250527	250528	255,0,0	1000 0.00 0 1 0 0 0 0 0
chrI	250528	250529	a	1	-	250528	250529	255,0,0	1000 0.00 0 1 0 0 0 0 0
chrI	250529	250530	a	1	-	250529	250530	255,0,0	1000 0.00 0 1 0 0 0 0 0
chrI	250530	250531	a	1	-	250530	250531	255,0,0	1000 0.00 0 1 0 0 0 0 0
chrI	250531	250532	a	1	-	250531	250532	255,0,0	1000 0.00 0 1 0 0 0 0 0
chrI	250532	250533	a	1	-	250532	250533	255,0,0	1000 0.00 0 1 0 0 0 0 0
chrI	250533	250534	a	1	-	250533	250534	255,0,0	1000 0.00 0 1 0 0 0 0 0
chrI	250534	250535	a	1	-	250534	250535	255,0,0	1000 0.00 0 1 0 0 0 0 0
chrI	250535	250536	a	1	-	250535	250536	255,0,0	1000 0.00 0 1 0 0 0 0 0
chrI	250536	250537	a	1	-	250536	250537	255,0,0	1000 0.00 0 1 0 0 0 0 0
chrI	250537	250538	a	1	-	250537	250538	255,0,0	1000 0.00 0 1 0 0 0 0 0
chrI	250538	250539	a	1	-	250538	250539	255,0,0	1000 0.00 0 1 0 0 0 0 0
chrI	250539	250540	a	1	-	250539	250540	255,0,0	1000 0.00 0 1 0 0 0 0 0
chrI	250540	250541	a	1	-	250540	250541	255,0,0	1000 0.00 0 1 0 0 0 0 0
chrI	250541	250542	a	1	-	250541	250542	255,0,0	1000 0.00 0 1 0 0 0 0 0
chrI	250542	250543	a	1	-	250542	250543	255,0,0	1000 0.00 0 1 0 0 0 0 0
chrI	250543	250544	a	1	-	250543	250544	255,0,0	1000 0.00 0 1 0 0 0 0 0
chrI	250544	250545	a	1	-	250544	250545	255,0,0	1000 0.00 0 1 0 0 0 0 0
chrI	250545	250546	a	1	-	250545	250546	255,0,0	1000 0.00 0 1 0 0 0 0 0
chrI	250546	250547	a	1	-	250546	250547	255,0,0	1000 0.00 0 1 0 0 0 0 0
chrI	250547	250548	a	1	-	250547	250548	255,0,0	1000 0.00 0 1 0 0 0 0 0
chrI	250548	250549	a	1	-	250548	250549	255,0,0	1000 0.00 0 1 0 0 0 0 0
chrI	250549	250550	a	1	-	250549	250550	255,0,0	1000 0.00 0 1 0 0 0 0 0
chrI	250550	250551	a	1	-	250550	250551	255,0,0	1000 0.00 0 1 0 0 0 0 0
chrI	250551	250552	a	1	-	250551	250552	255,0,0	1000 0.00 0 1 0 0 0 0 0
chrI	250552	250553	a	1	-	250552	250553	255,0,0	1000 0.00 0 1 0 0 0 0 0
chrI	250553	250554	a	1	-	250553	250554	255,0,0	1000 0.00 0 1 0 0 0 0 0
chrI	250554	250555	a	1	-	250554	250555	255,0,0	1000 0.00 0 1 0 0 0 0 0
chrI	250555	250556	a	1	-	250555	250556	255,0,0	1000 0.00 0 1 0 0 0 0 0
chrI	250556	250557	a	1	-	250556	250557	255,0,0	1000 0.00 0 1 0 0 0 0 0
chrI	250557	250558	a	1	-	250557	250558	255,0,0	1000 0.00 0 1 0 0 0 0 0
chrI	250558	250559	a	1	-	250558	250559	255,0,0	1000 0.00 0 1 0 0 0 0 0
chrI	250559	250560	a	1	-	250559	250560	255,0,0	1000 0.00 0 1 0 0 0 0 0
chrI	250560	250561	a	1	-	250560	250561	255,0,0	1000 0.00 0 1 0 0 0 0 0
chrI	250561	250562	a	1	-	250561	250562	255,0,0	1000 0.00 0 1 0 0 0 0 0
chrI	250562	250563	a	1	-	250562	250563	255,0,0	1000 0.00 0 1 0 0 0 0 0
chrI	250563	250564	a	1	-	250563	250564	255,0,0	1000 0.00 0 1 0 0 0 0 0
chrI	250564	250565	a	1	-	250564	250565	255,0,0	1000 0.00 0 1 0 0 0 0 0
chrI	250565	250566	a	1	-	250565	250566	255,0,0	1000 0.00 0 1 0 0 0 0 0
chrI	250566	250567	a	1	-	250566	250567	255,0,0	1000 0.00 0 1 0 0 0 0 0
chrI	250567	250568	a	1	-	250567	250568	255,0,0	1000 0.00 0 1 0 0 0 0 0
chrI	250568	250569	a	1	-	250568	250569	255,0,0	1000 0.00 0 1 0 0 0 0 0
chrI	250569	250570	a	1	-	250569	250570	255,0,0	1000 0.00 0 1 0 0 0 0 0
chrI	250570	250571	a	1	-	250570	250571	255,0,0	1000 0.00 0 1 0 0 0 0 0
chrI	250571	250572	a	1	-	250571	250572	255,0,0	1000 0.00 0 1 0 0 0 0 0
chrI	250572	250573	a	1	-	250572	250573	255,0,0	1000 0.00 0 1 0 0 0 0 0
chrI	250573	250574	a	1	-	250573	250574	255,0,0	1000 0.00 0 1 0 0 0 0 0
chrI	250574	250575	a	1	-	250574	250575	255,0,0	1000 0.00 0 1 0 0 0 0 0
chrI	250575	250576	a	1	-	250575	250576	255,0,0	1000 0.00 0 1 0 0 0 0 0
chrI	250576	250577	a	1	-	250576	250577	255,0,0	1000 0.00 0 1 0 0 0 0 0
chrI	250577	250578	a	1	-	250577	250578	255,0,0	1000 0.00 0 1 0 0 0 0 0
chrI	250578	250579	a	1	-	250578	250579	255,0,0	1000 0.00 0 1 0 0 0 0 0
chrI	250579	250580	a	1	-	250579	250580	255,0,0	1000 0.00 0 1 0 0 0 0 0
chrI	250580	250581	a	1	-	250580	250581	255,0,0	1000 0.00 0 1 0 0 0 0 0
chrI	250581	250582	a	1	-	250581	250582	255,0,0	1000 0.00 0 1 0 0 0 0 0
chrI	250582	250583	a	1	-	250582	250583	255,0,0	1000 0.00 0 1 0 0 0 0 0
chrI	250583	250584	a	1	-	250583	250584	255,0,0	1000 0.00 0 1 0 0 0 0 0
chrI	250584	250585	a	1	-	250584	250585	255,0,0	1000 0.00 0 1 0 0 0 0 0
chrI	250585	250586	a	1	-	250585	250586	255,0,0	1000 0.00 0 1 0 0 0 0 0
chrI	250586	250587	a	1	-	250586	250587	255,0,0	1000 0.00 0 1 0 0 0 0 0
chrI	250587	250588	a	1	-	250587	250588	255,0,0	1000 0.00 0 1 0 0 0 0 0
chrI	250588	250589	a	1	-	250588	250589	255,0,0	1000 0.00 0 1 0 0 0 0 0
chrI	250589	250590	a	1	-	250589	250590	255,0,0	1000 0.00 0 1 0 0 0 0 0
chrI	250590	250591	a	1	-	250590	250591	255,0,0	1000 0.00 0 1 0 0 0 0 0
chrI	250591	250592	a	1	-	250591	250592	255,0,0	1000 0.00 0 1 0 0 0 0 0
chrI	250592	250593	a	1	-	250592	250593	255,0,0	1000 0.00 0 1 0 0 0 0 0
chrI	250593	250594	a	1	-	250593	250594	255,0,0	1000 0.00 0 1 0 0 0 0 0
chrI	250594	250595	a	1	-	250594	250595	255,0,0	1000 0.00 0 1 0 0 0 0 0
chrI	250595	250596	a	1	-	250595	250596	255,0,0	1000 0.00 0 1 0 0 0 0 0
chrI	250596	250597	a	1	-	250596	250597	255,0,0	1000 0.00 0 1 0 0 0 0 0
chrI	250597	250598	a	1	-	250597	250598	255,0,0	1000 0.00 0 1 0 0 0 0 0
chrI	250598	250599	a	1	-	250598	250599	255,0,0	1000 0.00 0 1 0 0 0 0 0
chrI	250599	250600	a	1	-	250599	250600	255,0,0	1000 0.00 0 1 0 0 0 0 0
chrI	250600	250601	a	1	-	250600	250601	255,0,0	1000 0.00 0 1 0 0 0 0 0
chrI	250601	250602	a	1	-	250601	250602	255,0,0	1000 0.00 0 1 0 0 0 0 0
chrI	250602	250603	a	1	-	250602	250603	255,0,0	1000 0.00 0 1 0 0 0 0 0
chrI	250603	250604	a	1	-	250603	250604	255,0,0	1000 0.00 0 1 0 0 0 0 0
chrI	250604	250605	a	1	-	250604	250605	255,0,0	1000 0.00 0 1 0 0 0 0 0
chrI	250605	250606	a	1	-	250605	250606	255,0,0	1000 0.00 0 1 0 0 0 0 0
chrI	250606	250607	a	1	-	250606	250607	255,0,0	1000 0.00 0 1 0 0 0 0 0
chrI	250607	250608	a	1	-	250607	250608	255,0,0	1000 0.00 0 1 0 0 0 0 0
chrI	250608	250609	a	1	-	250608	250609	255,0,0	1000 0.00 0 1 0 0 0 0 0
chrI	250609	250610	a	1	-	250609	250610	255,0,0	1000 0.00 0 1 0 0 0 0 0
chrI	250610	250611	a	1	-	250610	250611	255,0,0	1000 0.00 0 1 0 0 0 0 0
chrI	250611	250612	a	1	-	250611	250612	255,0,0	1000 0.00 0 1 0 0 0 0 0
chrI	250612	250613	a	1	-	250612	250613	255,0,0	1000 0.00 0 1 0 0 0 0 0
chrI	250613	250614	a	1	-	250613	250614	255,0,0	1000 0.00 0 1 0 0 0 0 0
chrI	250614	250615	a	1	-	250614	250615	255,0,0	1000 0.00 0 1 0 0 0 0 0
chrI	250615	250616	a	1	-	250615	250616	255,0,0	1000 0.00 0 1 0 0 0 0 0
chrI	250616	250617	a	1	-	250616	250617	255,0,0	1000 0.00 0 1 0 0 0 0 0
chrI	250617	250618	a	1	-	250617	250618	255,0,0	1000 0.00 0 1 0 0 0 0 0
chrI	250618	250619	a	1	-	250618	250619	255,0,0	1000 0.00 0 1 0 0 0 0 0
chrI	250619	250620	a	1	-	250619	250620	255,0,0	1000 0.00 0 1 0 0 0 0 0
chrI	250620	250621	a	1	-	250620	250621	255,0,0	1000 0.00 0 1 0 0 0 0 0
chrI	250621	250622	a	1	-	250621	250622	255,0,0	1000 0.00 0 1 0 0 0 0 0
chrI	250622	250623	a	1	-	250622	250623	255,0,0	1000 0.00 0 1 0 0 0 0 0
chrI	250623	250624	a	1	-	250623	250624	255,0,0	1000 0.00 0 1 0 0 0 0 0
chrI	250624	250625	a	1	-	250624	250625	255,0,0	1000 0.00 0 1 0 0 0 0 0
chrI	250625	250626	a	1	-	250625	250626	255,0,0	1000 0.00 0 1 0 0 0 0 0
chrI	250626	250627	a	1	-	250626	250627	255,0,0	1000 0.00 0 1 0 0 0 0 0
chrI	250627	250628	a	1	-	250627	250628	255,0,0	1000 0.00 0 1 0 0 0 0 0
chrI	250628	250629	a	1	-	250628	250629	255,0,0	1000 0.00 0 1 0 0 0 0 0
chrI	250629	250630	a	1	-	250629	250630	255,0,0	1000 0.00 0 1 0 0 0 0 0
chrI	250630	250631	a	1	-	250630	250631	255,0,0	1000 0.00 0 1 0 0 0 0 0
chrI	250631	250632	a	1	-	250631	250632	255,0,0	1000 0.00 0 1 0 0 0 0 0
chrI	250632	250633	a	1	-	250632	250633	255,0,0	1000 0.00 0 1 0 0 0 0 0
chrI	250633	250634	a	1	-	250633	250634	255,0,0	1000 0.00 0 1 0 0 0 0 0
chrI	250634	250635	a	1	-	250634	250635	255,0,0	1000 0.00 0 1 0 0 0 0 0
chrI	250635	250636	a	1	-	250635	250636	255,0,0	1000 0.00 0 1 0 0 0 0 0
chrI	250636	250637	a	1	-	250636	250637	255,0,0	1000 0.00 0 1 0 0 0 0 0
chrI	250637	250638	a	1	-	250637	250638	255,0,0	1000 0.00 0 1 0 0 0 0 0
chrI	250638	250639	a	1	-	250638	250639	255,0,0	1000 0.00 0 1 0 0 0 0 0
chrI	250639	250640	a	1	-	250639	250640	255,0,0	1000 0.00 0 1 0 0 0 0 0
chrI	250640	250641	a	1	-	250640	250641	255,0,0	1000 0.00 0 1 0 0 0 0 0
chrI	250641	250642	a	1	-	250641	250642	255,0,0	1000 0.00 0 1 0 0 0 0 0
chrI	250642	250643	a	1	-	250642	250643	255,0,0	1000 0.00 0 1 0 0 0 0 0
chrI	250643	250644	a	1	-	250643	250644	255,0,0	1000 0.00 0 1 0 0 0 0 0
chrI	250644	250645	a	1	-	250644	250645	255,0,0	1000 0.00 0 1 0 0 0 0 0
chrI	250645	250646	a	1	-	250645	250646	255,0,0	1000 0.00 0 1 0 0 0 0 0
chrI	250646	250647	a	1	-	250646	250647	255,0,0	1000 0.00 0 1 0 0 0 0 0
chrI	250647	250648	a	1	-	250647	250648	255,0,0	1000 0.00 0 1 0 0 0 0 0
chrI	250648	250649	a	1	-	250648	250649	255,0,0	1000 0.00 0 1 0 0 0 0 0
chrI	250649	250650	a	1	-	250649	250650	255,0,0	1000 0.00 0 1 0 0 0 0 0
chrI	250650	250651	a	1	-	250650	250651	255,0,0	1000 0.00 0 1 0 0 0 0 0
chrI	250651	250652	a	1	-	250651	250652	255,0,0	1000 0.00 0 1 0 0 0 0 0
chrI	250652	250653	a	1	-	250652	250653	255,0,0	1000 0.00 0 1 0 0 0 0 0
chrI	250653	250654	a	1	-	250653	250654	255,0,0	1000 0.00 0 1 0 0 0 0 0
chrI	250654	250655	a	1	-	250654	250655	255,0,0	1000 0.00 0 1 0 0 0 0 0
chrI	250655	250656	a	1	-	250655	250656	255,0,0	1000 0.00 0 1 0 0 0 0 0
chrI	250656	250657	a	1	-	250656	250657	255,0,0	1000 0.00 0 1 0 0 0 0 0
chrI	250657	250658	a	1	-	250657	250658	255,0,0	1000 0.00 0 1 0 0 0 0 0
chrI	250658	250659	a	1	-	250658	250659	255,0,0	1000 0.00 0 1 0 0 0 0 0
chrI	250659	250660	a	1	-	250659	250660	255,0,0	1000 0.00 0 1 0 0 0 0 0
chrI	250660	250661	a	1	-	250660	250661	255,0,0	1000 0.00 0 1 0 0 0 0 0
chrI	250661	250662	a	1	-	250661	250662	255,0,0	1000 0.00 0 1 0 0 0 0 0
chrI	250662	250663	a	1	-	250662	250663	255,0,0	1000 0.00 0 1 0 0 0 0 0
chrI	250663	250664	a	1	-	250663	250664	255,0,0	1000 0.00 0 1 0 0 0 0 0
chrI	250664	250665	a	1	-	250664	250665	255,0,0	1000 0.00 0 1 0 0 0 0 0
chrI	250665	250666	a	1	-	250665	250666	255,0,0	1000 0.00 0 1 0 0 0 0 0
chrI	250666	250667	a	1	-	250666	250667	255,0,0	1000 0.00 0 1 0 0 0 0 0
chrI	250667	250668	a	1	-	250667	250668	255,0,0	1000 0.00 0 1 0 0 0 0 0
chrI	250668	250669	a	1	-	250668	250669	255,0,0	1000 0.00 0 1 0 0 0 0 0
chrI	250669	250670	a	1	-	250669	250670	255,0,0	1000 0.00 0 1 0 0 0 0 0
chrI	250670	250671	a	1	-	250670	250671	255,0,0	1000 0.00 0 1 0 0 0 0 0
chrI	250671	250672	a	1	-	250671	250672	255,0,0	1000 0.00 0 1 0 0 0 0 0
chrI	250672	250673	a	1	-	250672	250673	255,0,0	1000 0.00 0 1 0 0 0 0 0
chrI	250673	250674	a	1	-	250673	250674	255,0,0	1000 0.00 0 1 0 0 0 0 0
chrI	250674	250675	a	1	-	250674	250675	255,0,0	1000 0.00 0 1 0 0 0 0 0
chrI	250675	250676	a	1	-	250675	250676	255,0,0	1000 0.00 0 1 0 0 0 0 0
chrI	250676	250677	a	1	-	250676	250677	255,0,0	1000 0.00 0 1 0 0 0 0 0
chrI	250677	250678	a	1	-	250677	250678	255,0,0	1000 0.00 0 1 0 0 0 0 0
chrI	250678	250679	a	1	-	250678	250679	255,0,0	1000 0.00 0 1 0 0 0 0 0
chrI	250679	250680	a	1	-	250679	250680	255,0,0	1000 0.00 0 1 0 0 0 0 0
chrI	250680	250681	a	1	-	250680	250681	255,0,0	1000 0.00 0 1 0 0 0 0 0
chrI	250681	250682	a	1	-	250681	250682	255,0,0	1000 0.00 0 1 0 0 0 0 0
chrI	250682	250683	a	1	-	250682	250683	255,0,0	1000 0.00 0 1 0 0 0 0 0
chrI	250683	250684	a	1	-	250683	250684	255,0,0	1000 0.00 0 1 0 0 0 0 0
chrI	250684	250685	a	1	-	250684	250685	255,0,0	1000 0.00 0 1 0 0 0 0 0
chrI	250685	250686	a	1	-	250685	250686	255,0,0	1000 0.00 0 1 0 0 0 0 0
chrI	250686	250687	a	1	-	250686	250687	255,0,0	1000 0.00 0 1 0 0 0 0 0
chrI	250687	250688	a	1	-	250687	250688	255,0,0	1000 0.00 0 1 0 0 0 0 0
chrI	250688	250689	a	1	-	250688	250689	255,0,0	1000 0.00 0 1 0 0 0 0 0
chrI	250689	250690	a	1	-	250689	250690	255,0,0	1000 0.00 0 1 0 0 0 0 0
chrI	250690	250691	a	1	-	250690	250691	255,0,0	1000 0.00 0 1 0 0 0 0 0
chrI	250691	250692	a	1	-	250691	250692	255,0,0	1000 0.00 0 1 0 0 0 0 0
chrI	250692	250693	a	1	-	250692	250693	255,0,0	1000 0.00 0 1 0 0 0 0 0
chrI	250693	250694	a	1	-	250693	250694	255,0,0	1000 0.00 0 1 0 0 0 0 0
chrI	250694	250695	a	1	-	250694	250695	255,0,0	1000 0.00 0 1 0 0 0 0 0
chrI	250695	250696	a	1	-	250695	250696	255,0,0	1000 0.00 0 1 0 0 0 0 0
chrI	250696	250697	a	1	-	250696	250697	255,0,0	1000 0.00 0 1 0 0 0 0 0
chrI	250697	250698	a	1	-	250697	250698	255,0,0	1000 0.00 0 1 0 0 0 0 0
chrI	250698	250699	a	1	-	250698	250699	255,0,0	1000 0.00 0 1 0 0 0 0 0
chrI	250699	250700	a	1	-	250699	250700	255,0,0	1000 0.00 0 1 0 0 0 0 0
chrI	250700	250701	a	1	-	250700	250701	255,0,0	1000 0.00 0 1 0 0 0 0 0
chrI	250701	250702	a	1	-	250701	250702	255,0,0	1000 0.00 0 1 0 0 0 0 0
chrI	250702	250703	a	1	-	250702	250703	255,0,0	1000 0.00 0 1 0 0 0 0 0
chrI	250703	250704	a	1	-	250703	250704	255,0,0	1000 0.00 0 1 0 0 0 0 0
chrI	250704	250705	a	1	-	250704	250705	255,0,0	1000 0.00 0 1 0 0 0 0 0
chrI	250705	250706	a	1	-	250705	250706	255,0,0	1000 0.00 0 1 0 0 0 0 0
chrI	250706	250707	a	1	-	250706	250707	255,0,0	1000 0.00 0 1 0 0 0 0 0
chrI	250707	250708	a	1	-	250707	250708	255,0,0	1000 0.00 0 1 0 0 0 0 0
chrI	250708	250709	a	1	-	250708	250709	255,0,0	1000 0.00 0 1 0 0 0 0 0
chrI	250709	250710	a	1	-	250709	250710	255,0,0	1000 0.00 0 1 0 0 0 0 0
chrI	250710	250711	a	1	-	250710	250711	255,0,0	1000 0.00 0 1 0 0 0 0 0
chrI	250711	250712	a	1	-	250711	250712	255,0,0	1000 0.00 0 1 0 0 0 0 0
chrI	250712	250713	a	1	-	250712	250713	255,0,0	1000 0.00 0 1 0 0 0 0 0
chrI	250713	250714	a	1	-	250713	250714	255,0,0	1000 0.00 0 1 0 0 0 0 0
chrI	250714	250715	a	1	-	250714	250715	255,0,0	1000 0.00 0 1 0 0 0 0 0
chrI	250715	250716	a	1	-	250715	250716	255,0,0	1000 0.00 0 1 0 0 0 0 0
chrI	250716	250717	a	1	-	250716	250717	255,0,0	1000 0.00 0 1 0 0 0 0 0
chrI	250717	250718	a	1	-	250717	250718	255,0,0	1000 0.00 0 1 0 0 0 0 0
chrI	250718	250719	a	1	-	250718	250719	255,0,0	1000 0.00 0 1 0 0 0 0 0
chrI	250719	250720	a	1	-	250719	250720	255,0,0	1000 0.00 0 1 0 0 0 0 0
chrI	250720	250721	a	1	-	250720	250721	255,0,0	1000 0.00 0 1 0 0 0 0 0
chrI	250721	250722	a	1	-	250721	250722	255,0,0	1000 0.00 0 1 0 0 0 0 0
chrI	250722	250723	a	1	-	250722	250723	255,0,0	1000 0.00 0 1 0 0 0 0 0
chrI	250723	250724	a	1	-	250723	250724	255,0,0	1000 0.00 0 1 0 0 0 0 0
chrI	250724	250725	a	1	-	250724	250725	255,0,0	1000 0.00 0 1 0 0 0 0 0
chrI	250725	250726	a	1	-	250725	250726	255,0,0	1000 0.00 0 1 0 0 0 0 0
chrI	250726	250727	a	1	-	250726	250727	255,0,0	1000 0.00 0 1 0 0 0 0 0
chrI	250727	250728	a	1	-	250727	250728	255,0,0	1000 0.00 0 1 0 0 0 0 0
chrI	250728	250729	a	1	-	250728	250729	255,0,0	1000 0.00 0 1 0 0 0 0 0
chrI	250729	250730	a	1	-	250729	250730	255,0,0	1000 0.00 0 1 0 0 0 0 0
chrI	250730	250731	a	1	-	250730	250731	255,0,0	1000 0.00 0 1 0 0 0 0 0
chrI	250731	250732	a	1	-	250731	250732	255,0,0	1000 0.00 0 1 0 0 0 0 0
chrI	250732	250733	a	1	-	250732	250733	255,0,0	1000 0.00 0 1 0 0 0 0 0
chrI	250733	250734	a	1	-	250733	250734	255,0,0	1000 0.00 0 1 0 0 0 0 0
chrI	250734	250735	a	1	-	250734	250735	255,0,0	1000 0.00 0 1 0 0 0 0 0
chrI	250735	250736	a	1	-	250735	250736	255,0,0	1000 0.00 0 1 0 0 0 0 0
chrI	250736	250737	a	1	-	250736	250737	255,0,0	1000 0.00 0 1 0 0 0 0 0
chrI	250737	250738	a	1	-	250737	250738	255,0,0	1000 0.00 0 1 0 0 0 0 0
chrI	250738	250739	a	1	-	250738	250739	255,0,0	1000 0.00 0 1 0 0 0 0 0
chrI	250739	250740	a	1	-	250739	250740	255,0,0	1000 0.00 0 1 0 0 0 0 0
chrI	250740	250741	a	1	-	250740	250741	255,0,0	1000 0.00 0 1 0 0 0 0 0
chrI	250741	250742	a	1	-	250741	250742	255,0,0	1000 0.00 0 1 0 0 0 0 0
chrI	250742	250743	a	1	-	250742	250743	255,0,0	1000 0.00 0 1 0 0 0 0 0
chrI	250743	250744	a	1	-	250743	250744	255,0,0	1000 0.00 0 1 0 0 0 0 0
chrI	250744	250745	a	1	-	250744	250745	255,0,0	1000 0.00 0 1 0 0 0 0 0
chrI	250745	250746	a	1	-	250745	250746	255,0,0	1000 0.00 0 1 0 0 0 0 0
chrI	250746	250747	a	1	-	250746	250747	255,0,0	1000 0.00 0 1 0 0 0 0 0
chrI	250747	250748	a	1	-	250747	250748	255,0,0	1000 0.00 0 1 0 0 0 0 0
chrI	250748	250749	a	1	-	250748	250749	255,0,0	1000 0.00 0 1 0 0 0 0 0
chrI	250749	250750	a	1	-	250749	250750	255,0,0	1000 0.00 0 1 0 0 0 0 0
chrI	250750	250751	a	1	-	250750	250751	255,0,0	1000 0.00 0 1 0 0 0 0 0
chrI	250751	250752	a	1	-	250751	250752	255,0,0	1000 0.00 0 1 0 0 0 0 0
chrI	250752	250753	a	1	-	250752	250753	255,0,0	1000 0.00 0 1 0 0 0 0 0
chrI	250753	250754	a	1	-	250753	250754	255,0,0	1000 0.00 0 1 0 0 0 0 0
chrI	250754	250755	a	1	-	250754	250755	255,0,0	1000 0.00 0 1 0 0 0 0 0
chrI	250755	250756	a	1	-	250755	250756	255,0,0	1000 0.00 0 1 0 0 0 0 0
chrI	250756	250757	a	1	-	250756	250757	255,0,0	1000 0.00 0 1 0 0 0 0 0
chrI	250757	250758	a	1	-	250757	250758	255,0,0	1000 0.00 0 1 0 0 0 0 0
chrI	250758	250759	a	1	-	250758	250759	255,0,0	1000 0.00 0 1 0 0 0 0 0
chrI	250759	250760	a	1	-	250759	250760	255,0,0	1000 0.00 0 1 0 0 0 0 0
chrI	250760	250761	a	1	-	250760	250761	255,0,0	1000 0.00 0 1 0 0 0 0 0
chrI	250761	250762	a	1	-	250761	250762	255,0,0	1000 0.00 0 1 0 0 0 0 0
chrI	250762	250763	a	1	-	250762	250763	255,0,0	1000 0.00 0 1 0 0 0 0 0
chrI	250763	250764	a	1	-	250763	250764	255,0,0	1000 0.00 0 1 0 0 0 0 0
chrI	250764	250765	a	1	-	250764	250765	255,0,0	1000 0.00 0 1 0 0 0 0 0
chrI	250765	250766	a	1	-	250765	250766	255,0,0	1000 0.00 0 1 0 0 0 0 0
chrI	250766	250767	a	1	-	250766	250767	255,0,0	1000 0.00 0 1 0 0 0 0 0
chrI	250767	250768	a	1	-	250767	250768	255,0,0	1000 0.00 0 1 0 0 0 0 0
chrI	250768	250769	a	1	-	250768	250769	255,0,0	1000 0.00 0 1 0 0 0 0 0
chrI	250769	250770	a	1	-	250769	250770	255,0,0	1000 0.00 0 1 0 0 0 0 0
chrI	250770	250771	a	1	-	250770	250771	255,0,0	1000 0.00 0 1 0 0 0 0 0
chrI	250771	250772	a	1	-	250771	250772	255,0,0	1000 0.00 0 1 0 0 0 0 0
chrI	250772	250773	a	1	-	250772	250773	255,0,0	1000 0.00 0 1 0 0 0 0 0
chrI	250773	250774	a	1	-	250773	250774	255,0,0	1000 0.00 0 1 0 0 0 0 0
chrI	250774	250775	a	1	-	250774	250775	255,0,0	1000 0.00 0 1 0 0 0 0 0
chrI	250775	250776	a	1	-	250775	250776	255,0,0	1000 0.00 0 1 0 0 0 0 0
chrI	250776	250777	a	1	-	250776	250777	255,0,0	1000 0.00 0 1 0 0 0 0 0
chrI	250777	250778	a	1	-	250777	250778	255,0,0	1000 0.00 0 1 0 0 0 0 0
chrI	250778	250779	a	1	-	250778	250779	255,0,0	1000 0.00 0 1 0 0 0 0 0
chrI	250779	250780	a	1	-	250779	250780	255,0,0	1000 0.00 0 1 0 0 0 0 0
chrI	250780	250781	a	1	-	250780	250781	255,0,0	1000 0.00 0 1 0 0 0 0 0
chrI	250781	250782	a	1	-	250781	250782	255,0,0	1000 0.00 0 1 0 0 0 0 0
chrI	250782	250783	a	1	-	250782	250783	255,0,0	1000 0.00 0 1 0 0 0 0 0
chrI	250783	250784	a	1	-	250783	250784	255,0,0	1000 0.00 0 1 0 0 0 0 0
chrI	250784	250785	a	1	-	250784	250785	255,0,0	1000 0.00 0 1 0 0 0 0 0
chrI	250785	250786	a	1	-	250785	250786	255,0,0	1000 0.00 0 1 0 0 0 0 0
chrI	250786	250787	a	1	-	250786	250787	255,0,0	1000 0.00 0 1 0 0 0 0 0
chrI	250787	250788	a	1	-	250787	250788	255,0,0	1000 0.00 0 1 0 0 0 0 0
chrI	250788	250789	a	1	-	250788	250789	255,0,0	1000 0.00 0 1 0 0 0 0 0
chrI	250789	250790	a	1	-	250789	250790	255,0,0	1000 0.00 0 1 0 0 0 0 0
chrI	250790	250791	a	1	-	250790	250791	255,0,0	1000 0.00 0 1 0 0 0 0 0
chrI	250791	250792	a	1	-	250791	250792	255,0,0	1000 0.00 0 1 0 0 0 0 0
chrI	250792	250793	a	1	-	250792	250793	255,0,0	1000 0.00 0 1 0 0 0 0 0
chrI	250793	250794	a	1	-	250793	250794	255,0,0	1000 0.00 0 1 0 0 0 0 0
chrI	250794	250795	a	1	-	250794	250795	255,0,0	1000 0.00 0 1 0 0 0 0 0
chrI	250795	250796	a	1	-	250795	250796	255,0,0	1000 0.00 0 1 0 0 0 0 0
chrI	250796	250797	a	1	-	250796	250797	255,0,0	1000 0.00 0 1 0 0 0 0 0
chrI	250797	250798	a	1	-	250797	250798	255,0,0	1000 0.00 0 1 0 0 0 0 0
chrI	250798	250799	a	1	-	250798	250799	255,0,0	1000 0.00 0 1 0 0 0 0 0
chrI	250799	250800	a	1	-	250799	250800	255,0,0	1000 0.00 0 1 0 0 0 0 0
chrI	250800	250801	a	1	-	250800	250801	255,0,0	1000 0.00 0 1 0 0 0 0 0
chrI	250801	250802	a	1	-	250801	250802	255,0,0	1000 0.00 0 1 0 0 0 0 0
chrI	250802	250803	a	1	-	250802	250803	255,0,0	1000 0.00 0 1 0 0 0 0 0
chrI	250803	250804	a	1	-	250803	250804	255,0,0	1000 0.00 0 1 0 0 0 0 0
chrI	250804	250805	a	1	-	250804	250805	255,0,0	1000 0.00 0 1 0 0 0 0 0
chrI	250805	250806	a	1	-	250805	250806	255,0,0	1000 0.00 0 1 0 0 0 0 0
chrI	250806	250807	a	1	-	250806	250807	255,0,0	1000 0.00 0 1 0 0 0 0 0
chrI	250807	250808	a	1	-	250807	250808	255,0,0	1000 0.00 0 1 0 0 0 0 0
chrI	250808	250809	a	1	-	250808	250809	255,0,0	1000 0.00 0 1 0 0 0 0 0
chrI	250809	250810	a	1	-	250809	250810	255,0,0	1000 0.00 0 1 0 0 0 0 0
chrI	250810	250811	a	1	-	250810	250811	255,0,0	1000 0.00 0 1 0 0 0 0 0
chrI	250811	250812	a	1	-	250811	250812	255,0,0	1000 0.00 0 1 0 0 0 0 0
chrI	250812	250813	a	1	-	250812	250813	255,0,0	1000 0.00 0 1 0 0 0 0 0
chrI	250813	250814	a	1	-	250813	250814	255,0,0	1000 0.00 0 1 0 0 0 0 0
chrI	250814	250815	a	1	-	250814	250815	255,0,0	1000 0.00 0 1 0 0 0 0 0
chrI	250815	250816	a	1	-	250815	250816	255,0,0	1000 0.00 0 1 0 0 0 0 0
chrI	250816	250817	a	1	-	250816	250817	255,0,0	1000 0.00 0 1 0 0 0 0 0
chrI	250817	250818	a	1	-	250817	250818	255,0,0	1000 0.00 0 1 0 0 0 0 0
chrI	250818	250819	a	1	-	250818	250819	255,0,0	1000 0.00 0 1 0 0 0 0 0
chrI	250819	250820	a	1	-	250819	250820	255,0,0	1000 0.00 0 1 0 0 0 0 0
chrI	250820	250821	a	1	-	250820	250821	255,0,0	1000 0.00 0 1 0 0 0 0 0
chrI	250821	250822	a	1	-	250821	250822	255,0,0	1000 0.00 0 1 0 0 0 0 0
chrI	250822	250823	a	1	-	250822	250823	255,0,0	1000 0.00 0 1 0 0 0 0 0
chrI	250823	250824	a	1	-	250823	250824	255,0,0	1000 0.00 0 1 0 0 0 0 0
chrI	250824	250825	a	1	-	250824	250825	255,0,0	1000 0.00 0 1 0 0 0 0 0
chrI	250825	250826	a	1	-	250825	250826	255,0,0	1000 0.00 0 1 0 0 0 0 0
chrI	250826	250827	a	1	-	250826	250827	255,0,0	1000 0.00 0 1 0 0 0 0 0
chrI	250827	250828	a	1	-	250827	250828	255,0,0	1000 0.00 0 1 0 0 0 0 0
chrI	250828	250829	a	1	-	250828	250829	255,0,0	1000 0.00 0 1 0 0 0 0 0
chrI	250829	250830	a	1	-	250829	250830	255,0,0	1000 0.00 0 1 0 0 0 0 0
chrI	250830	250831	a	1	-	250830	250831	255,0,0	1000 0.00 0 1 0 0 0 0 0
chrI	250831	250832	a	1	-	250831	250832	255,0,0	1000 0.00 0 1 0 0 0 0 0
chrI	250832	250833	a	1	-	250832	250833	255,0,0	1000 0.00 0 1 0 0 0 0 0
chrI	250833	250834	a	1	-	250833	250834	255,0,0	1000 0.00 0 1 0 0 0 0 0
chrI	250834	250835	a	1	-	250834	250835	255,0,0	1000 0.00 0 1 0 0 0 0 0
chrI	250835	250836	a	1	-	250835	250836	255,0,0	1000 0.00 0 1 0 0 0 0 0
chrI	250836	250837	a	1	-	250836	250837	255,0,0	1000 0.00 0 1 0 0 0 0 0
chrI	250837	250838	a	1	-	250837	250838	255,0,0	1000 0.00 0 1 0 0 0 0 0
chrI	250838	250839	a	1	-	250838	250839	255,0,0	1000 0.00 0 1 0 0 0 0 0
chrI	250839	250840	a	1	-	250839	250840	255,0,0	1000 0.00 0 1 0 0 0 0 0
chrI	250840	250841	a	1	-	250840	250841	255,0,0	1000 0.00 0 1 0 0 0 0 0
chrI	250841	250842	a	1	-	250841	250842	255,0,0	1000 0.00 0 1 0 0 0 0 0
chrI	250842	250843	a	1	-	250842	250843	255,0,0	1000 0.00 0 1 0 0 0 0 0
chrI	250843	250844	a	1	-	250843	250844	255,0,0	1000 0.00 0 1 0 0 0 0 0
chrI	250844	250845	a	1	-	250844	250845	255,0,0	1000 0.00 0 1 0 0 0 0 0
chrI	250845	250846	a	1	-	250845	250846	255,0,0	1000 0.00 0 1 0 0 0 0 0
chrI	250846	250847	a	1	-	250846	250847	255,0,0	1000 0.00 0 1 0 0 0 0 0
chrI	250847	250848	a	1	-	250847	250848	255,0,0	1000 0.00 0 1 0 0 0 0 0
chrI	250848	250849	a	1	-	250848	250849	255,0,0	1000 0.00 0 1 0 0 0 0 0
chrI	250849	250850	a	1	-	250849	250850	255,0,0	1000 0.00 0 1 0 0 0 0 0
chrI	250850	250851	a	1	-	250850	250851	255,0,0	1000 0.00 0 1 0 0 0 0 0
chrI	250851	250852	a	1	-	250851	250852	255,0,0	1000 0.00 0 1 0 0 0 0 0
chrI	250852	250853	a	1	-	250852	250853	255,0,0	1000 0.00 0 1 0 0 0 0 0
chrI	250853	250854	a	1	-	250853	250854	255,0,0	1000 0.00 0 1 0 0 0 0 0
chrI	250854	250855	a	1	-	250854	250855	255,0,0	1000 0.00 0 1 0 0 0 0 0
chrI	250855	250856	a	1	-	250855	250856	255,0,0	1000 0.00 0 1 0 0 0 0 0
chrI	250856	250857	a	1	-	250856	250857	255,0,0	1000 0.00 0 1 0 0 0 0 0
chrI	250857	250858	a	1	-	250857	250858	255,0,0	1000 0.00 0 1 0 0 0 0 0
chrI	250858	250859	a	1	-	250858	250859	255,0,0	1000 0.00 0 1 0 0 0 0 0
chrI	250859	250860	a	1	-	250859	250860	255,0,0	1000 0.00 0 1 0 0 0 0 0
chrI	250860	250861	a	1	-	250860	250861	255,0,0	1000 0.00 0 1 0 0 0 0 0
chrI	250861	250862	a	1	-	250861	250862	255,0,0	1000 0.00 0 1 0 0 0 0 0
chrI	250862	250863	a	1	-	250862	250863	255,0,0	1000 0.00 0 1 0 0 0 0 0
chrI	250863	250864	a	1	-	250863	250864	255,0,0	1000 0.00 0 1 0 0 0 0 0
chrI	250864	250865	a	1	-	250864	250865	255,0,0	1000 0.00 0 1 0 0 0 0 0
chrI	250865	250866	a	1	-	250865	250866	255,0,0	1000 0.00 0 1 0 0 0 0 0
chrI	250866	250867	a	1	-	250866	250867	255,0,0	1000 0.00 0 1 0 0 0 0 0
chrI	250867	250868	a	1	-	250867	250868	255,0,0	1000 0.00 0 1 0 0 0 0 0
chrI	250868	250869	a	1	-	250868	250869	255,0,0	1000 0.00 0 1 0 0 0 0 0
chrI	250869	250870	a	1	-	250869	250870	255,0,0	1000 0.00 0 1 0 0 0 0 0
chrI	250870	250871	a	1	-	250870	250871	255,0,0	1000 0.00 0 1 0 0 0 0 0
chrI	250871	250872	a	1	-	250871	250872	255,0,0	1000 0.00 0 1 0 0 0 0 0
chrI	250872	250873	a	1	-	250872	250873	255,0,0	1000 0.00 0 1 0 0 0 0 0
chrI	250873	250874	a	1	-	250873	250874	255,0,0	1000 0.00 0 1 0 0 0 0 0
chrI	250874	250875	a	1	-	250874	250875	255,0,0	1000 0.00 0 1 0 0 0 0 0
chrI	250875	250876	a	1	-	250875	250876	255,0,0	1000 0.00 0 1 0 0 0 0 0
chrI	250876	250877	a	1	-	250876	250877	255,0,0	1000 0.00 0 1 0 0 0 0 0
chrI	250877	250878	a	1	-	250877	250878	255,0,0	1000 0.00 0 1 0 0 0 0 0
chrI	250878	250879	a	1	-	250878	250879	255,0,0	1000 0.00 0 1 0 0 0 0 0
chrI	250879	250880	a	1	-	250879	250880	255,0,0	1000 0.00 0 1 0 0 0 0 0
chrI	250880	250881	a	1	-	250880	250881	255,0,0	1000 0.00 0 1 0 0 0 0 0
chrI	250881	250882	a	1	-	250881	250882	255,0,0	1000 0.00 0 1 0 0 0 0 0
chrI	250882	250883	a	1	-	250882	250883	255,0,0	1000 0.00 0 1 0 0 0 0 0
chrI	250883	250884	a	1	-	250883	250884	255,0,0	1000 0.00 0 1 0 0 0 0 0
chrI	250884	250885	a	1	-	250884	250885	255,0,0	1000 0.00 0 1 0 0 0 0 0
chrI	250885	250886	a	1	-	250885	250886	255,0,0	1000 0.00 0 1 0 0 0 0 0
chrI	250886	250887	a	1	-	250886	250887	255,0,0	1000 0.00 0 1 0 0 0 0 0
chrI	250887	250888	a	1	-	250887	250888	255,0,0	1000 0.00 0 1 0 0 0 0 0
chrI	250888	250889	a	1	-	250888	250889	255,0,0	1000 0.00 0 1 0 0 0 0 0
chrI	250889	250890	a	1	-	250889	250890	255,0,0	1000 0.00 0 1 0 0 0 0 0
chrI	250890	250891	a	1	-	250890	250891	255,0,0	1000 0.00 0 1 0 0 0 0 0
chrI	250891	250892	a	1	-	250891	250892	255,0,0	1000 0.00 0 1 0 0 0 0 0
chrI	250892	250893	a	1	-	250892	250893	255,0,0	1000 0.00 0 1 0 0 0 0 0
chrI	250893	250894	a	1	-	250893	250894	255,0,0	1000 0.00 0 1 0 0 0 0 0
chrI	250894	250895	a	1	-	250894	250895	255,0,0	1000 0.00 0 1 0 0 0 0 0
chrI	250895	250896	a	1	-	250895	250896	255,0,0	1000 0.00 0 1 0 0 0 0 0
chrI	250896	250897	a	1	-	250896	250897	255,0,0	1000 0.00 0 1 0 0 0 0 0
chrI	250897	250898	a	1	-	250897	250898	255,0,0	1000 0.00 0 1 0 0 0 0 0
chrI	250898	250899	a	1	-	250898	250899	255,0,0	1000 0.00 0 1 0 0 0 0 0
chrI	250899	250900	a	1	-	250899	250900	255,0,0	1000 0.00 0 1 0 0 0 0 0
chrI	250900	250901	a	1	-	250900	250901	255,0,0	1000 0.00 0 1 0 0 0 0 0
chrI	250901	250902	a	1	-	250901	250902	255,0,0	1000 0.00 0 1 0 0 0 0 0
chrI	250902	250903	a	1	-	250902	250903	255,0,0	1000 0.00 0 1 0 0 0 0 0
chrI	250903	250904	a	1	-	250903	250904	255,0,0	1000 0.00 0 1 0 0 0 0 0
chrI	250904	250905	a	1	-	250904	250905	255,0,0	1000 0.00 0 1 0 0 0 0 0
chrI	250905	250906	a	1	-	250905	250906	255,0,0	1000 0.00 0 1 0 0 0 0 0
chrI	250906	250907	a	1	-	250906	250907	255,0,0	1000 0.00 0 1 0 0 0 0 0
chrI	250907	250908	a	1	-	250907	250908	255,0,0	1000 0.00 0 1 0 0 0 0 0
chrI	250908	250909	a	1	-	250908	250909	255,0,0	1000 0.00 0 1 0 0 0 0 0
chrI	250909	250910	a	1	-	250909	250910	255,0,0	1000 0.00 0 1 0 0 0 0 0
chrI	250910	250911	a	1	-	250910	250911	255,0,0	1000 0.00 0 1 0 0 0 0 0
chrI	250911	250912	a	1	-	250911	250912	255,0,0	1000 0.00 0 1 0 0 0 0 0
chrI	250912	250913	a	1	-	250912	250913	255,0,0	1000 0.00 0 1 0 0 0 0 0
chrI	250913	250914	a	1	-	250913	250914	255,0,0	1000 0.00 0 1 0 0 0 0 0
chrI	250914	250915	a	1	-	250914	250915	255,0,0	1000 0.00 0 1 0 0 0 0 0
chrI	250915	250916	a	1	-	250915	250916	255,0,0	1000 0.00 0 1 0 0 0 0 0
chrI	250916	250917	a	1	-	250916	250917	255,0,0	1000 0.00 0 1 0 0 0 0 0
chrI	250917	250918	a	1	-	250917	250918	255,0,0	1000 0.00 0 1 0 0 0 0 0
chrI	250918	250919	a	1	-	250918	250919	255,0,0	1000 0.00 0 1 0 0 0 0 0
chrI	250919	250920	a	1	-	250919	250920	255,0,0	1000 0.00 0 1 0 0 0 0 0
chrI	250920	250921	a	1	-	250920	250921	255,0,0	1000 0.00 0 1 0 0 0 0 0
chrI	250921	250922	a	1	-	250921	250922	255,0,0	1000 0.00 0 1 0 0 0 0 0
chrI	250922	250923	a	1	-	250922	250923	255,0,0	1000 0.00 0 1 0 0 0 0 0
chrI	250923	250924	a	1	-	250923	250924	255,0,0	1000 0.00 0 1 0 0 0 0 0
chrI	250924	250925	a	1	-	250924	250925	255,0,0	1000 0.00 0 1 0 0 0 0 0
chrI	250925	250926	a	1	-	250925	250926	255,0,0	1000 0.00 0 1 0 0 0 0 0
chrI	250926	250927	a	1	-	250926	250927	255,0,0	1000 0.00 0 1 0 0 0 0 0
chrI	250927	250928	a	1	-	250927	250928	255,0,0	1000 0.00 0 1 0 0 0 0 0
chrI	250928	250929	a	1	-	250928	250929	255,0,0	1000 0.00 0 1 0 0 0 0 0
chrI	250929	250930	a	1	-	250929	250930	255,0,0	1000 0.00 0 1 0 0 0 0 0
chrI	250930	250931	a	1	-	250930	250931	255,0,0	1000 0.00 0 1 0 0 0 0 0
chrI	250931	250932	a	1	-	250931	250932	255,0,0	1000 0.00 0 1 0 0 0 0 0
chrI	250932	250933	a	1	-	250932	250933	255,0,0	1000 0.00 0 1 0 0 0 0 0
chrI	250933	250934	a	1	-	250933	250934	255,0,0	1000 0.00 0 1 0 0 0 0 0
chrI	250934	250935	a	1	-	250934	250935	255,0,0	1000 0.00 0 1 0 0 0 0 0
chrI	250935	250936	a	1	-	250935	250936	255,0,0	1000 0.00 0 1 0 0 0 0 0
chrI	250936	250937	a	1	-	250936	250937	255,0,0	1000 0.00 0 1 0 0 0 0 0
chrI	250937	250938	a	1	-	250937	250938	255,0,0	1000 0.00 0 1 0 0 0 0 0
chrI	250938	250939	a	1	-	250938	250939	255,0,0	1000 0.00 0 1 0 0 0 0 0
chrI	250939	250940	a	1	-	250939	250940	255,0,0	1000 0.00 0 1 0 0 0 0 0
chrI	250940	250941	a	1	-	250940	250941	255,0,0	1000 0.00 0 1 0 0 0 0 0
chrI	250941	250942	a	1	-	250941	250942	255,0,0	1000 0.00 0 1 0 0 0 0 0
chrI	250942	250943	a	1	-	250942	250943	255,0,0	1000 0.00 0 1 0 0 0 0 0
chrI	250943	250944	a	1	-	250943	250944	255,0,0	1000 0.00 0 1 0 0 0 0 0
chrI	250944	250945	a	1	-	250944	250945	255,0,0	1000 0.00 0 1 0 0 0 0 0
chrI	250945	250946	a	1	-	250945	250946	255,0,0	1000 0.00 0 1 0 0 0 0 0
chrI	250946	250947	a	1	-	250946	250947	255,0,0	1000 0.00 0 1 0 0 0 0 0
chrI	250947	250948	a	1	-	250947	250948	255,0,0	1000 0.00 0 1 0 0 0 0 0
chrI	250948	250949	a	1	-	250948	250949	255,0,0	1000 0.00 0 1 0 0 0 0 0
chrI	250949	250950	a	1	-	250949	250950	255,0,0	1000 0.00 0 1 0 0 0 0 0
chrI	250950	250951	a	1	-	250950	250951	255,0,0	1000 0.00 0 1 0 0 0 0 0
chrI	250951	250952	a	1	-	250951	250952	255,0,0	1000 0.00 0 1 0 0 0 0 0
chrI	250952	250953	a	1	-	250952	250953	255,0,0	1000 0.00 0 1 0 0 0 0 0
chrI	250953	250954	a	1	-	250953	250954	255,0,0	1000 0.00 0 1 0 0 0 0 0
chrI	250954	250955	a	1	-	250954	250955	255,0,0	1000 0.00 0 1 0 0 0 0 0
chrI	250955	250956	a	1	-	250955	250956	255,0,0	1000 0.00 0 1 0 0 0 0 0
chrI	250956	250957	a	1	-	250956	250957	255,0,0	1000 0.00 0 1 0 0 0 0 0
chrI	250957	250958	a	1	-	250957	250958	255,0,0	1000 0.00 0 1 0 0 0 0 0
chrI	250958	250959	a	1	-	250958	250959	255,0,0	1000 0.00 0 1 0 0 0 0 0
chrI	250959	250960	a	1	-	250959	250960	255,0,0	1000 0.00 0 1 0 0 0 0 0
chrI	250960	250961	a	1	-	250960	250961	255,0,0	1000 0.00 0 1 0 0 0 0 0
chrI	250961	250962	a	1	-	250961	250962	255,0,0	1000 0.00 0 1 0 0 0 0 0
chrI	250962	250963	a	1	-	250962	250963	255,0,0	1000 0.00 0 1 0 0 0 0 0
chrI	250963	250964	a	1	-	250963	250964	255,0,0	1000 0.00 0 1 0 0 0 0 0
chrI	250964	250965	a	1	-	250964	250965	255,0,0	1000 0.00 0 1 0 0 0 0 0
chrI	250965	250966	a	1	-	250965	250966	255,0,0	1000 0.00 0 1 0 0 0 0 0
chrI	250966	250967	a	1	-	250966	250967	255,0,0	1000 0.00 0 1 0 0 0 0 0
chrI	250967	250968	a	1	-	250967	250968	255,0,0	1000 0.00 0 1 0 0 0 0 0
chrI	250968	250969	a	1	-	250968	250969	255,0,0	1000 0.00 0 1 0 0 0 0 0
chrI	250969	250970	a	1	-	250969	250970	255,0,0	1000 0.00 0 1 0 0 0 0 0
chrI	250970	250971	a	1	-	250970	250971	255,0,0	1000 0.00 0 1 0 0 0 0 0
chrI	250971	250972	a	1	-	250971	250972	255,0,0	1000 0.00 0 1 0 0 0 0 0
chrI	250972	250973	a	1	-	250972	250973	255,0,0	1000 0.00 0 1 0 0 0 0 0
chrI	250973	250974	a	1	-	250973	250974	255,0,0	1000 0.00 0 1 0 0 0 0 0
chrI	250974	250975	a	1	-	250974	250975	255,0,0	1000 0.00 0 1 0 0 0 0 0
chrI	250975	250976	a	1	-	250975	250976	255,0,0	1000 0.00 0 1 0 0 0 0 0
chrI	250976	250977	a	1	-	250976	250977	255,0,0	1000 0.00 0 1 0 0 0 0 0
chrI	250977	250978	a	1	-	250977	250978	255,0,0	1000 0.00 0 1 0 0 0 0 0
chrI	250978	250979	a	1	-	250978	250979	255,0,0	1000 0.00 0 1 0 0 0 0 0
chrI	250979	250980	a	1	-	250979	250980	255,0,0	1000 0.00 0 1 0 0 0 0 0
chrI	250980	250981	a	1	-	250980	250981	255,0,0	1000 0.00 0 1 0 0 0 0 0
chrI	250981	250982	a	1	-	250981	250982	255,0,0	1000 0.00 0 1 0 0 0 0 0
chrI	250982	250983	a	1	-	250982	250983	255,0,0	1000 0.00 0 1 0 0 0 0 0
chrI	250983	250984	a	1	-	250983	250984	255,0,0	1000 0.00 0 1 0 0 0 0 0
chrI	250984	250985	a	1	-	250984	250985	255,0,0	1000 0.00 0 1 0 0 0 0 0
chrI	250985	250986	a	1	-	250985	250986	255,0,0	1000 0.00 0 1 0 0 0 0 0
chrI	250986	250987	a	1	-	250986	250987	255,0,0	1000 0.00 0 1 0 0 0 0 0
chrI	250987	250988	a	1	-	250987	250988	255,0,0	1000 0.00 0 1 0 0 0 0 0
chrI	250988	250989	a	1	-	250988	250989	255,0,0	1000 0.00 0 1 0 0 0 0 0
chrI	250989	250990	a	1	-	250989	250990	255,0,0	1000 0.00 0 1 0 0 0 0 0
chrI	250990	250991	a	1	-	250990	250991	255,0,0	1000 0.00 0 1 0 0 0 0 0
chrI	250991	250992	a	1	-	250991	250992	255,0,0	1000 0.00 0 1 0 0 0 0 0
chrI	250992	250993	a	1	-	250992	250993	255,0,0	1000 0.00 0 1 0 0 0 0 0
chrI	250993	250994	a	1	-	250993	250994	255,0,0	1000 0.00 0 1 0 0 0 0 0
chrI	250994	250995	a	1	-	250994	250995	255,0,0	1000 0.00 0 1 0 0 0 0 0
chrI	250995	250996	a	1	-	250995	250996	255,0,0	1000 0.00 0 1 0 0 0 0 0
chrI	250996	250997	a	1	-	250996	250997	255,0,0	1000 0.00 0 1 0 0 0 0 0
chrI	250997	250998	a	1	-	250997	250998	255,0,0	1000 0.00 0 1 0 0 0 0 0
chrI	250998	250999	a	1	-	250998	250999	255,0,0	1000 0.00 0 1 0 0 0 0 0
chrI	250999	251000	a	1	-	250999	251000	255,0,0	1000 0.00 0 1 0 0 0 0 0
chrI	251000	251001	a	1	-	251000	251001	255,0,0	1000 0.00 0 1 0 0 0 0 0
chrI	251001	251002	a	1	-	251001	251002	255,0,0	1000 0.00 0 1 0 0 0 0 0
chrI	251002	251003	a	1	-	251002	251003	255,0,0	1000 0.00 0 1 0 0 0 0 0
chrI	251003	251004	a	1	-	251003	251004	255,0,0	1000 0.00 0 1 0 0 0 0 0
chrI	251004	251005	a	1	-	251004	251005	255,0,0	1000 0.00 0 1 0 0 0 0 0
chrI	251005	251006	a	1	-	251005	251006	255,0,0	1000 0.00 0 1 0 0 0 0 0
chrI	251006	251007	a	1	-	251006	251007	255,0,0	1000 0.00 0 1 0 0 0 0 0
chrI	251007	251008	a	1	-	251007	251008	255,0,0	1000 0.00 0 1 0 0 0 0 0
chrI	251008	251009	a	1	-	251008	251009	255,0,0	1000 0.00 0 1 0 0 0 0 0
chrI	251009	251010	a	1	-	251009	251010	255,0,0	1000 0.00 0 1 0 0 0 0 0
chrI	251010	251011	a	1	-	251010	251011	255,0,0	1000 0.00 0 1 0 0 0 0 0
chrI	251011	251012	a	1	-	251011	251012	255,0,0	1000 0.00 0 1 0 0 0 0 0
chrI	251012	251013	a	1	-	251012	251013	255,0,0	1000 0.00 0 1 0 0 0 0 0
chrI	251013	251014	a	1	-	251013	251014	255,0,0	1000 0.00 0 1 0 0 0 0 0
chrI	251014	251015	a	1	-	251014	251015	255,0,0	1000 0.00 0 1 0 0 0 0 0
chrI	251015	251016	a	1	-	251015	251016	255,0,0	1000 0.00 0 1 0 0 0 0 0
chrI	251016	251017	a	1	-	251016	251017	255,0,0	1000 0.00 0 1 0 0 0 0 0
chrI	251017	251018	a	1	-	251017	251018	255,0,0	1000 0.00 0 1 0 0 0 0 0
chrI	251018	251019	a	1	-	251018	251019	255,0,0	1000 0.00 0 1 0 0 0 0 0
chrI	251019	251020	a	1	-	251019	251020	255,0,0	1000 0.00 0 1 0 0 0 0 0
chrI	251020	251021	a	1	-	251020	251021	255,0,0	1000 0.00 0 1 0 0 0 0 0
chrI	251021	251022	a	1	-	251021	251022	255,0,0	1000 0.00 0 1 0 0 0 0 0
chrI	251022	251023	a	1	-	251022	251023	255,0,0	1000 0.00 0 1 0 0 0 0 0
chrI	251023	251024	a	1	-	251023	251024	255,0,0	1000 0.00 0 1 0 0 0 0 0
chrI	251024	251025	a	1	-	251024	251025	255,0,0	1000 0.00 0 1 0 0 0 0 0
chrI	251025	251026	a	1	-	251025	251026	255,0,0	1000 0.00 0 1 0 0 0 0 0
chrI	251026	251027	a	1	-	251026	251027	255,0,0	1000 0.00 0 1 0 0 0 0 0
chrI	251027	251028	a	1	-	251027	251028	255,0,0	1000 0.00 0 1 0 0 0 0 0
chrI	251028	251029	a	1	-	251028	251029	255,0,0	1000 0.00 0 1 0 0 0 0 0
chrI	251029	251030	a	1	-	251029	251030	255,0,0	1000 0.00 0 1 0 0 0 0 0
chrI	251030	251031	a	1	-	251030	251031	255,0,0	1000 0.00 0 1 0 0 0 0 0
chrI	251031	251032	a	1	-	251031	251032	255,0,0	1000 0.00 0 1 0 0 0 0 0
chrI	251032	251033	a	1	-	251032	251033	255,0,0	1000 0.00 0 1 0 0 0 0 0
chrI	251033	251034	a	1	-	251033	251034	255,0,0	1000 0.00 0 1 0 0 0 0 0
chrI	251034	251035	a	1	-	251034	251035	255,0,0	1000 0.00 0 1 0 0 0 0 0
chrI	251035	251036	a	1	-	251035	251036	255,0,0	1000 0.00 0 1 0 0 0 0 0
chrI	251036	251037	a	1	-	251036	251037	255,0,0	1000 0.00 0 1 0 0 0 0 0
chrI	251037	251038	a	1	-	251037	251038	255,0,0	1000 0.00 0 1 0 0 0 0 0
chrI	251038	251039	a	1	-	251038	251039	255,0,0	1000 0.00 0 1 0 0 0 0 0
chrI	251039	251040	a	1	-	251039	251040	255,0,0	1000 0.00 0 1 0 0 0 0 0
chrI	251040	251041	a	1	-	251040	251041	255,0,0	1000 0.00 0 1 0 0 0 0 0
chrI	251041	251042	a	1	-	251041	251042	255,0,0	1000 0.00 0 1 0 0 0 0 0
chrI	251042	251043	a	1	-	251042	251043	255,0,0	1000 0.00 0 1 0 0 0 0 0
chrI	251043	251044	a	1	-	251043	251044	255,0,0	1000 0.00 0 1 0 0 0 0 0
chrI	251044	251045	a	1	-	251044	251045	255,0,0	1000 0.00 0 1 0 0 0 0 0
chrI	251045	251046	a	1	-	251045	251046	255,0,0	1000 0.00 0 1 0 0 0 0 0
chrI	251046	251047	a	1	-	251046	251047	255,0,0	1000 0.00 0 1 0 0 0 0 0
chrI	251047	251048	a	1	-	251047	251048	255,0,0	1000 0.00 0 1 0 0 0 0 0
chrI	251048	251049	a	1	-	251048	251049	255,0,0	1000 0.00 0 1 0 0 0 0 0
chrI	251049	251050	a	1	-	251049	251050	255,0,0	1000 0.00 0 1 0 0 0 0 0
chrI	251050	251051	a	1	-	251050	251051	255,0,0	1000 0.00 0 1 0 0 0 0 0
chrI	251051	251052	a	1	-	251051	251052	255,0,0	1000 0.00 0 1 0 0 0 0 0
chrI	251052	251053	a	1	-	251052	251053	255,0,0	1000 0.00 0 1 0 0 0 0 0
chrI	251053	251054	a	1	-	251053	251054	255,0,0	1000 0.00 0 1 0 0 0 0 0
chrI	251054	251055	a	1	-	251054	251055	255,0,0	1000 0.00 0 1 0 0 0 0 0
chrI	251055	251056	a	1	-	251055	251056	255,0,0	1000 0.00 0 1 0 0 0 0 0
chrI	251056	251057	a	1	-	251056	251057	255,0,0	1000 0.00 0 1 0 0 0 0 0
chrI	251057	251058	a	1	-	251057	251058	255,0,0	1000 0.00 0 1 0 0 0 0 0
chrI	251058	251059	a	1	-	251058	251059	255,0,0	1000 0.00 0 1 0 0 0 0 0
chrI	251059	251060	a	1	-	251059	251060	255,0,0	1000 0.00 0 1 0 0 0 0 0
chrI	251060	251061	a	1	-	251060	251061	255,0,0	1000 0.00 0 1 0 0 0 0 0
chrI	251061	251062	a	1	-	251061	251062	255,0,0	1000 0.00 0 1 0 0 0 0 0
chrI	251062	251063	a	1	-	251062	251063	255,0,0	1000 0.00 0 1 0 0 0 0 0
chrI	251063	251064	a	1	-	251063	251064	255,0,0	1000 0.00 0 1 0 0 0 0 0
chrI	251064	251065	a	1	-	251064	251065	255,0,0	1000 0.00 0 1 0 0 0 0 0
chrI	251065	251066	a	1	-	251065	251066	255,0,0	1000 0.00 0 1 0 0 0 0 0
chrI	251066	251067	a	1	-	251066	251067	255,0,0	1000 0.00 0 1 0 0 0 0 0
chrI	251067	251068	a	1	-	251067	251068	255,0,0	1000 0.00 0 1 0 0 0 0 0
chrI	251068	251069	a	1	-	251068	251069	255,0,0	1000 0.00 0 1 0 0 0 0 0
chrI	251069	251070	a	1	-	251069	251070	255,0,0	1000 0.00 0 1 0 0 0 0 0
chrI	251070	251071	a	1	-	251070	251071	255,0,0	1000 0.00 0 1 0 0 0 0 0
chrI	251071	251072	a	1	-	251071	251072	255,0,0	1000 0.00 0 1 0 0 0 0 0
chrI	251072	251073	a	1	-	251072	251073	255,0,0	1000 0.00 0 1 0 0 0 0 0
chrI	251073	251074	a	1	-	251073	251074	255,0,0	1000 0.00 0 1 0 0 0 0 0
chrI	251074	251075	a	1	-	251074	251075	255,0,0	1000 0.00 0 1 0 0 0 0 0
chrI	251075	251076	a	1	-	251075	251076	255,0,0	1000 0.00 0 1 0 0 0 0 0
chrI	251076	251077	a	1	-	251076	251077	255,0,0	1000 0.00 0 1 0 0 0 0 0
chrI	251077	251078	a	1	-	251077	251078	255,0,0	1000 0.00 0 1 0 0 0 0 0
chrI	251078	251079	a	1	-	251078	251079	255,0,0	1000 0.00 0 1 0 0 0 0 0
chrI	251079	251080	a	1	-	251079	251080	255,0,0	1000 0.00 0 1 0 0 0 0 0
chrI	251080	251081	a	1	-	251080	251081	255,0,0	1000 0.00 0 1 0 0 0 0 0
chrI	251081	251082	a	1	-	251081	251082	255,0,0	1000 0.00 0 1 0 0 0 0 0
chrI	251082	251083	a	1	-	251082	251083	255,0,0	1000 0.00 0 1 0 0 0 0 0
chrI	251083	251084	a	1	-	251083	251084	255,0,0	1000 0.00 0 1 0 0 0 0 0
chrI	251084	251085	a	1	-	251084	251085	255,0,0	1000 0.00 0 1 0 0 0 0 0
chrI	251085	251086	a	1	-	251085	251086	255,0,0	1000 0.00 0 1 0 0 0 0 0
chrI	251086	251087	a	1	-	251086	251087	255,0,0	1000 0.00 0 1 0 0 0 0 0
chrI	251087	251088	a	1	-	251087	251088	255,0,0	1000 0.00 0 1 0 0 0 0 0
chrI	251088	251089	a	1	-	251088	251089	255,0,0	1000 0.00 0 1 0 0 0 0 0
chrI	251089	251090	a	1	-	251089	251090	255,0,0	1000 0.00 0 1 0 0 0 0 0
chrI	251090	251091	a	1	-	251090	251091	255,0,0	1000 0.00 0 1 0 0 0 0 0
chrI	251091	251092	a	1	-	251091	251092	255,0,0	1000 0.00 0 1 0 0 0 0 0
chrI	251092	251093	a	1	-	251092	251093	255,0,0	1000 0.00 0 1 0 0 0 0 0
chrI	251093	251094	a	1	-	251093	251094	255,0,0	1000 0.00 0 1 0 0 0 0 0
chrI	251094	251095	a	1	-	251094	251095	255,0,0	1000 0.00 0 1 0 0 0 0 0
chrI	251095	251096	a	1	-	251095	251096	255,0,0	1000 0.00 0 1 0 0 0 0 0
chrI	251096	251097	a	1	-	251096	251097	255,0,0	1000 0.00 0 1 0 0 0 0 0
chrI	251097	251098	a	1	-	251097	251098	255,0,0	1000 0.00 0 1 0 0 0 0 0
chrI	251098	251099	a	1	-	251098	251099	255,0,0	1000 0.00 0 1 0 0 0 0 0
chrI	251099	251100	a	1	-	251099	251100	255,0,0	1000 0.00 0 1 0 0 0 0 0
chrI	251100	251101	a	1	-	251100	251101	255,0,0	1000 0.00 0 1 0 0 0 0 0
chrI	251101	251102	a	1	-	251101	251102	255,0,0	1000 0.00 0 1 0 0 0 0 0
chrI	251102	251103	a	1	-	251102	251103	255,0,0	1000 0.00 0 1 0 0 0 0 0
chrI	251103	251104	a	1	-	251103	251104	255,0,0	1000 0.00 0 1 0 0 0 0 0
chrI	251104	251105	a	1	-	251104	251105	255,0,0	1000 0.00 0 1 0 0 0 0 0
chrI	251105	251106	a	1	-	251105	251106	255,0,0	1000 0.00 0 1 0 0 0 0 0
chrI	251106	251107	a	1	-	251106	251107	255,0,0	1000 0.00 0 1 0 0 0 0 0
chrI	251107	251108	a	1	-	251107	251108	255,0,0	1000 0.00 0 1 0 0 0 0 0
chrI	251108	251109	a	1	-	251108	251109	255,0,0	1000 0.00 0 1 0 0 0 0 0
chrI	251109	251110	a	1	-	251109	251110	255,0,0	1000 0.00 0 1 0 0 0 0 0
chrI	251110	251111	a	1	-	251110	251111	255,0,0	1000 0.00 0 1 0 0 0 0 0
chrI	251111	251112	a	1	-	251111	251112	255,0,0	1000 0.00 0 1 0 0 0 0 0
chrI	251112	251113	a	1	-	251112	251113	255,0,0	1000 0.00 0 1 0 0 0 0 0
chrI	251113	251114	a	1	-	251113	251114	255,0,0	1000 0.00 0 1 0 0 0 0 0
chrI	251114	251115	a	1	-	251114	251115	255,0,0	1000 0.00 0 1 0 0 0 0 0
chrI	251115	251116	a	1	-	251115	251116	255,0,0	1000 0.00 0 1 0 0 0 0 0
chrI	251116	251117	a	1	-	251116	251117	255,0,0	1000 0.00 0 1 0 0 0 0 0
chrI	251117	251118	a	1	-	251117	251118	255,0,0	1000 0.00 0 1 0 0 0 0 0
chrI	251118	251119	a	1	-	251118	251119	255,0,0	1000 0.00 0 1 0 0 0 0 0
chrI	251119	251120	a	1	-	251119	251120	255,0,0	1000 0.00 0 1 0 0 0 0 0
chrI	251120	251121	a	1	-	251120	251121	255,0,0	1000 0.00 0 1 0 0 0 0 0
chrI	251121	251122	a	1	-	251121	251122	255,0,0	1000 0.00 0 1 0 0 0 0 0
chrI	251122	251123	a	1	-	251122	251123	255,0,0	1000 0.00 0 1 0 0 0 0 0
chrI	251123	251124	a	1	-	251123	251124	255,0,0	1000 0.00 0 1 0 0 0 0 0
chrI	251124	251125	a	1	-	251124	251125	255,0,0	1000 0.00 0 1 0 0 0 0 0
chrI	251125	251126	a	1	-	251125	251126	255,0,0	1000 0.00 0 1 0 0 0 0 0
chrI	251126	251127	a	1	-	251126	251127	255,0,0	1000 0.00 0 1 0 0 0 0 0
chrI	251127	251128	a	1	-	251127	251128	255,0,0	1000 0.00 0 1 0 0 0 0 0
chrI	251128	251129	a	1	-	251128	251129	255,0,0	1000 0.00 0 1 0 0 0 0 0
chrI	251129	251130	a	1	-	251129	251130	255,0,0	1000 0.00 0 1 0 0 0 0 0
chrI	251130	251131	a	1	-	251130	251131	255,0,0	1000 0.00 0 1 0 0 0 0 0
chrI	251131	251132	a	1	-	251131	251132	255,0,0	1000 0.00 0 1 0 0 0 0 0
chrI	251132	251133	a	1	-	251132	251133	255,0,0	1000 0.00 0 1 0 0 0 0 0
chrI	251133	251134	a	1	-	251133	251134	255,0,0	1000 0.00 0 1 0 0 0 0 0
chrI	251134	251135	a	1	-	251134	251135	255,0,0	1000 0.00 0 1 0 0 0 0 0
chrI	251135	251136	a	1	-	251135	251136	255,0,0	1000 0.00 0 1 0 0 0 0 0
chrI	251136	251137	a	1	-	251136	251137	255,0,0	1000 0.00 0 1 0 0 0 0 0
chrI	251137	251138	a	1	-	251137	251138	255,0,0	1000 0.00 0 1 0 0 0 0 0
chrI	251138	251139	a	1	-	251138	251139	255,0,0	1000 0.00 0 1 0 0 0 0 0
chrI	251139	251140	a	1	-	251139	251140	255,0,0	1000 0.00 0 1 0 0 0 0 0
chrI	251140	251141	a	1	-	251140	251141	255,0,0	1000 0.00 0 1 0 0 0 0 0
chrI	251141	251142	a	1	-	251141	251142	255,0,0	1000 0.00 0 1 0 0 0 0 0
chrI	251142	251143	a	1	-	251142	251143	255,0,0	1000 0.00 0 1 0 0 0 0 0
chrI	251143	251144	a	1	-	251143	251144	255,0,0	1000 0.00 0 1 0 0 0 0 0
chrI	251144	251145	a	1	-	251144	251145	255,0,0	1000 0.00 0 1 0 0 0 0 0
chrI	251145	251146	a	1	-	251145	251146	255,0,0	1000 0.00 0 1 0 0 0 0 0
chrI	251146	251147	a	1	-	251146	251147	255,0,0	1000 0.00 0 1 0 0 0 0 0
chrI	251147	251148	a	1	-	251147	251148	255,0,0	1000 0.00 0 1 0 0 0 0 0
chrI	251148	251149	a	1	-	251148	251149	255,0,0	1000 0.00 0 1 0 0 0 0 0
chrI	251149	251150	a	1	-	251149	251150	255,0,0	1000 0.00 0 1 0 0 0 0 0
chrI	251150	251151	a	1	-	251150	251151	255,0,0	1000 0.00 0 1 0 0 0 0 0
chrI	251151	251152	a	1	-	251151	251152	255,0,0	1000 0.00 0 1 0 0 0 0 0
chrI	251152	251153	a	1	-	251152	251153	255,0,0	1000 0.00 0 1 0 0 0 0 0
chrI	251153	251154	a	1	-	251153	251154	255,0,0	1000 0.00 0 1 0 0 0 0 0
chrI	251154	251155	a	1	-	251154	251155	255,0,0	1000 0.00 0 1 0 0 0 0 0
chrI	251155	251156	a	1	-	251155	251156	255,0,0	1000 0.00 0 1 0 0 0 0 0
chrI	251156	251157	a	1	-	251156	251157	255,0,0	1000 0.00 0 1 0 0 0 0 0
chrI	251157	251158	a	1	-	251157	251158	255,0,0	1000 0.00 0 1 0 0 0 0 0
chrI	251158	251159	a	1	-	251158	251159	255,0,0	1000 0.00 0 1 0 0 0 0 0
chrI	251159	251160	a	1	-	251159	251160	255,0,0	1000 0.00 0 1 0 0 0 0 0
chrI	251160	251161	a	1	-	251160	251161	255,0,0	1000 0.00 0 1 0 0 0 0 0
chrI	251161	251162	a	1	-	251161	251162	255,0,0	1000 0.00 0 1 0 0 0 0 0
chrI	251162	251163	a	1	-	251162	251163	255,0,0	1000 0.00 0 1 0 0 0 0 0
chrI	251163	251164	a	1	-	251163	251164	255,0,0	1000 0.00 0 1 0 0 0 0 0
chrI	251164	251165	a	1	-	251164	251165	255,0,0	1000 0.00 0 1 0 0 0 0 0
chrI	251165	251166	a	1	-	251165	251166	255,0,0	1000 0.00 0 1 0 0 0 0 0
chrI	251166	251167	a	1	-	251166	251167	255,0,0	1000 0.00 0 1 0 0 0 0 0
chrI	251167	251168	a	1	-	251167	251168	255,0,0	1000 0.00 0 1 0 0 0 0 0
chrI	251168	251169	a	1	-	251168	251169	255,0,0	1000 0.00 0 1 0 0 0 0 0
chrI	251169	251170	a	1	-	251169	251170	255,0,0	1000 0.00 0 1 0 0 0 0 0
chrI	251170	251171	a	1	-	251170	251171	255,0,0	1000 0.00 0 1 0 0 0 0 0
chrI	251171	251172	a	1	-	251171	251172	255,0,0	1000 0.00 0 1 0 0 0 0 0
chrI	251172	251173	a	1	-	251172	251173	255,0,0	1000 0.00 0 1 0 0 0 0 0
chrI	251173	251174	a	1	-	251173	251174	255,0,0	1000 0.00 0 1 0 0 0 0 0
chrI	251174	251175	a	1	-	251174	251175	255,0,0	1000 0.00 0 1 0 0 0 0 0
chrI	251175	251176	a	1	-	251175	251176	255,0,0	1000 0.00 0 1 0 0 0 0 0
chrI	251176	251177	a	1	-	251176	251177	255,0,0	1000 0.00 0 1 0 0 0 0 0
chrI	251177	251178	a	1	-	251177	251178	255,0,0	1000 0.00 0 1 0 0 0 0 0
chrI	251178	251179	a	1	-	251178	251179	255,0,0	1000 0.00 0 1 0 0 0 0 0
chrI	251179	251180	a	1	-	251179	251180	255,0,0	1000 0.00 0 1 0 0 0 0 0
chrI	251180	251181	a	1	-	251180	251181	255,0,0	1000 0.00 0 1 0 0 0 0 0
chrI	251181	251182	a	1	-	251181	251182	255,0,0	1000 0.00 0 1 0 0 0 0 0
chrI	251182	251183	a	1	-	251182	251183	255,0,0	1000 0.00 0 1 0 0 0 0 0
chrI	251183	251184	a	1	-	251183	251184	255,0,0	1000 0.00 0 1 0 0 0 0 0
chrI	251184	251185	a	1	-	251184	251185	255,0,0	1000 0.00 0 1 0 0 0 0 0
chrI	251185	251186	a	1	-	251185	251186	255,0,0	1000 0.00 0 1 0 0 0 0 0
chrI	251186	251187	a	1	-	251186	251187	255,0,0	1000 0.00 0 1 0 0 0 0 0
chrI	251187	251188	a	1	-	251187	251188	255,0,0	1000 0.00 0 1 0 0 0 0 0
chrI	251188	251189	a	1	-	251188	251189	255,0,0	1000 0.00 0 1 0 0 0 0 0
chrI	251189	251190	a	1	-	251189	251190	255,0,0	1000 0.00 0 1 0 0 0 0 0
chrI	251190	251191	a	1	-	251190	251191	255,0,0	1000 0.00 0 1 0 0 0 0 0
chrI	251191	251192	a	1	-	251191	251192	255,0,0	1000 0.00 0 1 0 0 0 0 0
chrI	251192	251193	a	1	-	251192	251193	255,0,0	1000 0.00 0 1 0 0 0 0 0
chrI	251193	251194	a	1	-	251193	251194	255,0,0	1000 0.00 0 1 0 0 0 0 0
chrI	251194	251195	a	1	-	251194	251195	255,0,0	1000 0.00 0 1 0 0 0 0 0
chrI	251195	251196	a	1	-	251195	251196	255,0,0	1000 0.00 0 1 0 0 0 0 0
chrI	251196	251197	a	1	-	251196	251197	255,0,0	1000 0.00 0 1 0 0 0 0 0
chrI	251197	251198	a	1	-	251197	251198	255,0,0	1000 0.00 0 1 0 0 0 0 0
chrI	251198	251199	a	1	-	251198	251199	255,0,0	1000 0.00 0 1 0 0 0 0 0
chrI	251199	251200	a	1	-	251199	251200	255,0,0	1000 0.00 0 1 0 0 0 0 0
chrI	251200	251201	a	1	-	251200	251201	255,0,0	1000 0.00 0 1 0 0 0 0 0
chrI	251201	251202	a	1	-	251201	251202	255,0,0	1000 0.00 0 1 0 0 0 0 0
chrI	251202	251203	a	1	-	251202	251203	255,0,0	1000 0.00 0 1 0 0 0 0 0
chrI	251203	251204	a	1	-	251203	251204	255,0,0	1000 0.00 0 1 0 0 0 0 0
chrI	251204	251205	a	1	-	251204	251205	255,0,0	1000 0.00 0 1 0 0 0 0 0
chrI	251205	251206	a	1	-	251205	251206	255,0,0	1000 0.00 0 1 0 0 0 0 0
chrI	251206	251207	a	1	-	251206	251207	255,0,0	1000 0.00 0 1 0 0 0 0 0
chrI	251207	251208	a	1	-	251207	251208	255,0,0	1000 0.00 0 1 0 0 0 0 0
chrI	251208	251209	a	1	-	251208	251209	255,0,0	1000 0.00 0 1 0 0 0 0 0
chrI	251209	251210	a	1	-	251209	251210	255,0,0	1000 0.00 0 1 0 0 0 0 0
chrI	251210	251211	a	1	-	251210	251211	255,0,0	1000 0.00 0 1 0 0 0 0 0
chrI	251211	251212	a	1	-	251211	251212	255,0,0	1000 0.00 0 1 0 0 0 0 0
chrI	251212	251213	a	1	-	251212	251213	255,0,0	1000 0.00 0 1 0 0 0 0 0
chrI	251213	251214	a	1	-	251213	251214	255,0,0	1000 0.00 0 1 0 0 0 0 0
chrI	251214	251215	a	1	-	251214	251215	255,0,0	1000 0.00 0 1 0 0 0 0 0
chrI	251215	251216	a	1	-	251215	251216	255,0,0	1000 0.00 0 1 0 0 0 0 0
chrI	251216	251217	a	1	-	251216	251217	255,0,0	1000 0.00 0 1 0 0 0 0 0
chrI	251217	251218	a	1	-	251217	251218	255,0,0	1000 0.00 0 1 0 0 0 0 0
chrI	251218	251219	a	1	-	251218	251219	255,0,0	1000 0.00 0 1 0 0 0 0 0
chrI	251219	251220	a	1	-	251219	251220	255,0,0	1000 0.00 0 1 0 0 0 0 0
chrI	251220	251221	a	1	-	251220	251221	255,0,0	1000 0.00 0 1 0 0 0 0 0
chrI	251221	251222	a	1	-	251221	251222	255,0,0	1000 0.00 0 1 0 0 0 0 0
chrI	251222	251223	a	1	-	251222	251223	255,0,0	1000 0.00 0 1 0 0 0 0 0
chrI	251223	251224	a	1	-	251223	251224	255,0,0	1000 0.00 0 1 0 0 0 0 0
chrI	251224	251225	a	1	-	251224	251225	255,0,0	1000 0.00 0 1 0 0 0 0 0
chrI	251225	251226	a	1	-	251225	251226	255,0,0	1000 0.00 0 1 0 0 0 0 0
chrI	251226	251227	a	1	-	251226	251227	255,0,0	1000 0.00 0 1 0 0 0 0 0
chrI	251227	251228	a	1	-	251227	251228	255,0,0	1000 0.00 0 1 0 0 0 0 0
chrI	251228	251229	a	1	-	251228	251229	255,0,0	1000 0.00 0 1 0 0 0 0 0
chrI	251229	251230	a	1	-	251229	251230	255,0,0	1000 0.00 0 1 0 0 0 0 0
chrI	251230	251231	a	1	-	251230	251231	255,0,0	1000 0.00 0 1 0 0 0 0 0
chrI	251231	251232	a	1	-	251231	251232	255,0,0	1000 0.00 0 1 0 0 0 0 0
chrI	251232	251233	a	1	-	251232	251233	255,0,0	1000 0.00 0 1 0 0 0 0 0
chrI	251233	251234	a	1	-	251233	251234	255,0,0	1000 0.00 0 1 0 0 0 0 0
chrI	251234	251235	a	1	-	251234	251235	255,0,0	1000 0.00 0 1 0 0 0 0 0
chrI	251235	251236	a	1	-	251235	251236	255,0,0	1000 0.00 0 1 0 0 0 0 0
chrI	251236	251237	a	1	-	251236	251237	255,0,0	1000 0.00 0 1 0 0 0 0 0
chrI	251237	251238	a	1	-	251237	251238	255,0,0	1000 0.00 0 1 0 0 0 0 0
chrI	251238	251239	a	1	-	251238	251239	255,0,0	1000 0.00 0 1 0 0 0 0 0
chrI	251239	251240	a	1	-	251239	251240	255,0,0	1000 0.00 0 1 0 0 0 0 0
chrI	251240	251241	a	1	-	251240	251241	255,0,0	1000 0.00 0 1 0 0 0 0 0
chrI	251241	251242	a	1	-	251241	251242	255,0,0	1000 0.00 0 1 0 0 0 0 0
chrI	251242	251243	a	1	-	251242	251243	255,0,0	1000 0.00 0 1 0 0 0 0 0
chrI	251243	251244	a	1	-	251243	251244	255,0,0	1000 0.00 0 1 0 0 0 0 0
chrI	251244	251245	a	1	-	251244	251245	255,0,0	1000 0.00 0 1 0 0 0 0 0
chrI	251245	251246	a	1	-	251245	251246	255,0,0	1000 0.00 0 1 0 0 0 0 0
chrI	251246	251247	a	1	-	251246	251247	255,0,0	1000 0.00 0 1 0 0 0 0 0
chrI	251247	251248	a	1	-	251247	251248	255,0,0	1000 0.00 0 1 0 0 0 0 0
chrI	251248	251249	a	1	-	251248	251249	255,0,0	1000 0.00 0 1 0 0 0 0 0
chrI	251249	251250	a	1	-	251249	251250	255,0,0	1000 0.00 0 1 0 0 0 0 0
chrI	251250	251251	a	1	-	251250	251251	255,0,0	1000 0.00 0 1 0 0 0 0 0
chrI	251251	251252	a	1	-	251251	251252	255,0,0	1000 0.00 0 1 0 0 0 0 0
chrI	251252	251253	a	1	-	251252	251253	255,0,0	1000 0.00 0 1 0 0 0 0 0
chrI	251253	251254	a	1	-	251253	251254	255,0,0	1000 0.00 0 1 0 0 0 0 0
chrI	251254	251255	a	1	-	251254	251255	255,0,0	1000 0.00 0 1 0 0 0 0 0
chrI	251255	251256	a	1	-	251255	251256	255,0,0	1000 0.00 0 1 0 0 0 0 0
chrI	251256	251257	a	1	-	251256	251257	255,0,0	1000 0.00 0 1 0 0 0 0 0
chrI	251257	251258	a	1	-	251257	251258	255,0,0	1000 0.00 0 1 0 0 0 0 0
chrI	251258	251259	a	1	-	251258	251259	255,0,0	1000 0.00 0 1 0 0 0 0 0
chrI	251259	251260	a	1	-	251259	251260	255,0,0	1000 0.00 0 1 0 0 0 0 0
chrI	251260	251261	a	1	-	251260	251261	255,0,0	1000 0.00 0 1 0 0 0 0 0
chrI	251261	251262	a	1	-	251261	251262	255,0,0	1000 0.00 0 1 0 0 0 0 0
chrI	251262	251263	a	1	-	251262	251263	255,0,0	1000 0.00 0 1 0 0 0 0 0
chrI	251263	251264	a	1	-	251263	251264	255,0,0	1000 0.00 0 1 0 0 0 0 0
chrI	251264	251265	a	1	-	251264	251265	255,0,0	1000 0.00 0 1 0 0 0 0 0
chrI	251265	251266	a	1	-	251265	251266	255,0,0	1000 0.00 0 1 0 0 0 0 0
chrI	251266	251267	a	1	-	251266	251267	255,0,0	1000 0.00 0 1 0 0 0 0 0
chrI	251267	251268	a	1	-	251267	251268	255,0,0	1000 0.00 0 1 0 0 0 0 0
chrI	251268	251269	a	1	-	251268	251269	255,0,0	1000 0.00 0 1 0 0 0 0 0
chrI	251269	251270	a	1	-	251269	251270	255,0,0	1000 0.00 0 1 0 0 0 0 0
chrI	251270	251271	a	1	-	251270	251271	255,0,0	1000 0.00 0 1 0 0 0 0 0
chrI	251271	251272	a	1	-	251271	251272	255,0,0	1000 0.00 0 1 0 0 0 0 0
chrI	251272	251273	a	1	-	251272	251273	255,0,0	1000 0.00 0 1 0 0 0 0 0
chrI	251273	251274	a	1	-	251273	251274	255,0,0	1000 0.00 0 1 0 0 0 0 0
chrI	251274	251275	a	1	-	251274	251275	255,0,0	1000 0.00 0 1 0 0 0 0 0
chrI	251275	251276	a	1	-	251275	251276	255,0,0	1000 0.00 0 1 0 0 0 0 0
chrI	251276	251277	a	1	-	251276	251277	255,0,0	1000 0.00 0 1 0 0 0 0 0
chrI	251277	251278	a	1	-	251277	251278	255,0,0	1000 0.00 0 1 0 0 0 0 0
chrI	251278	251279	a	1	-	251278	251279	255,0,0	1000 0.00 0 1 0 0 0 0 0
chrI	251279	251280	a	1	-	251279	251280	255,0,0	1000 0.00 0 1 0 0 0 0 0
chrI	251280	251281	a	1	-	251280	251281	255,0,0	1000 0.00 0 1 0 0 0 0 0
chrI	251281	251282	a	1	-	251281	251282	255,0,0	1000 0.00 0 1 0 0 0 0 0
chrI	251282	251283	a	1	-	251282	251283	255,0,0	1000 0.00 0 1 0 0 0 0 0
chrI	251283	251284	a	1	-	251283	251284	255,0,0	1000 0.00 0 1 0 0 0 0 0
chrI	251284	251285	a	1	-	251284	251285	255,0,0	1000 0.00 0 1 0 0 0 0 0
chrI	251285	251286	a	1	-	251285	251286	255,0,0	1000 0.00 0 1 0 0 0 0 0
chrI	251286	251287	a	1	-	251286	251287	255,0,0	1000 0.00 0 1 0 0 0 0 0
chrI	251287	251288	a	1	-	251287	251288	255,0,0	1000 0.00 0 1 0 0 0 0 0
chrI	251288	251289	a	1	-	251288	251289	255,0,0	1000 0.00 0 1 0 0 0 0 0
chrI	251289	251290	a	1	-	251289	251290	255,0,0	1000 0.00 0 1 0 0 0 0 0
chrI	251290	251291	a	1	-	251290	251291	255,0,0	1000 0.00 0 1 0 0 0 0 0
chrI	251291	251292	a	1	-	251291	251292	255,0,0	1000 0.00 0 1 0 0 0 0 0
chrI	251292	251293	a	1	-	251292	251293	255,0,0	1000 0.00 0 1 0 0 0 0 0
chrI	251293	251294	a	1	-	251293	251294	255,0,0	1000 0.00 0 1 0 0 0 0 0
chrI	251294	251295	a	1	-	251294	251295	255,0,0	1000 0.00 0 1 0 0 0 0 0
chrI	251295	251296	a	1	-	251295	251296	255,0,0	1000 0.00 0 1 0 0 0 0 0
chrI	251296	251297	a	1	-	251296	251297	255,0,0	1000 0.00 0 1 0 0 0 0 0
chrI	251297	251298	a	1	-	251297	251298	255,0,0	1000 0.00 0 1 0 0 0 0 0
chrI	251298	251299	a	1	-	251298	251299	255,0,0	1000 0.00 0 1 0 0 0 0 0
chrI	251299	251300	a	1	-	251299	251300	255,0,0	1000 0.00 0 1 0 0 0 0 0
chrI	251300	251301	a	1	-	251300	251301	255,0,0	1000 0.00 0 1 0 0 0 0 0
chrI	251301	251302	a	1	-	251301	251302	255,0,0	1000 0.00 0 1 0 0 0 0 0
chrI	251302	251303	a	1	-	251302	251303	255,0,0	1000 0.00 0 1 0 0 0 0 0
chrI	251303	251304	a	1	-	251303	251304	255,0,0	1000 0.00 0 1 0 0 0 0 0
chrI	251304	251305	a	1	-	251304	251305	255,0,0	1000 0.00 0 1 0 0 0 0 0
chrI	251305	251306	a	1	-	251305	251306	255,0,0	1000 0.00 0 1 0 0 0 0 0
chrI	251306	251307	a	1	-	251306	251307	255,0,0	1000 0.00 0 1 0 0 0 0 0
chrI	251307	251308	a	1	-	251307	251308	255,0,0	1000 0.00 0 1 0 0 0 0 0
chrI	251308	251309	a	1	-	251308	251309	255,0,0	1000 0.00 0 1 0 0 0 0 0
chrI	251309	251310	a	1	-	251309	251310	255,0,0	1000 0.00 0 1 0 0 0 0 0
chrI	251310	251311	a	1	-	251310	251311	255,0,0	1000 0.00 0 1 0 0 0 0 0
chrI	251311	251312	a	1	-	251311	251312	255,0,0	1000 0.00 0 1 0 0 0 0 0
chrI	251312	251313	a	1	-	251312	251313	255,0,0	1000 0.00 0 1 0 0 0 0 0
chrI	251313	251314	a	1	-	251313	251314	255,0,0	1000 0.00 0 1 0 0 0 0 0
chrI	251314	251315	a	1	-	251314	251315	255,0,0	1000 0.00 0 1 0 0 0 0 0
chrI	251315	251316	a	1	-	251315	251316	255,0,0	1000 0.00 0 1 0 0 0 0 0
chrI	251316	251317	a	1	-	251316	251317	255,0,0	1000 0.00 0 1 0 0 0 0 0
chrI	251317	251318	a	1	-	251317	251318	255,0,0	1000 0.00 0 1 0 0 0 0 0
chrI	251318	251319	a	1	-	251318	251319	255,0,0	1000 0.00 0 1 0 0 0 0 0
chrI	251319	251320	a	1	-	251319	251320	255,0,0	1000 0.00 0 1 0 0 0 0 0
chrI	251320	251321	a	1	-	251320	251321	255,0,0	1000 0.00 0 1 0 0 0 0 0
chrI	251321	251322	a	1	-	251321	251322	255,0,0	1000 0.00 0 1 0 0 0 0 0
chrI	251322	251323	a	1	-	251322	251323	255,0,0	1000 0.00 0 1 0 0 0 0 0
chrI	251323	251324	a	1	-	251323	251324	255,0,0	1000 0.00 0 1 0 0 0 0 0
chrI	251324	251325	a	1	-	251324	251325	255,0,0	1000 0.00 0 1 0 0 0 0 0
chrI	251325	251326	a	1	-	251325	251326	255,0,0	1000 0.00 0 1 0 0 0 0 0
chrI	251326	251327	a	1	-	251326	251327	255,0,0	1000 0.00 0 1 0 0 0 0 0
chrI	251327	251328	a	1	-	251327	251328	255,0,0	1000 0.00 0 1 0 0 0 0 0
chrI	251328	251329	a	1	-	251328	251329	255,0,0	1000 0.00 0 1 0 0 0 0 0
chrI	251329	251330	a	1	-	251329	251330	255,0,0	1000 0.00 0 1 0 0 0 0 0
chrI	251330	251331	a	1	-	251330	251331	255,0,0	1000 0.00 0 1 0 0 0 0 0
chrI	251331	251332	a	1	-	251331	251332	255,0,0	1000 0.00 0 1 0 0 0 0 0
chrI	251332	251333	a	1	-	251332	251333	255,0,0	1000 0.00 0 1 0 0 0 0 0
chrI	251333	251334	a	1	-	251333	251334	255,0,0	1000 0.00 0 1 0 0 0 0 0
chrI	251334	251335	a	1	-	251334	251335	255,0,0	1000 0.00 0 1 0 0 0 0 0
chrI	251335	251336	a	1	-	251335	251336	255,0,0	1000 0.00 0 1 0 0 0 0 0
chrI	251336	251337	a	1	-	251336	251337	255,0,0	1000 0.00 0 1 0 0 0 0 0
chrI	251337	251338	a	1	-	251337	251338	255,0,0	1000 0.00 0 1 0 0 0 0 0
chrI	251338	251339	a	1	-	251338	251339	255,0,0	1000 0.00 0 1 0 0 0 0 0
chrI	251339	251340	a	1	-	251339	251340	255,0,0	1000 0.00 0 1 0 0 0 0 0
chrI	251340	251341	a	1	-	251340	251341	255,0,0	1000 0.00 0 1 0 0 0 0 0
chrI	251341	251342	a	1	-	251341	251342	255,0,0	1000 0.00 0 1 0 0 0 0 0
chrI	251342	251343	a	1	-	251342	251343	255,0,0	1000 0.00 0 1 0 0 0 0 0
chrI	251343	251344	a	1	-	251343	251344	255,0,0	1000 0.00 0 1 0 0 0 0 0
chrI	251344	251345	a	1	-	251344	251345	255,0,0	1000 0.00 0 1 0 0 0 0 0
chrI	251345	251346	a	1	-	251345	251346	255,0,0	1000 0.00 0 1 0 0 0 0 0
chrI	251346	251347	a	1	-	251346	251347	255,0,0	1000 0.00 0 1 0 0 0 0 0
chrI	251347	251348	a	1	-	251347	251348	255,0,0	1000 0.00 0 1 0 0 0 0 0
chrI	251348	251349	a	1	-	251348	251349	255,0,0	1000 0.00 0 1 0 0 0 0 0
chrI	251349	251350	a	1	-	251349	251350	255,0,0	1000 0.00 0 1 0 0 0 0 0
chrI	251350	251351	a	1	-	251350	251351	255,0,0	1000 0.00 0 1 0 0 0 0 0
chrI	251351	251352	a	1	-	251351	251352	255,0,0	1000 0.00 0 1 0 0 0 0 0
chrI	251352	251353	a	1	-	251352	251353	255,0,0	1000 0.00 0 1 0 0 0 0 0
chrI	251353	251354	a	1	-	251353	251354	255,0,0	1000 0.00 0 1 0 0 0 0 0
chrI	251354	251355	a	1	-	251354	251355	255,0,0	1000 0.00 0 1 0 0 0 0 0
chrI	251355	251356	a	1	-	251355	251356	255,0,0	1000 0.00 0 1 0 0 0 0 0
chrI	251356	251357	a	1	-	251356	251357	255,0,0	1000 0.00 0 1 0 0 0 0 0
chrI	251357	251358	a	1	-	251357	251358	255,0,0	1000 0.00 0 1 0 0 0 0 0
chrI	251358	251359	a	1	-	251358	251359	255,0,0	1000 0.00 0 1 0 0 0 0 0
chrI	251359	251360	a	1	-	251359	251360	255,0,0	1000 0.00 0 1 0 0 0 0 0
chrI	251360	251361	a	1	-	251360	251361	255,0,0	1000 0.00 0 1 0 0 0 0 0
chrI	251361	251362	a	1	-	251361	251362	255,0,0	1000 0.00 0 1 0 0 0 0 0
chrI	251362	251363	a	1	-	251362	251363	255,0,0	1000 0.00 0 1 0 0 0 0 0
chrI	251363	251364	a	1	-	251363	251364	255,0,0	1000 0.00 0 1 0 0 0 0 0
chrI	251364	251365	a	1	-	251364	251365	255,0,0	1000 0.00 0 1 0 0 0 0 0
chrI	251365	251366	a	1	-	251365	251366	255,0,0	1000 0.00 0 1 0 0 0 0 0
chrI	251366	251367	a	1	-	251366	251367	255,0,0	1000 0.00 0 1 0 0 0 0 0
chrI	251367	251368	a	1	-	251367	251368	255,0,0	1000 0.00 0 1 0 0 0 0 0
chrI	251368	251369	a	1	-	251368	251369	255,0,0	1000 0.00 0 1 0 0 0 0 0
chrI	251369	251370	a	1	-	251369	251370	255,0,0	1000 0.00 0 1 0 0 0 0 0
chrI	251370	251371	a	1	-	251370	251371	255,0,0	1000 0.00 0 1 0 0 0 0 0
chrI	251371	251372	a	1	-	251371	251372	255,0,0	1000 0.00 0 1 0 0 0 0 0
chrI	251372	251373	a	1	-	251372	251373	255,0,0	1000 0.00 0 1 0 0 0 0 0
chrI	251373	251374	a	1	-	251373	251374	255,0,0	1000 0.00 0 1 0 0 0 0 0
chrI	251374	251375	a	1	-	251374	251375	255,0,0	1000 0.00 0 1 0 0 0 0 0
chrI	251375	251376	a	1	-	251375	251376	255,0,0	1000 0.00 0 1 0 0 0 0 0
chrI	251376	251377	a	1	-	251376	251377	255,0,0	1000 0.00 0 1 0 0 0 0 0
chrI	251377	251378	a	1	-	251377	251378	255,0,0	1000 0.00 0 1 0 0 0 0 0
chrI	251378	251379	a	1	-	251378	251379	255,0,0	1000 0.00 0 1 0 0 0 0 0
chrI	251379	251380	a	1	-	251379	251380	255,0,0	1000 0.00 0 1 0 0 0 0 0
chrI	251380	251381	a	1	-	251380	251381	255,0,0	1000 0.00 0 1 0 0 0 0 0
chrI	251381	251382	a	1	-	251381	251382	255,0,0	1000 0.00 0 1 0 0 0 0 0
chrI	251382	251383	a	1	-	251382	251383	255,0,0	1000 0.00 0 1 0 0 0 0 0
chrI	251383	251384	a	1	-	251383	251384	255,0,0	1000 0.00 0 1 0 0 0 0 0
chrI	251384	251385	a	1	-	251384	251385	255,0,0	1000 0.00 0 1 0 0 0 0 0
chrI	251385	251386	a	1	-	251385	251386	255,0,0	1000 0.00 0 1 0 0 0 0 0
chrI	251386	251387	a	1	-	251386	251387	255,0,0	1000 0.00 0 1 0 0 0 0 0
chrI	251387	251388	a	1	-	251387	251388	255,0,0	1000 0.00 0 1 0 0 0 0 0
chrI	251388	251389	a	1	-	251388	251389	255,0,0	1000 0.00 0 1 0 0 0 0 0
chrI	251389	251390	a	1	-	251389	251390	255,0,0	1000 0.00 0 1 0 0 0 0 0
chrI	251390	251391	a	1	-	251390	251391	255,0,0	1000 0.00 0 1 0 0 0 0 0
chrI	251391	251392	a	1	-	251391	251392	255,0,0	1000 0.00 0 1 0 0 0 0 0
chrI	251392	251393	a	1	-	251392	251393	255,0,0	1000 0.00 0 1 0 0 0 0 0
chrI	251393	251394	a	1	-	251393	251394	255,0,0	1000 0.00 0 1 0 0 0 0 0
chrI	251394	251395	a	1	-	251394	251395	255,0,0	1000 0.00 0 1 0 0 0 0 0
chrI	251395	251396	a	1	-	251395	251396	255,0,0	1000 0.00 0 1 0 0 0 0 0
chrI	251396	251397	a	1	-	251396	251397	255,0,0	1000 0.00 0 1 0 0 0 0 0
chrI	251397	251398	a	1	-	251397	251398	255,0,0	1000 0.00 0 1 0 0 0 0 0
chrI	251398	251399	a	1	-	251398	251399	255,0,0	1000 0.00 0 1 0 0 0 0 0
chrI	251399	251400	a	1	-	251399	251400	255,0,0	1000 0.00 0 1 0 0 0 0 0
chrI	251400	251401	a	1	-	251400	251401	255,0,0	1000 0.00 0 1 0 0 0 0 0
chrI	251401	251402	a	1	-	251401	251402	255,0,0	1000 0.00 0 1 0 0 0 0 0
chrI	251402	251403	a	1	-	251402	251403	255,0,0	1000 0.00 0 1 0 0 0 0 0
chrI	251403	251404	a	1	-	251403	251404	255,0,0	1000 0.00 0 1 0 0 0 0 0
chrI	251404	251405	a	1	-	251404	251405	255,0,0	1000 0.00 0 1 0 0 0 0 0
chrI	251405	251406	a	1	-	251405	251406	255,0,0	1000 0.00 0 1 0 0 0 0 0
chrI	251406	251407	a	1	-	251406	251407	255,0,0	1000 0.00 0 1 0 0 0 0 0
chrI	251407	251408	a	1	-	251407	251408	255,0,0	1000 0.00 0 1 0 0 0 0 0
chrI	251408	251409	a	1	-	251408	251409	255,0,0	1000 0.00 0 1 0 0 0 0 0
chrI	251409	251410	a	1	-	251409	251410	255,0,0	1000 0.00 0 1 0 0 0 0 0
chrI	251410	251411	a	1	-	251410	251411	255,0,0	1000 0.00 0 1 0 0 0 0 0
chrI	251411	251412	a	1	-	251411	251412	255,0,0	1000 0.00 0 1 0 0 0 0 0
chrI	251412	251413	a	1	-	251412	251413	255,0,0	1000 0.00 0 1 0 0 0 0 0
chrI	251413	251414	a	1	-	251413	251414	255,0,0	1000 0.00 0 1 0 0 0 0 0
chrI	251414	251415	a	1	-	251414	251415	255,0,0	1000 0.00 0 1 0 0 0 0 0
chrI	251415	251416	a	1	-	251415	251416	255,0,0	1000 0.00 0 1 0 0 0 0 0
chrI	251416	251417	a	1	-	251416	251417	255,0,0	1000 0.00 0 1 0 0 0 0 0
chrI	251417	251418	a	1	-	251417	251418	255,0,0	1000 0.00 0 1 0 0 0 0 0
chrI	251418	251419	a	1	-	251418	251419	255,0,0	1000 0.00 0 1 0 0 0 0 0
chrI	251419	251420	a	1	-	251419	251420	255,0,0	1000 0.00 0 1 0 0 0 0 0
chrI	251420	251421	a	1	-	251420	251421	255,0,0	1000 0.00 0 1 0 0 0 0 0
chrI	251421	251422	a	1	-	251421	251422	255,0,0	1000 0.00 0 1 0 0 0 0 0
chrI	251422	251423	a	1	-	251422	251423	255,0,0	1000 0.00 0 1 0 0 0 0 0
chrI	251423	251424	a	1	-	251423	251424	255,0,0	1000 0.00 0 1 0 0 0 0 0
chrI	251424	251425	a	1	-	251424	251425	255,0,0	1000 0.00 0 1 0 0 0 0 0
chrI	251425	251426	a	1	-	251425	251426	255,0,0	1000 0.00 0 1 0 0 0 0 0
chrI	251426	251427	a	1	-	251426	251427	255,0,0	1000 0.00 0 1 0 0 0 0 0
chrI	251427	251428	a	1	-	251427	251428	255,0,0	1000 0.00 0 1 0 0 0 0 0
chrI	251428	251429	a	1	-	251428	251429	255,0,0	1000 0.00 0 1 0 0 0 0 0
chrI	251429	251430	a	1	-	251429	251430	255,0,0	1000 0.00 0 1 0 0 0 0 0
chrI	251430	251431	a	1	-	251430	251431	255,0,0	1000 0.00 0 1 0 0 0 0 0
chrI	251431	251432	a	1	-	251431	251432	255,0,0	1000 0.00 0 1 0 0 0 0 0
chrI	251432	251433	a	1	-	251432	251433	255,0,0	1000 0.00 0 1 0 0 0 0 0
chrI	251433	251434	a	1	-	251433	251434	255,0,0	1000 0.00 0 1 0 0 0 0 0
chrI	251434	251435	a	1	-	251434	251435	255,0,0	1000 0.00 0 1 0 0 0 0 0
chrI	251435	251436	a	1	-	251435	251436	255,0,0	1000 0.00 0 1 0 0 0 0 0
chrI	251436	251437	a	1	-	251436	251437	255,0,0	1000 0.00 0 1 0 0 0 0 0
chrI	251437	251438	a	1	-	251437	251438	255,0,0	1000 0.00 0 1 0 0 0 0 0
chrI	251438	251439	a	1	-	251438	251439	255,0,0	1000 0.00 0 1 0 0 0 0 0
chrI	251439	251440	a	1	-	251439	251440	255,0,0	1000 0.00 0 1 0 0 0 0 0
chrI	251440	251441	a	1	-	251440	251441	255,0,0	1000 0.00 0 1 0 0 0 0 0
chrI	251441	251442	a	1	-	251441	251442	255,0,0	1000 0.00 0 1 0 0 0 0 0
chrI	251442	251443	a	1	-	251442	251443	255,0,0	1000 0.00 0 1 0 0 0 0 0
chrI	251443	251444	a	1	-	251443	251444	255,0,0	1000 0.00 0 1 0 0 0 0 0
chrI	251444	251445	a	1	-	251444	251445	255,0,0	1000 0.00 0 1 0 0 0 0 0
chrI	251445	251446	a	1	-	251445	251446	255,0,0	1000 0.00 0 1 0 0 0 0 0
chrI	251446	251447	a	1	-	251446	251447	255,0,0	1000 0.00 0 1 0 0 0 0 0
chrI	251447	251448	a	1	-	251447	251448	255,0,0	1000 0.00 0 1 0 0 0 0 0
chrI	251448	251449	a	1	-	251448	251449	255,0,0	1000 0.00 0 1 0 0 0 0 0
chrI	251449	251450	a	1	-	251449	251450	255,0,0	1000 0.00 0 1 0 0 0 0 0
chrI	251450	251451	a	1	-	251450	251451	255,0,0	1000 0.00 0 1 0 0 0 0 0
chrI	251451	251452	a	1	-	251451	251452	255,0,0	1000 0.00 0 1 0 0 0 0 0
chrI	251452	251453	a	1	-	251452	251453	255,0,0	1000 0.00 0 1 0 0 0 0 0
chrI	251453	251454	a	1	-	251453	251454	255,0,0	1000 0.00 0 1 0 0 0 0 0
chrI	251454	251455	a	1	-	251454	251455	255,0,0	1000 0.00 0 1 0 0 0 0 0
chrI	251455	251456	a	1	-	251455	251456	255,0,0	1000 0.00 0 1 0 0 0 0 0
chrI	251456	251457	a	1	-	251456	251457	255,0,0	1000 0.00 0 1 0 0 0 0 0
chrI	251457	251458	a	1	-	251457	251458	255,0,0	1000 0.00 0 1 0 0 0 0 0
chrI	251458	251459	a	1	-	251458	251459	255,0,0	1000 0.00 0 1 0 0 0 0 0
chrI	251459	251460	a	1	-	251459	251460	255,0,0	1000 0.00 0 1 0 0 0 0 0
chrI	251460	251461	a	1	-	251460	251461	255,0,0	1000 0.00 0 1 0 0 0 0 0
chrI	251461	251462	a	1	-	251461	251462	255,0,0	1000 0.00 0 1 0 0 0 0 0
chrI	251462	251463	a	1	-	251462	251463	255,0,0	1000 0.00 0 1 0 0 0 0 0
chrI	251463	251464	a	1	-	251463	251464	255,0,0	1000 0.00 0 1 0 0 0 0 0
chrI	251464	251465	a	1	-	251464	251465	255,0,0	1000 0.00 0 1 0 0 0 0 0
chrI	251465	251466	a	1	-	251465	251466	255,0,0	1000 0.00 0 1 0 0 0 0 0
chrI	251466	251467	a	1	-	251466	251467	255,0,0	1000 0.00 0 1 0 0 0 0 0
chrI	251467	251468	a	1	-	251467	251468	255,0,0	1000 0.00 0 1 0 0 0 0 0
chrI	251468	251469	a	1	-	251468	251469	255,0,0	1000 0.00 0 1 0 0 0 0 0
chrI	251469	251470	a	1	-	251469	251470	255,0,0	1000 0.00 0 1 0 0 0 0 0
chrI	251470	251471	a	1	-	251470	251471	255,0,0	1000 0.00 0 1 0 0 0 0 0
chrI	251471	251472	a	1	-	251471	251472	255,0,0	1000 0.00 0 1 0 0 0 0 0
chrI	251472	251473	a	1	-	251472	251473	255,0,0	1000 0.00 0 1 0 0 0 0 0
chrI	251473	251474	a	1	-	251473	251474	255,0,0	1000 0.00 0 1 0 0 0 0 0
chrI	251474	251475	a	1	-	251474	251475	255,0,0	1000 0.00 0 1 0 0 0 0 0
chrI	251475	251476	a	1	-	251475	251476	255,0,0	1000 0.00 0 1 0 0 0 0 0
chrI	251476	251477	a	1	-	251476	251477	255,0,0	1000 0.00 0 1 0 0 0 0 0
chrI	251477	251478	a	1	-	251477	251478	255,0,0	1000 0.00 0 1 0 0 0 0 0
chrI	251478	251479	a	1	-	251478	251479	255,0,0	1000 0.00 0 1 0 0 0 0 0
chrI	251479	251480	a	1	-	251479	251480	255,0,0	1000 0.00 0 1 0 0 0 0 0
chrI	251480	251481	a	1	-	251480	251481	255,0,0	1000 0.00 0 1 0 0 0 0 0
chrI	251481	251482	a	1	-	251481	251482	255,0,0	1000 0.00 0 1 0 0 0 0 0
chrI	251482	251483	a	1	-	251482	251483	255,0,0	1000 0.00 0 1 0 0 0 0 0
chrI	251483	251484	a	1	-	251483	251484	255,0,0	1000 0.00 0 1 0 0 0 0 0
chrI	251484	251485	a	1	-	251484	251485	255,0,0	1000 0.00 0 1 0 0 0 0 0
chrI	251485	251486	a	1	-	251485	251486	255,0,0	1000 0.00 0 1 0 0 0 0 0
chrI	251486	251487	a	1	-	251486	251487	255,0,0	1000 0.00 0 1 0 0 0 0 0
chrI	251487	251488	a	1	-	251487	251488	255,0,0	1000 0.00 0 1 0 0 0 0 0
chrI	251488	251489	a	1	-	251488	251489	255,0,0	1000 0.00 0 1 0 0 0 0 0
chrI	251489	251490	a	1	-	251489	251490	255,0,0	1000 0.00 0 1 0 0 0 0 0
chrI	251490	251491	a	1	-	251490	251491	255,0,0	1000 0.00 0 1 0 0 0 0 0
chrI	251491	251492	a	1	-	251491	251492	255,0,0	1000 0.00 0 1 0 0 0 0 0
chrI	251492	251493	a	1	-	251492	251493	255,0,0	1000 0.00 0 1 0 0 0 0 0
chrI	251493	251494	a	1	-	251493	251494	255,0,0	1000 0.00 0 1 0 0 0 0 0
chrI	251494	251495	a	1	-	251494	251495	255,0,0	1000 0.00 0 1 0 0 0 0 0
chrI	251495	251496	a	1	-	251495	251496	255,0,0	1000 0.00 0 1 0 0 0 0 0
chrI	251496	251497	a	1	-	251496	251497	255,0,0	1000 0.00 0 1 0 0 0 0 0
chrI	251497	251498	a	1	-	251497	251498	255,0,0	1000 0.00 0 1 0 0 0 0 0
chrI	251498	251499	a	1	-	251498	251499	255,0,0	1000 0.00 0 1 0 0 0 0 0
chrI	251499	251500	a	1	-	251499	251500	255,0,0	1000 0.00 0 1 0 0 0 0 0
chrI	251500	251501	a	1	-	251500	251501	255,0,0	1000 0.00 0 1 0 0 0 0 0
chrI	251501	251502	a	1	-	251501	251502	255,0,0	1000 0.00 0 1 0 0 0 0 0
chrI	251502	251503	a	1	-	251502	251503	255,0,0	1000 0.00 0 1 0 0 0 0 0
chrI	251503	251504	a	1	-	251503	251504	255,0,0	1000 0.00 0 1 0 0 0 0 0
chrI	251504	251505	a	1	-	251504	251505	255,0,0	1000 0.00 0 1 0 0 0 0 0
chrI	251505	251506	a	1	-	251505	251506	255,0,0	1000 0.00 0 1 0 0 0 0 0
chrI	251506	251507	a	1	-	251506	251507	255,0,0	1000 0.00 0 1 0 0 0 0 0
chrI	251507	251508	a	1	-	251507	251508	255,0,0	1000 0.00 0 1 0 0 0 0 0
chrI	251508	251509	a	1	-	251508	251509	255,0,0	1000 0.00 0 1 0 0 0 0 0
chrI	251509	251510	a	1	-	251509	251510	255,0,0	1000 0.00 0 1 0 0 0 0 0
chrI	251510	251511	a	1	-	251510	251511	255,0,0	1000 0.00 0 1 0 0 0 0 0
chrI	251511	251512	a	1	-	251511	251512	255,0,0	1000 0.00 0 1 0 0 0 0 0
chrI	251512	251513	a	1	-	251512	251513	255,0,0	1000 0.00 0 1 0 0 0 0 0
chrI	251513	251514	a	1	-	251513	251514	255,0,0	1000 0.00 0 1 0 0 0 0 0
chrI	251514	251515	a	1	-	251514	251515	255,0,0	1000 0.00 0 1 0 0 0 0 0
chrI	251515	251516	a	1	-	251515	251516	255,0,0	1000 0.00 0 1 0 0 0 0 0
chrI	251516	251517	a	1	-	251516	251517	255,0,0	1000 0.00 0 1 0 0 0 0 0
chrI	251517	251518	a	1	-	251517	251518	255,0,0	1000 0.00 0 1 0 0 0 0 0
chrI	251518	251519	a	1	-	251518	251519	255,0,0	1000 0.00 0 1 0 0 0 0 0
chrI	251519	251520	a	1	-	251519	251520	255,0,0	1000 0.00 0 1 0 0 0 0 0
chrI	251520	251521	a	1	-	251520	251521	255,0,0	1000 0.00 0 1 0 0 0 0 0
chrI	251521	251522	a	1	-	251521	251522	255,0,0	1000 0.00 0 1 0 0 0 0 0
chrI	251522	251523	a	1	-	251522	251523	255,0,0	1000 0.00 0 1 0 0 0 0 0
chrI	251523	251524	a	1	-	251523	251524	255,0,0	1000 0.00 0 1 0 0 0 0 0
chrI	251524	251525	a	1	-	251524	251525	255,0,0	1000 0.00 0 1 0 0 0 0 0
chrI	251525	251526	a	1	-	251525	251526	255,0,0	1000 0.00 0 1 0 0 0 0 0
chrI	251526	251527	a	1	-	251526	251527	255,0,0	1000 0.00 0 1 0 0 0 0 0
chrI	251527	251528	a	1	-	251527	251528	255,0,0	1000 0.00 0 1 0 0 0 0 0
chrI	251528	251529	a	1	-	251528	251529	255,0,0	1000 0.00 0 1 0 0 0 0 0
chrI	251529	251530	a	1	-	251529	251530	255,0,0	1000 0.00 0 1 0 0 0 0 0
chrI	251530	251531	a	1	-	251530	251531	255,0,0	1000 0.00 0 1 0 0 0 0 0
chrI	251531	251532	a	1	-	251531	251532	255,0,0	1000 0.00 0 1 0 0 0 0 0
chrI	251532	251533	a	1	-	251532	251533	255,0,0	1000 0.00 0 1 0 0 0 0 0
chrI	251533	251534	a	1	-	251533	251534	255,0,0	1000 0.00 0 1 0 0 0 0 0
chrI	251534	251535	a	1	-	251534	251535	255,0,0	1000 0.00 0 1 0 0 0 0 0
chrI	251535	251536	a	1	-	251535	251536	255,0,0	1000 0.00 0 1 0 0 0 0 0
chrI	251536	251537	a	1	-	251536	251537	255,0,0	1000 0.00 0 1 0 0 0 0 0
chrI	251537	251538	a	1	-	251537	251538	255,0,0	1000 0.00 0 1 0 0 0 0 0
chrI	251538	251539	a	1	-	251538	251539	255,0,0	1000 0.00 0 1 0 0 0 0 0
chrI	251539	251540	a	1	-	251539	251540	255,0,0	1000 0.00 0 1 0 0 0 0 0
chrI	251540	251541	a	1	-	251540	251541	255,0,0	1000 0.00 0 1 0 0 0 0 0
chrI	251541	251542	a	1	-	251541	251542	255,0,0	1000 0.00 0 1 0 0 0 0 0
chrI	251542	251543	a	1	-	251542	251543	255,0,0	1000 0.00 0 1 0 0 0 0 0
chrI	251543	251544	a	1	-	251543	251544	255,0,0	1000 0.00 0 1 0 0 0 0 0
chrI	251544	251545	a	1	-	251544	251545	255,0,0	1000 0.00 0 1 0 0 0 0 0
chrI	251545	251546	a	1	-	251545	251546	255,0,0	1000 0.00 0 1 0 0 0 0 0
chrI	251546	251547	a	1	-	251546	251547	255,0,0	1000 0.00 0 1 0 0 0 0 0
chrI	251547	251548	a	1	-	251547	251548	255,0,0	1000 0.00 0 1 0 0 0 0 0
chrI	251548	251549	a	1	-	251548	251549	255,0,0	1000 0.00 0 1 0 0 0 0 0
chrI	251549	251550	a	1	-	251549	251550	255,0,0	1000 0.00 0 1 0 0 0 0 0
chrI	251550	251551	a	1	-	251550	251551	255,0,0	1000 0.00 0 1 0 0 0 0 0
chrI	251551	251552	a	1	-	251551	251552	255,0,0	1000 0.00 0 1 0 0 0 0 0
chrI	251552	251553	a	1	-	251552	251553	255,0,0	1000 0.00 0 1 0 0 0 0 0
chrI	251553	251554	a	1	-	251553	251554	255,0,0	1000 0.00 0 1 0 0 0 0 0
chrI	251554	251555	a	1	-	251554	251555	255,0,0	1000 0.00 0 1 0 0 0 0 0
chrI	251555	251556	a	1	-	251555	251556	255,0,0	1000 0.00 0 1 0 0 0 0 0
chrI	251556	251557	a	1	-	251556	251557	255,0,0	1000 0.00 0 1 0 0 0 0 0
chrI	251557	251558	a	1	-	251557	251558	255,0,0	1000 0.00 0 1 0 0 0 0 0
chrI	251558	251559	a	1	-	251558	251559	255,0,0	1000 0.00 0 1 0 0 0 0 0
chrI	251559	251560	a	1	-	251559	251560	255,0,0	1000 0.00 0 1 0 0 0 0 0
chrI	251560	251561	a	1	-	251560	251561	255,0,0	1000 0.00 0 1 0 0 0 0 0
chrI	251561	251562	a	1	-	251561	251562	255,0,0	1000 0.00 0 1 0 0 0 0 0
chrI	251562	251563	a	1	-	251562	251563	255,0,0	1000 0.00 0 1 0 0 0 0 0
chrI	251563	251564	a	1	-	251563	251564	255,0,0	1000 0.00 0 1 0 0 0 0 0
chrI	251564	251565	a	1	-	251564	251565	255,0,0	1000 0.00 0 1 0 0 0 0 0
chrI	251565	251566	a	1	-	251565	251566	255,0,0	1000 0.00 0 1 0 0 0 0 0
chrI	251566	251567	a	1	-	251566	251567	255,0,0	1000 0.00 0 1 0 0 0 0 0
chrI	251567	251568	a	1	-	251567	251568	255,0,0	1000 0.00 0 1 0 0 0 0 0
chrI	251568	251569	a	1	-	251568	251569	255,0,0	1000 0.00 0 1 0 0 0 0 0
chrI	251569	251570	a	1	-	251569	251570	255,0,0	1000 0.00 0 1 0 0 0 0 0
chrI	251570	251571	a	1	-	251570	251571	255,0,0	1000 0.00 0 1 0 0 0 0 0
chrI	251571	251572	a	1	-	251571	251572	255,0,0	1000 0.00 0 1 0 0 0 0 0
chrI	251572	251573	a	1	-	251572	251573	255,0,0	1000 0.00 0 1 0 0 0 0 0
chrI	251573	251574	a	1	-	251573	251574	255,0,0	1000 0.00 0 1 0 0 0 0 0
chrI	251574	251575	a	1	-	251574	251575	255,0,0	1000 0.00 0 1 0 0 0 0 0
chrI	251575	251576	a	1	-	251575	251576	255,0,0	1000 0.00 0 1 0 0 0 0 0
chrI	251576	251577	a	1	-	251576	251577	255,0,0	1000 0.00 0 1 0 0 0 0 0
chrI	251577	251578	a	1	-	251577	251578	255,0,0	1000 0.00 0 1 0 0 0 0 0
chrI	251578	251579	a	1	-	251578	251579	255,0,0	1000 0.00 0 1 0 0 0 0 0
chrI	251579	251580	a	1	-	251579	251580	255,0,0	1000 0.00 0 1 0 0 0 0 0
chrI	251580	251581	a	1	-	251580	251581	255,0,0	1000 0.00 0 1 0 0 0 0 0
chrI	251581	251582	a	1	-	251581	251582	255,0,0	1000 0.00 0 1 0 0 0 0 0
chrI	251582	251583	a	1	-	251582	251583	255,0,0	1000 0.00 0 1 0 0 0 0 0
chrI	251583	251584	a	1	-	251583	251584	255,0,0	1000 0.00 0 1 0 0 0 0 0
chrI	251584	251585	a	1	-	251584	251585	255,0,0	1000 0.00 0 1 0 0 0 0 0
chrI	251585	251586	a	1	-	251585	251586	255,0,0	1000 0.00 0 1 0 0 0 0 0
chrI	251586	251587	a	1	-	251586	251587	255,0,0	1000 0.00 0 1 0 0 0 0 0
chrI	251587	251588	a	1	-	251587	251588	255,0,0	1000 0.00 0 1 0 0 0 0 0
chrI	251588	251589	a	1	-	251588	251589	255,0,0	1000 0.00 0 1 0 0 0 0 0
chrI	251589	251590	a	1	-	251589	251590	255,0,0	1000 0.00 0 1 0 0 0 0 0
chrI	251590	251591	a	1	-	251590	251591	255,0,0	1000 0.00 0 1 0 0 0 0 0
chrI	251591	251592	a	1	-	251591	251592	255,0,0	1000 0.00 0 1 0 0 0 0 0
chrI	251592	251593	a	1	-	251592	251593	255,0,0	1000 0.00 0 1 0 0 0 0 0
chrI	251593	251594	a	1	-	251593	251594	255,0,0	1000 0.00 0 1 0 0 0 0 0
chrI	251594	251595	a	1	-	251594	251595	255,0,0	1000 0.00 0 1 0 0 0 0 0
chrI	251595	251596	a	1	-	251595	251596	255,0,0	1000 0.00 0 1 0 0 0 0 0
chrI	251596	251597	a	1	-	251596	251597	255,0,0	1000 0.00 0 1 0 0 0 0 0
chrI	251597	251598	a	1	-	251597	251598	255,0,0	1000 0.00 0 1 0 0 0 0 0
chrI	251598	251599	a	1	-	251598	251599	255,0,0	1000 0.00 0 1 0 0 0 0 0
chrI	251599	251600	a	1	-	251599	251600	255,0,0	1000 0.00 0 1 0 0 0 0 0
chrI	251600	251601	a	1	-	251600	251601	255,0,0	1000 0.00 0 1 0 0 0 0 0
chrI	251601	251602	a	1	-	251601	251602	255,0,0	1000 0.00 0 1 0 0 0 0 0
chrI	251602	251603	a	1	-	251602	251603	255,0,0	1000 0.00 0 1 0 0 0 0 0
chrI	251603	251604	a	1	-	251603	251604	255,0,0	1000 0.00 0 1 0 0 0 0 0
chrI	251604	251605	a	1	-	251604	251605	255,0,0	1000 0.00 0 1 0 0 0 0 0
chrI	251605	251606	a	1	-	251605	251606	255,0,0	1000 0.00 0 1 0 0 0 0 0
chrI	251606	251607	a	1	-	251606	251607	255,0,0	1000 0.00 0 1 0 0 0 0 0
chrI	251607	251608	a	1	-	251607	251608	255,0,0	1000 0.00 0 1 0 0 0 0 0
chrI	251608	251609	a	1	-	251608	251609	255,0,0	1000 0.00 0 1 0 0 0 0 0
chrI	251609	251610	a	1	-	251609	251610	255,0,0	1000 0.00 0 1 0 0 0 0 0
chrI	251610	251611	a	1	-	251610	251611	255,0,0	1000 0.00 0 1 0 0 0 0 0
chrI	251611	251612	a	1	-	251611	251612	255,0,0	1000 0.00 0 1 0 0 0 0 0
chrI	251612	251613	a	1	-	251612	251613	255,0,0	1000 0.00 0 1 0 0 0 0 0
chrI	251613	251614	a	1	-	251613	251614	255,0,0	1000 0.00 0 1 0 0 0 0 0
chrI	251614	251615	a	1	-	251614	251615	255,0,0	1000 0.00 0 1 0 0 0 0 0
chrI	251615	251616	a	1	-	251615	251616	255,0,0	1000 0.00 0 1 0 0 0 0 0
chrI	251616	251617	a	1	-	251616	251617	255,0,0	1000 0.00 0 1 0 0 0 0 0
chrI	251617	251618	a	1	-	251617	251618	255,0,0	1000 0.00 0 1 0 0 0 0 0
chrI	251618	251619	a	1	-	251618	251619	255,0,0	1000 0.00 0 1 0 0 0 0 0
chrI	251619	251620	a	1	-	251619	251620	255,0,0	1000 0.00 0 1 0 0 0 0 0
chrI	251620	251621	a	1	-	251620	251621	255,0,0	1000 0.00 0 1 0 0 0 0 0
chrI	251621	251622	a	1	-	251621	251622	255,0,0	1000 0.00 0 1 0 0 0 0 0
chrI	251622	251623	a	1	-	251622	251623	255,0,0	1000 0.00 0 1 0 0 0 0 0
chrI	251623	251624	a	1	-	251623	251624	255,0,0	1000 0.00 0 1 0 0 0 0 0
chrI	251624	251625	a	1	-	251624	251625	255,0,0	1000 0.00 0 1 0 0 0 0 0
chrI	251625	251626	a	1	-	251625	251626	255,0,0	1000 0.00 0 1 0 0 0 0 0
chrI	251626	251627	a	1	-	251626	251627	255,0,0	1000 0.00 0 1 0 0 0 0 0
chrI	251627	251628	a	1	-	251627	251628	255,0,0	1000 0.00 0 1 0 0 0 0 0
chrI	251628	251629	a	1	-	251628	251629	255,0,0	1000 0.00 0 1 0 0 0 0 0
chrI	251629	251630	a	1	-	251629	251630	255,0,0	1000 0.00 0 1 0 0 0 0 0
chrI	251630	251631	a	1	-	251630	251631	255,0,0	1000 0.00 0 1 0 0 0 0 0
chrI	251631	251632	a	1	-	251631	251632	255,0,0	1000 0.00 0 1 0 0 0 0 0
chrI	251632	251633	a	1	-	251632	251633	255,0,0	1000 0.00 0 1 0 0 0 0 0
chrI	251633	251634	a	1	-	251633	251634	255,0,0	1000 0.00 0 1 0 0 0 0 0
chrI	251634	251635	a	1	-	251634	251635	255,0,0	1000 0.00 0 1 0 0 0 0 0
chrI	251635	251636	a	1	-	251635	251636	255,0,0	1000 0.00 0 1 0 0 0 0 0
chrI	251636	251637	a	1	-	251636	251637	255,0,0	1000 0.00 0 1 0 0 0 0 0
chrI	251637	251638	a	1	-	251637	251638	255,0,0	1000 0.00 0 1 0 0 0 0 0
chrI	251638	251639	a	1	-	251638	251639	255,0,0	1000 0.00 0 1 0 0 0 0 0
chrI	251639	251640	a	1	-	251639	251640	255,0,0	1000 0.00 0 1 0 0 0 0 0
chrI	251640	251641	a	1	-	251640	251641	255,0,0	1000 0.00 0 1 0 0 0 0 0
chrI	251641	251642	a	1	-	251641	251642	255,0,0	1000 0.00 0 1 0 0 0 0 0
chrI	251642	251643	a	1	-	251642	251643	255,0,0	1000 0.00 0 1 0 0 0 0 0
chrI	251643	251644	a	1	-	251643	251644	255,0,0	1000 0.00 0 1 0 0 0 0 0
chrI	251644	251645	a	1	-	251644	251645	255,0,0	1000 0.00 0 1 0 0 0 0 0
chrI	251645	251646	a	1	-	251645	251646	255,0,0	1000 0.00 0 1 0 0 0 0 0
chrI	251646	251647	a	1	-	251646	251647	255,0,0	1000 0.00 0 1 0 0 0 0 0
chrI	251647	251648	a	1	-	251647	251648	255,0,0	1000 0.00 0 1 0 0 0 0 0
chrI	251648	251649	a	1	-	251648	251649	255,0,0	1000 0.00 0 1 0 0 0 0 0
chrI	251649	251650	a	1	-	251649	251650	255,0,0	1000 0.00 0 1 0 0 0 0 0
chrI	251650	251651	a	1	-	251650	251651	255,0,0	1000 0.00 0 1 0 0 0 0 0
chrI	251651	251652	a	1	-	251651	251652	255,0,0	1000 0.00 0 1 0 0 0 0 0
chrI	251652	251653	a	1	-	251652	251653	255,0,0	1000 0.00 0 1 0 0 0 0 0
chrI	251653	251654	a	1	-	251653	251654	255,0,0	1000 0.00 0 1 0 0 0 0 0
chrI	251654	251655	a	1	-	251654	251655	255,0,0	1000 0.00 0 1 0 0 0 0 0
chrI	251655	251656	a	1	-	251655	251656	255,0,0	1000 0.00 0 1 0 0 0 0 0
chrI	251656	251657	a	1	-	251656	251657	255,0,0	1000 0.00 0 1 0 0 0 0 0
chrI	251657	251658	a	1	-	251657	251658	255,0,0	1000 0.00 0 1 0 0 0 0 0
chrI	251658	251659	a	1	-	251658	251659	255,0,0	1000 0.00 0 1 0 0 0 0 0
chrI	251659	251660	a	1	-	251659	251660	255,0,0	1000 0.00 0 1 0 0 0 0 0
chrI	251660	251661	a	1	-	251660	251661	255,0,0	1000 0.00 0 1 0 0 0 0 0
chrI	251661	251662	a	1	-	251661	251662	255,0,0	1000 0.00 0 1 0 0 0 0 0
chrI	251662	251663	a	1	-	251662	251663	255,0,0	1000 0.00 0 1 0 0 0 0 0
chrI	251663	251664	a	1	-	251663	251664	255,0,0	1000 0.00 0 1 0 0 0 0 0
chrI	251664	251665	a	1	-	251664	251665	255,0,0	1000 0.00 0 1 0 0 0 0 0
chrI	251665	251666	a	1	-	251665	251666	255,0,0	1000 0.00 0 1 0 0 0 0 0
chrI	251666	251667	a	1	-	251666	251667	255,0,0	1000 0.00 0 1 0 0 0 0 0
chrI	251667	251668	a	1	-	251667	251668	255,0,0	1000 0.00 0 1 0 0 0 0 0
chrI	251668	251669	a	1	-	251668	251669	255,0,0	1000 0.00 0 1 0 0 0 0 0
chrI	251669	251670	a	1	-	251669	251670	255,0,0	1000 0.00 0 1 0 0 0 0 0
chrI	251670	251671	a	1	-	251670	251671	255,0,0	1000 0.00 0 1 0 0 0 0 0
chrI	251671	251672	a	1	-	251671	251672	255,0,0	1000 0.00 0 1 0 0 0 0 0
chrI	251672	251673	a	1	-	251672	251673	255,0,0	1000 0.00 0 1 0 0 0 0 0
chrI	251673	251674	a	1	-	251673	251674	255,0,0	1000 0.00 0 1 0 0 0 0 0
chrI	251674	251675	a	1	-	251674	251675	255,0,0	1000 0.00 0 1 0 0 0 0 0
chrI	251675	251676	a	1	-	251675	251676	255,0,0	1000 0.00 0 1 0 0 0 0 0
chrI	251676	251677	a	1	-	251676	251677	255,0,0	1000 0.00 0 1 0 0 0 0 0
chrI	251677	251678	a	1	-	251677	251678	255,0,0	1000 0.00 0 1 0 0 0 0 0
chrI	251678	251679	a	1	-	251678	251679	255,0,0	1000 0.00 0 1 0 0 0 0 0
chrI	251679	251680	a	1	-	251679	251680	255,0,0	1000 0.00 0 1 0 0 0 0 0
chrI	251680	251681	a	1	-	251680	251681	255,0,0	1000 0.00 0 1 0 0 0 0 0
chrI	251681	251682	a	1	-	251681	251682	255,0,0	1000 0.00 0 1 0 0 0 0 0
chrI	251682	251683	a	1	-	251682	251683	255,0,0	1000 0.00 0 1 0 0 0 0 0
chrI	251683	251684	a	1	-	251683	251684	255,0,0	1000 0.00 0 1 0 0 0 0 0
chrI	251684	251685	a	1	-	251684	251685	255,0,0	1000 0.00 0 1 0 0 0 0 0
chrI	251685	251686	a	1	-	251685	251686	255,0,0	1000 0.00 0 1 0 0 0 0 0
chrI	251686	251687	a	1	-	251686	251687	255,0,0	1000 0.00 0 1 0 0 0 0 0
chrI	251687	251688	a	1	-	251687	251688	255,0,0	1000 0.00 0 1 0 0 0 0 0
chrI	251688	251689	a	1	-	251688	251689	255,0,0	1000 0.00 0 1 0 0 0 0 0
chrI	251689	251690	a	1	-	251689	251690	255,0,0	1000 0.00 0 1 0 0 0 0 0
chrI	251690	251691	a	1	-	251690	251691	255,0,0	1000 0.00 0 1 0 0 0 0 0
chrI	251691	251692	a	1	-	251691	251692	255,0,0	1000 0.00 0 1 0 0 0 0 0
chrI	251692	251693	a	1	-	251692	251693	255,0,0	1000 0.00 0 1 0 0 0 0 0
chrI	251693	251694	a	1	-	251693	251694	255,0,0	1000 0.00 0 1 0 0 0 0 0
chrI	251694	251695	a	1	-	251694	251695	255,0,0	1000 0.00 0 1 0 0 0 0 0
chrI	251695	251696	a	1	-	251695	251696	255,0,0	1000 0.00 0 1 0 0 0 0 0
chrI	251696	251697	a	1	-	251696	251697	255,0,0	1000 0.00 0 1 0 0 0 0 0
chrI	251697	251698	a	1	-	251697	251698	255,0,0	1000 0.00 0 1 0 0 0 0 0
chrI	251698	251699	a	1	-	251698	251699	255,0,0	1000 0.00 0 1 0 0 0 0 0
chrI	251699	251700	a	1	-	251699	251700	255,0,0	1000 0.00 0 1 0 0 0 0 0
chrI	251700	251701	a	1	-	251700	251701	255,0,0	1000 0.00 0 1 0 0 0 0 0
chrI	251701	251702	a	1	-	251701	251702	255,0,0	1000 0.00 0 1 0 0 0 0 0
chrI	251702	251703	a	1	-	251702	251703	255,0,0	1000 0.00 0 1 0 0 0 0 0
chrI	251703	251704	a	1	-	251703	251704	255,0,0	1000 0.00 0 1 0 0 0 0 0
chrI	251704	251705	a	1	-	251704	251705	255,0,0	1000 0.00 0 1 0 0 0 0 0
chrI	251705	251706	a	1	-	251705	251706	255,0,0	1000 0.00 0 1 0 0 0 0 0
chrI	251706	251707	a	1	-	251706	251707	255,0,0	1000 0.00 0 1 0 0 0 0 0
chrI	251707	251708	a	1	-	251707	251708	255,0,0	1000 0.00 0 1 0 0 0 0 0
chrI	251708	251709	a	1	-	251708	251709	255,0,0	1000 0.00 0 1 0 0 0 0 0
chrI	251709	251710	a	1	-	251709	251710	255,0,0	1000 0.00 0 1 0 0 0 0 0
chrI	251710	251711	a	1	-	251710	251711	255,0,0	1000 0.00 0 1 0 0 0 0 0
chrI	251711	251712	a	1	-	251711	251712	255,0,0	1000 0.00 0 1 0 0 0 0 0
chrI	251712	251713	a	1	-	251712	251713	255,0,0	1000 0.00 0 1 0 0 0 0 0
chrI	251713	251714	a	1	-	251713	251714	255,0,0	1000 0.00 0 1 0 0 0 0 0
chrI	251714	251715	a	1	-	251714	251715	255,0,0	1000 0.00 0 1 0 0 0 0 0
chrI	251715	251716	a	1	-	251715	251716	255,0,0	1000 0.00 0 1 0 0 0 0 0
chrI	251716	251717	a	1	-	251716	251717	255,0,0	1000 0.00 0 1 0 0 0 0 0
chrI	251717	251718	a	1	-	251717	251718	255,0,0	1000 0.00 0 1 0 0 0 0 0
chrI	251718	251719	a	1	-	251718	251719	255,0,0	1000 0.00 0 1 0 0 0 0 0
chrI	251719	251720	a	1	-	251719	251720	255,0,0	1000 0.00 0 1 0 0 0 0 0
chrI	251720	251721	a	1	-	251720	251721	255,0,0	1000 0.00 0 1 0 0 0 0 0
chrI	251721	251722	a	1	-	251721	251722	255,0,0	1000 0.00 0 1 0 0 0 0 0
chrI	251722	251723	a	1	-	251722	251723	255,0,0	1000 0.00 0 1 0 0 0 0 0
chrI	251723	251724	a	1	-	251723	251724	255,0,0	1000 0.00 0 1 0 0 0 0 0
chrI	251724	251725	a	1	-	251724	251725	255,0,0	1000 0.00 0 1 0 0 0 0 0
chrI	251725	251726	a	1	-	251725	251726	255,0,0	1000 0.00 0 1 0 0 0 0 0
chrI	251726	251727	a	1	-	251726	251727	255,0,0	1000 0.00 0 1 0 0 0 0 0
chrI	251727	251728	a	1	-	251727	251728	255,0,0	1000 0.00 0 1 0 0 0 0 0
chrI	251728	251729	a	1	-	251728	251729	255,0,0	1000 0.00 0 1 0 0 0 0 0
chrI	251729	251730	a	1	-	251729	251730	255,0,0	1000 0.00 0 1 0 0 0 0 0
chrI	251730	251731	a	1	-	251730	251731	255,0,0	1000 0.00 0 1 0 0 0 0 0
chrI	251731	251732	a	1	-	251731	251732	255,0,0	1000 0.00 0 1 0 0 0 0 0
chrI	251732	251733	a	1	-	251732	251733	255,0,0	1000 0.00 0 1 0 0 0 0 0
chrI	251733	251734	a	1	-	251733	251734	255,0,0	1000 0.00 0 1 0 0 0 0 0
chrI	251734	251735	a	1	-	251734	251735	255,0,0	1000 0.00 0 1 0 0 0 0 0
chrI	251735	251736	a	1	-	251735	251736	255,0,0	1000 0.00 0 1 0 0 0 0 0
chrI	251736	251737	a	1	-	251736	251737	255,0,0	1000 0.00 0 1 0 0 0 0 0
chrI	251737	251738	a	1	-	251737	251738	255,0,0	1000 0.00 0 1 0 0 0 0 0
chrI	251738	251739	a	1	-	251738	251739	255,0,0	1000 0.00 0 1 0 0 0 0 0
chrI	251739	251740	a	1	-	251739	251740	255,0,0	1000 0.00 0 1 0 0 0 0 0
chrI	251740	251741	a	1	-	251740	251741	255,0,0	1000 0.00 0 1 0 0 0 0 0
chrI	251741	251742	a	1	-	251741	251742	255,0,0	1000 0.00 0 1 0 0 0 0 0
chrI	251742	251743	a	1	-	251742	251743	255,0,0	1000 0.00 0 1 0 0 0 0 0
chrI	251743	251744	a	1	-	251743	251744	255,0,0	1000 0.00 0 1 0 0 0 0 0
chrI	251744	251745	a	1	-	251744	251745	255,0,0	1000 0.00 0 1 0 0 0 0 0
chrI	251745	251746	a	1	-	251745	251746	255,0,0	1000 0.00 0 1 0 0 0 0 0
chrI	251746	251747	a	1	-	251746	251747	255,0,0	1000 0.00 0 1 0 0 0 0 0
chrI	251747	251748	a	1	-	251747	251748	255,0,0	1000 0.00 0 1 0 0 0 0 0
chrI	251748	251749	a	1	-	251748	251749	255,0,0	1000 0.00 0 1 0 0 0 0 0
chrI	251749	251750	a	1	-	251749	251750	255,0,0	1000 0.00 0 1 0 0 0 0 0
chrI	251750	251751	a	1	-	251750	251751	255,0,0	1000 0.00 0 1 0 0 0 0 0
chrI	251751	251752	a	1	-	251751	251752	255,0,0	1000 0.00 0 1 0 0 0 0 0
chrI	251752	251753	a	1	-	251752	251753	255,0,0	1000 0.00 0 1 0 0 0 0 0
chrI	251753	251754	a	1	-	251753	251754	255,0,0	1000 0.00 0 1 0 0 0 0 0
chrI	251754	251755	a	1	-	251754	251755	255,0,0	1000 0.00 0 1 0 0 0 0 0
chrI	251755	251756	a	1	-	251755	251756	255,0,0	1000 0.00 0 1 0 0 0 0 0
chrI	251756	251757	a	1	-	251756	251757	255,0,0	1000 0.00 0 1 0 0 0 0 0
chrI	251757	251758	a	1	-	251757	251758	255,0,0	1000 0.00 0 1 0 0 0 0 0
chrI	251758	251759	a	1	-	251758	251759	255,0,0	1000 0.00 0 1 0 0 0 0 0
chrI	251759	251760	a	1	-	251759	251760	255,0,0	1000 0.00 0 1 0 0 0 0 0
chrI	251760	251761	a	1	-	251760	251761	255,0,0	1000 0.00 0 1 0 0 0 0 0
chrI	251761	251762	a	1	-	251761	251762	255,0,0	1000 0.00 0 1 0 0 0 0 0
chrI	251762	251763	a	1	-	251762	251763	255,0,0	1000 0.00 0 1 0 0 0 0 0
chrI	251763	251764	a	1	-	251763	251764	255,0,0	1000 0.00 0 1 0 0 0 0 0
chrI	251764	251765	a	1	-	251764	251765	255,0,0	1000 0.00 0 1 0 0 0 0 0
chrI	251765	251766	a	1	-	251765	251766	255,0,0	1000 0.00 0 1 0 0 0 0 0
chrI	251766	251767	a	1	-	251766	251767	255,0,0	1000 0.00 0 1 0 0 0 0 0
chrI	251767	251768	a	1	-	251767	251768	255,0,0	1000 0.00 0 1 0 0 0 0 0
chrI	251768	251769	a	1	-	251768	251769	255,0,0	1000 0.00 0 1 0 0 0 0 0
chrI	251769	251770	a	1	-	251769	251770	255,0,0	1000 0.00 0 1 0 0 0 0 0
chrI	251770	251771	a	1	-	251770	251771	255,0,0	1000 0.00 0 1 0 0 0 0 0
chrI	251771	251772	a	1	-	251771	251772	255,0,0	1000 0.00 0 1 0 0 0 0 0
chrI	251772	251773	a	1	-	251772	251773	255,0,0	1000 0.00 0 1 0 0 0 0 0
chrI	251773	251774	a	1	-	251773	251774	255,0,0	1000 0.00 0 1 0 0 0 0 0
chrI	251774	251775	a	1	-	251774	251775	255,0,0	1000 0.00 0 1 0 0 0 0 0
chrI	251775	251776	a	1	-	251775	251776	255,0,0	1000 0.00 0 1 0 0 0 0 0
chrI	251776	251777	a	1	-	251776	251777	255,0,0	1000 0.00 0 1 0 0 0 0 0
chrI	251777	251778	a	1	-	251777	251778	255,0,0	1000 0.00 0 1 0 0 0 0 0
chrI	251778	251779	a	1	-	251778	251779	255,0,0	1000 0.00 0 1 0 0 0 0 0
chrI	251779	251780	a	1	-	251779	251780	255,0,0	1000 0.00 0 1 0 0 0 0 0
chrI	251780	251781	a	1	-	251780	251781	255,0,0	1000 0.00 0 1 0 0 0 0 0
chrI	251781	251782	a	1	-	251781	251782	255,0,0	1000 0.00 0 1 0 0 0 0 0
chrI	251782	251783	a	1	-	251782	251783	255,0,0	1000 0.00 0 1 0 0 0 0 0
chrI	251783	251784	a	1	-	251783	251784	255,0,0	1000 0.00 0 1 0 0 0 0 0
chrI	251784	251785	a	1	-	251784	251785	255,0,0	1000 0.00 0 1 0 0 0 0 0
chrI	251785	251786	a	1	-	251785	251786	255,0,0	1000 0.00 0 1 0 0 0 0 0
chrI	251786	251787	a	1	-	251786	251787	255,0,0	1000 0.00 0 1 0 0 0 0 0
chrI	251787	251788	a	1	-	251787	251788	255,0,0	1000 0.00 0 1 0 0 0 0 0
chrI	251788	251789	a	1	-	251788	251789	255,0,0	1000 0.00 0 1 0 0 0 0 0
chrI	251789	251790	a	1	-	251789	251790	255,0,0	1000 0.00 0 1 0 0 0 0 0
chrI	251790	251791	a	1	-	251790	251791	255,0,0	1000 0.00 0 1 0 0 0 0 0
chrI	251791	251792	a	1	-	251791	251792	255,0,0	1000 0.00 0 1 0 0 0 0 0
chrI	251792	251793	a	1	-	251792	251793	255,0,0	1000 0.00 0 1 0 0 0 0 0
chrI	251793	251794	a	1	-	251793	251794	255,0,0	1000 0.00 0 1 0 0 0 0 0
chrI	251794	251795	a	1	-	251794	251795	255,0,0	1000 0.00 0 1 0 0 0 0 0
chrI	251795	251796	a	1	-	251795	251796	255,0,0	1000 0.00 0 1 0 0 0 0 0
chrI	251796	251797	a	1	-	251796	251797	255,0,0	1000 0.00 0 1 0 0 0 0 0
chrI	251797	251798	a	1	-	251797	251798	255,0,0	1000 0.00 0 1 0 0 0 0 0
chrI	251798	251799	a	1	-	251798	251799	255,0,0	1000 0.00 0 1 0 0 0 0 0
chrI	251799	251800	a	1	-	251799	251800	255,0,0	1000 0.00 0 1 0 0 0 0 0
chrI	251800	251801	a	1	-	251800	251801	255,0,0	1000 0.00 0 1 0 0 0 0 0
chrI	251801	251802	a	1	-	251801	251802	255,0,0	1000 0.00 0 1 0 0 0 0 0
chrI	251802	251803	a	1	-	251802	251803	255,0,0	1000 0.00 0 1 0 0 0 0 0
chrI	251803	251804	a	1	-	251803	251804	255,0,0	1000 0.00 0 1 0 0 0 0 0
chrI	251804	251805	a	1	-	251804	251805	255,0,0	1000 0.00 0 1 0 0 0 0 0
chrI	251805	251806	a	1	-	251805	251806	255,0,0	1000 0.00 0 1 0 0 0 0 0
chrI	251806	251807	a	1	-	251806	251807	255,0,0	1000 0.00 0 1 0 0 0 0 0
chrI	251807	251808	a	1	-	251807	251808	255,0,0	1000 0.00 0 1 0 0 0 0 0
chrI	251808	251809	a	1	-	251808	251809	255,0,0	1000 0.00 0 1 0 0 0 0 0
chrI	251809	251810	a	1	-	251809	251810	255,0,0	1000 0.00 0 1 0 0 0 0 0
chrI	251810	251811	a	1	-	251810	251811	255,0,0	1000 0.00 0 1 0 0 0 0 0
chrI	251811	251812	a	1	-	251811	251812	255,0,0	1000 0.00 0 1 0 0 0 0 0
chrI	251812	251813	a	1	-	251812	251813	255,0,0	1000 0.00 0 1 0 0 0 0 0
chrI	251813	251814	a	1	-	251813	251814	255,0,0	1000 0.00 0 1 0 0 0 0 0
chrI	251814	251815	a	1	-	251814	251815	255,0,0	1000 0.00 0 1 0 0 0 0 0
chrI	251815	251816	a	1	-	251815	251816	255,0,0	1000 0.00 0 1 0 0 0 0 0
chrI	251816	251817	a	1	-	251816	251817	255,0,0	1000 0.00 0 1 0 0 0 0 0
chrI	251817	251818	a	1	-	251817	251818	255,0,0	1000 0.00 0 1 0 0 0 0 0
chrI	251818	251819	a	1	-	251818	251819	255,0,0	1000 0.00 0 1 0 0 0 0 0
chrI	251819	251820	a	1	-	251819	251820	255,0,0	1000 0.00 0 1 0 0 0 0 0
chrI	251820	251821	a	1	-	251820	251821	255,0,0	1000 0.00 0 1 0 0 0 0 0
chrI	251821	251822	a	1	-	251821	251822	255,0,0	1000 0.00 0 1 0 0 0 0 0
chrI	251822	251823	a	1	-	251822	251823	255,0,0	1000 0.00 0 1 0 0 0 0 0
chrI	251823	251824	a	1	-	251823	251824	255,0,0	1000 0.00 0 1 0 0 0 0 0
chrI	251824	251825	a	1	-	251824	251825	255,0,0	1000 0.00 0 1 0 0 0 0 0
chrI	251825	251826	a	1	-	251825	251826	255,0,0	1000 0.00 0 1 0 0 0 0 0
chrI	251826	251827	a	1	-	251826	251827	255,0,0	1000 0.00 0 1 0 0 0 0 0
chrI	251827	251828	a	1	-	251827	251828	255,0,0	1000 0.00 0 1 0 0 0 0 0
chrI	251828	251829	a	1	-	251828	251829	255,0,0	1000 0.00 0 1 0 0 0 0 0
chrI	251829	251830	a	1	-	251829	251830	255,0,0	1000 0.00 0 1 0 0 0 0 0
chrI	251830	251831	a	1	-	251830	251831	255,0,0	1000 0.00 0 1 0 0 0 0 0
chrI	251831	251832	a	1	-	251831	251832	255,0,0	1000 0.00 0 1 0 0 0 0 0
chrI	251832	251833	a	1	-	251832	251833	255,0,0	1000 0.00 0 1 0 0 0 0 0
chrI	251833	251834	a	1	-	251833	251834	255,0,0	1000 0.00 0 1 0 0 0 0 0
chrI	251834	251835	a	1	-	251834	251835	255,0,0	1000 0.00 0 1 0 0 0 0 0
chrI	251835	251836	a	1	-	251835	251836	255,0,0	1000 0.00 0 1 0 0 0 0 0
chrI	251836	251837	a	1	-	251836	251837	255,0,0	1000 0.00 0 1 0 0 0 0 0
chrI	251837	251838	a	1	-	251837	251838	255,0,0	1000 0.00 0 1 0 0 0 0 0
chrI	251838	251839	a	1	-	251838	251839	255,0,0	1000 0.00 0 1 0 0 0 0 0
chrI	251839	251840	a	1	-	251839	251840	255,0,0	1000 0.00 0 1 0 0 0 0 0
chrI	251840	251841	a	1	-	251840	251841	255,0,0	1000 0.00 0 1 0 0 0 0 0
chrI	251841	251842	a	1	-	251841	251842	255,0,0	1000 0.00 0 1 0 0 0 0 0
chrI	251842	251843	a	1	-	251842	251843	255,0,0	1000 0.00 0 1 0 0 0 0 0
chrI	251843	251844	a	1	-	251843	251844	255,0,0	1000 0.00 0 1 0 0 0 0 0
chrI	251844	251845	a	1	-	251844	251845	255,0,0	1000 0.00 0 1 0 0 0 0 0
chrI	251845	251846	a	1	-	251845	251846	255,0,0	1000 0.00 0 1 0 0 0 0 0
chrI	251846	251847	a	1	-	251846	251847	255,0,0	1000 0.00 0 1 0 0 0 0 0
chrI	251847	251848	a	1	-	251847	251848	255,0,0	1000 0.00 0 1 0 0 0 0 0
chrI	251848	251849	a	1	-	251848	251849	255,0,0	1000 0.00 0 1 0 0 0 0 0
chrI	251849	251850	a	1	-	251849	251850	255,0,0	1000 0.00 0 1 0 0 0 0 0
chrI	251850	251851	a	1	-	251850	251851	255,0,0	1000 0.00 0 1 0 0 0 0 0
chrI	251851	251852	a	1	-	251851	251852	255,0,0	1000 0.00 0 1 0 0 0 0 0
chrI	251852	251853	a	1	-	251852	251853	255,0,0	1000 0.00 0 1 0 0 0 0 0
chrI	251853	251854	a	1	-	251853	251854	255,0,0	1000 0.00 0 1 0 0 0 0 0
chrI	251854	251855	a	1	-	251854	251855	255,0,0	1000 0.00 0 1 0 0 0 0 0
chrI	251855	251856	a	1	-	251855	251856	255,0,0	1000 0.00 0 1 0 0 0 0 0
chrI	251856	251857	a	1	-	251856	251857	255,0,0	1000 0.00 0 1 0 0 0 0 0
chrI	251857	251858	a	1	-	251857	251858	255,0,0	1000 0.00 0 1 0 0 0 0 0
chrI	251858	251859	a	1	-	251858	251859	255,0,0	1000 0.00 0 1 0 0 0 0 0
chrI	251859	251860	a	1	-	251859	251860	255,0,0	1000 0.00 0 1 0 0 0 0 0
chrI	251860	251861	a	1	-	251860	251861	255,0,0	1000 0.00 0 1 0 0 0 0 0
chrI	251861	251862	a	1	-	251861	251862	255,0,0	1000 0.00 0 1 0 0 0 0 0
chrI	251862	251863	a	1	-	251862	251863	255,0,0	1000 0.00 0 1 0 0 0 0 0
chrI	251863	251864	a	1	-	251863	251864	255,0,0	1000 0.00 0 1 0 0 0 0 0
chrI	251864	251865	a	1	-	251864	251865	255,0,0	1000 0.00 0 1 0 0 0 0 0
chrI	251865	251866	a	1	-	251865	251866	255,0,0	1000 0.00 0 1 0 0 0 0 0
chrI	251866	251867	a	1	-	251866	251867	255,0,0	1000 0.00 0 1 0 0 0 0 0
chrI	251867	251868	a	1	-	251867	251868	255,0,0	1000 0.00 0 1 0 0 0 0 0
chrI	251868	251869	a	1	-	251868	251869	255,0,0	1000 0.00 0 1 0 0 0 0 0
chrI	251869	251870	a	1	-	251869	251870	255,0,0	1000 0.00 0 1 0 0 0 0 0
chrI	251870	251871	a	1	-	251870	251871	255,0,0	1000 0.00 0 1 0 0 0 0 0
chrI	251871	251872	a	1	-	251871	251872	255,0,0	1000 0.00 0 1 0 0 0 0 0
chrI	251872	251873	a	1	-	251872	251873	255,0,0	1000 0.00 0 1 0 0 0 0 0
chrI	251873	251874	a	1	-	251873	251874	255,0,0	1000 0.00 0 1 0 0 0 0 0
chrI	251874	251875	a	1	-	251874	251875	255,0,0	1000 0.00 0 1 0 0 0 0 0
chrI	251875	251876	a	1	-	251875	251876	255,0,0	1000 0.00 0 1 0 0 0 0 0
chrI	251876	251877	a	1	-	251876	251877	255,0,0	1000 0.00 0 1 0 0 0 0 0
chrI	251877	251878	a	1	-	251877	251878	255,0,0	1000 0.00 0 1 0 0 0 0 0
chrI	251878	251879	a	1	-	251878	251879	255,0,0	1000 0.00 0 1 0 0 0 0 0
chrI	251879	251880	a	1	-	251879	251880	255,0,0	1000 0.00 0 1 0 0 0 0 0
chrI	251880	251881	a	1	-	251880	251881	255,0,0	1000 0.00 0 1 0 0 0 0 0
chrI	251881	251882	a	1	-	251881	251882	255,0,0	1000 0.00 0 1 0 0 0 0 0
chrI	251882	251883	a	1	-	251882	251883	255,0,0	1000 0.00 0 1 0 0 0 0 0
chrI	251883	251884	a	1	-	251883	251884	255,0,0	1000 0.00 0 1 0 0 0 0 0
chrI	251884	251885	a	1	-	251884	251885	255,0,0	1000 0.00 0 1 0 0 0 0 0
chrI	251885	251886	a	1	-	251885	251886	255,0,0	1000 0.00 0 1 0 0 0 0 0
chrI	251886	251887	a	1	-	251886	251887	255,0,0	1000 0.00 0 1 0 0 0 0 0
chrI	251887	251888	a	1	-	251887	251888	255,0,0	1000 0.00 0 1 0 0 0 0 0
chrI	251888	251889	a	1	-	251888	251889	255,0,0	1000 0.00 0 1 0 0 0 0 0
chrI	251889	251890	a	1	-	251889	251890	255,0,0	1000 0.00 0 1 0 0 0 0 0
chrI	251890	251891	a	1	-	251890	251891	255,0,0	1000 0.00 0 1 0 0 0 0 0
chrI	251891	251892	a	1	-	251891	251892	255,0,0	1000 0.00 0 1 0 0 0 0 0
chrI	251892	251893	a	1	-	251892	251893	255,0,0	1000 0.00 0 1 0 0 0 0 0
chrI	251893	251894	a	1	-	251893	251894	255,0,0	1000 0.00 0 1 0 0 0 0 0
chrI	251894	251895	a	1	-	251894	251895	255,0,0	1000 0.00 0 1 0 0 0 0 0
chrI	251895	251896	a	1	-	251895	251896	255,0,0	1000 0.00 0 1 0 0 0 0 0
chrI	251896	251897	a	1	-	251896	251897	255,0,0	1000 0.00 0 1 0 0 0 0 0
chrI	251897	251898	a	1	-	251897	251898	255,0,0	1000 0.00 0 1 0 0 0 0 0
chrI	251898	251899	a	1	-	251898	251899	255,0,0	1000 0.00 0 1 0 0 0 0 0
chrI	251899	251900	a	1	-	251899	251900	255,0,0	1000 0.00 0 1 0 0 0 0 0
chrI	251900	251901	a	1	-	251900	251901	255,0,0	1000 0.00 0 1 0 0 0 0 0
chrI	251901	251902	a	1	-	251901	251902	255,0,0	1000 0.00 0 1 0 0 0 0 0
chrI	251902	251903	a	1	-	251902	251903	255,0,0	1000 0.00 0 1 0 0 0 0 0
chrI	251903	251904	a	1	-	251903	251904	255,0,0	1000 0.00 0 1 0 0 0 0 0
chrI	251904	251905	a	1	-	251904	251905	255,0,0	1000 0.00 0 1 0 0 0 0 0
chrI	251905	251906	a	1	-	251905	251906	255,0,0	1000 0.00 0 1 0 0 0 0 0
chrI	251906	251907	a	1	-	251906	251907	255,0,0	1000 0.00 0 1 0 0 0 0 0
chrI	251907	251908	a	1	-	251907	251908	255,0,0	1000 0.00 0 1 0 0 0 0 0
chrI	251908	251909	a	1	-	251908	251909	255,0,0	1000 0.00 0 1 0 0 0 0 0
chrI	251909	251910	a	1	-	251909	251910	255,0,0	1000 0.00 0 1 0 0 0 0 0
chrI	251910	251911	a	1	-	251910	251911	255,0,0	1000 0.00 0 1 0 0 0 0 0
chrI	251911	251912	a	1	-	251911	251912	255,0,0	1000 0.00 0 1 0 0 0 0 0
chrI	251912	251913	a	1	-	251912	251913	255,0,0	1000 0.00 0 1 0 0 0 0 0
chrI	251913	251914	a	1	-	251913	251914	255,0,0	1000 0.00 0 1 0 0 0 0 0
chrI	251914	251915	a	1	-	251914	251915	255,0,0	1000 0.00 0 1 0 0 0 0 0
chrI	251915	251916	a	1	-	251915	251916	255,0,0	1000 0.00 0 1 0 0 0 0 0
chrI	251916	251917	a	1	-	251916	251917	255,0,0	1000 0.00 0 1 0 0 0 0 0
chrI	251917	251918	a	1	-	251917	251918	255,0,0	1000 0.00 0 1 0 0 0 0 0
chrI	251918	251919	a	1	-	251918	251919	255,0,0	1000 0.00 0 1 0 0 0 0 0
chrI	251919	251920	a	1	-	251919	251920	255,0,0	1000 0.00 0 1 0 0 0 0 0
chrI	251920	251921	a	1	-	251920	251921	255,0,0	1000 0.00 0 1 0 0 0 0 0
chrI	251921	251922	a	1	-	251921	251922	255,0,0	1000 0.00 0 1 0 0 0 0 0
chrI	251922	251923	a	1	-	251922	251923	255,0,0	1000 0.00 0 1 0 0 0 0 0
chrI	251923	251924	a	1	-	251923	251924	255,0,0	1000 0.00 0 1 0 0 0 0 0
chrI	251924	251925	a	1	-	251924	251925	255,0,0	1000 0.00 0 1 0 0 0 0 0
chrI	251925	251926	a	1	-	251925	251926	255,0,0	1000 0.00 0 1 0 0 0 0 0
chrI	251926	251927	a	1	-	251926	251927	255,0,0	1000 0.00 0 1 0 0 0 0 0
chrI	251927	251928	a	1	-	251927	251928	255,0,0	1000 0.00 0 1 0 0 0 0 0
chrI	251928	251929	a	1	-	251928	251929	255,0,0	1000 0.00 0 1 0 0 0 0 0
chrI	251929	251930	a	1	-	251929	251930	255,0,0	1000 0.00 0 1 0 0 0 0 0
chrI	251930	251931	a	1	-	251930	251931	255,0,0	1000 0.00 0 1 0 0 0 0 0
chrI	251931	251932	a	1	-	251931	251932	255,0,0	1000 0.00 0 1 0 0 0 0 0
chrI	251932	251933	a	1	-	251932	251933	255,0,0	1000 0.00 0 1 0 0 0 0 0
chrI	251933	251934	a	1	-	251933	251934	255,0,0	1000 0.00 0 1 0 0 0 0 0
chrI	251934	251935	a	1	-	251934	251935	255,0,0	1000 0.00 0 1 0 0 0 0 0
chrI	251935	251936	a	1	-	251935	251936	255,0,0	1000 0.00 0 1 0 0 0 0 0
chrI	251936	251937	a	1	-	251936	251937	255,0,0	1000 0.00 0 1 0 0 0 0 0
chrI	251937	251938	a	1	-	251937	251938	255,0,0	1000 0.00 0 1 0 0 0 0 0
chrI	251938	251939	a	1	-	251938	251939	255,0,0	1000 0.00 0 1 0 0 0 0 0
chrI	251939	251940	a	1	-	251939	251940	255,0,0	1000 0.00 0 1 0 0 0 0 0
chrI	251940	251941	a	1	-	251940	251941	255,0,0	1000 0.00 0 1 0 0 0 0 0
chrI	251941	251942	a	1	-	251941	251942	255,0,0	1000 0.00 0 1 0 0 0 0 0
chrI	251942	251943	a	1	-	251942	251943	255,0,0	1000 0.00 0 1 0 0 0 0 0
chrI	251943	251944	a	1	-	251943	251944	255,0,0	1000 0.00 0 1 0 0 0 0 0
chrI	251944	251945	a	1	-	251944	251945	255,0,0	1000 0.00 0 1 0 0 0 0 0
chrI	251945	251946	a	1	-	251945	251946	255,0,0	1000 0.00 0 1 0 0 0 0 0
chrI	251946	251947	a	1	-	251946	251947	255,0,0	1000 0.00 0 1 0 0 0 0 0
chrI	251947	251948	a	1	-	251947	251948	255,0,0	1000 0.00 0 1 0 0 0 0 0
chrI	251948	251949	a	1	-	251948	251949	255,0,0	1000 0.00 0 1 0 0 0 0 0
chrI	251949	251950	a	1	-	251949	251950	255,0,0	1000 0.00 0 1 0 0 0 0 0
chrI	251950	251951	a	1	-	251950	251951	255,0,0	1000 0.00 0 1 0 0 0 0 0
chrI	251951	251952	a	1	-	251951	251952	255,0,0	1000 0.00 0 1 0 0 0 0 0
chrI	251952	251953	a	1	-	251952	251953	255,0,0	1000 0.00 0 1 0 0 0 0 0
chrI	251953	251954	a	1	-	251953	251954	255,0,0	1000 0.00 0 1 0 0 0 0 0
chrI	251954	251955	a	1	-	251954	251955	255,0,0	1000 0.00 0 1 0 0 0 0 0
chrI	251955	251956	a	1	-	251955	251956	255,0,0	1000 0.00 0 1 0 0 0 0 0
chrI	251956	251957	a	1	-	251956	251957	255,0,0	1000 0.00 0 1 0 0 0 0 0
chrI	251957	251958	a	1	-	251957	251958	255,0,0	1000 0.00 0 1 0 0 0 0 0
chrI	251958	251959	a	1	-	251958	251959	255,0,0	1000 0.00 0 1 0 0 0 0 0
chrI	251959	251960	a	1	-	251959	251960	255,0,0	1000 0.00 0 1 0 0 0 0 0
chrI	251960	251961	a	1	-	251960	251961	255,0,0	1000 0.00 0 1 0 0 0 0 0
chrI	251961	251962	a	1	-	251961	251962	255,0,0	1000 0.00 0 1 0 0 0 0 0
chrI	251962	251963	a	1	-	251962	251963	255,0,0	1000 0.00 0 1 0 0 0 0 0
chrI	251963	251964	a	1	-	251963	251964	255,0,0	1000 0.00 0 1 0 0 0 0 0
chrI	251964	251965	a	1	-	251964	251965	255,0,0	1000 0.00 0 1 0 0 0 0 0
chrI	251965	251966	a	1	-	251965	251966	255,0,0	1000 0.00 0 1 0 0 0 0 0
chrI	251966	251967	a	1	-	251966	251967	255,0,0	1000 0.00 0 1 0 0 0 0 0
chrI	251967	251968	a	1	-	251967	251968	255,0,0	1000 0.00 0 1 0 0 0 0 0
chrI	251968	251969	a	1	-	251968	251969	255,0,0	1000 0.00 0 1 0 0 0 0 0
chrI	251969	251970	a	1	-	251969	251970	255,0,0	1000 0.00 0 1 0 0 0 0 0
chrI	251970	251971	a	1	-	251970	251971	255,0,0	1000 0.00 0 1 0 0 0 0 0
chrI	251971	251972	a	1	-	251971	251972	255,0,0	1000 0.00 0 1 0 0 0 0 0
chrI	251972	251973	a	1	-	251972	251973	255,0,0	1000 0.00 0 1 0 0 0 0 0
chrI	251973	251974	a	1	-	251973	251974	255,0,0	1000 0.00 0 1 0 0 0 0 0
chrI	251974	251975	a	1	-	251974	251975	255,0,0	1000 0.00 0 1 0 0 0 0 0
chrI	251975	251976	a	1	-	251975	251976	255,0,0	1000 0.00 0 1 0 0 0 0 0
chrI	251976	251977	a	1	-	251976	251977	255,0,0	1000 0.00 0 1 0 0 0 0 0
chrI	251977	251978	a	1	-	251977	251978	255,0,0	1000 0.00 0 1 0 0 0 0 0
chrI	251978	251979	a	1	-	251978	251979	255,0,0	1000 0.00 0 1 0 0 0 0 0
chrI	251979	251980	a	1	-	251979	251980	255,0,0	1000 0.00 0 1 0 0 0 0 0
chrI	251980	251981	a	1	-	251980	251981	255,0,0	1000 0.00 0 1 0 0 0 0 0
chrI	251981	251982	a	1	-	251981	251982	255,0,0	1000 0.00 0 1 0 0 0 0 0
chrI	251982	251983	a	1	-	251982	251983	255,0,0	1000 0.00 0 1 0 0 0 0 0
chrI	251983	251984	a	1	-	251983	251984	255,0,0	1000 0.00 0 1 0 0 0 0 0
chrI	251984	251985	a	1	-	251984	251985	255,0,0	1000 0.00 0 1 0 0 0 0 0
chrI	251985	251986	a	1	-	251985	251986	255,0,0	1000 0.00 0 1 0 0 0 0 0
chrI	251986	251987	a	1	-	251986	251987	255,0,0	1000 0.00 0 1 0 0 0 0 0
chrI	251987	251988	a	1	-	251987	251988	255,0,0	1000 0.00 0 1 0 0 0 0 0
chrI	251988	251989	a	1	-	251988	251989	255,0,0	1000 0.00 0 1 0 0 0 0 0
chrI	251989	251990	a	1	-	251989	251990	255,0,0	1000 0.00 0 1 0 0 0 0 0
chrI	251990	251991	a	1	-	251990	251991	255,0,0	1000 0.00 0 1 0 0 0 0 0
chrI	251991	251992	a	1	-	251991	251992	255,0,0	1000 0.00 0 1 0 0 0 0 0
chrI	251992	251993	a	1	-	251992	251993	255,0,0	1000 0.00 0 1 0 0 0 0 0
chrI	251993	251994	a	1	-	251993	251994	255,0,0	1000 0.00 0 1 0 0 0 0 0
chrI	251994	251995	a	1	-	251994	251995	255,0,0	1000 0.00 0 1 0 0 0 0 0
chrI	251995	251996	a	1	-	251995	251996	255,0,0	1000 0.00 0 1 0 0 0 0 0
chrI	251996	251997	a	1	-	251996	251997	255,0,0	1000 0.00 0 1 0 0 0 0 0
chrI	251997	251998	a	1	-	251997	251998	255,0,0	1000 0.00 0 1 0 0 0 0 0
chrI	251998	251999	a	1	-	251998	251999	255,0,0	1000 0.00 0 1 0 0 0 0 0
chrI	251999	252000	a	1	-	251999	252000	255,0,0	1000 0.00 0 1 0 0 0 0 0
chrI	252000	252001	a	1	-	252000	252001	255,0,0	1000 0.00 0 1 0 0 0 0 0
chrI	252001	252002	a	1	-	252001	252002	255,0,0	1000 0.00 0 1 0 0 0 0 0
chrI	252002	252003	a	1	-	252002	252003	255,0,0	1000 0.00 0 1 0 0 0 0 0
chrI	252003	252004	a	1	-	252003	252004	255,0,0	1000 0.00 0 1 0 0 0 0 0
chrI	252004	252005	a	1	-	252004	252005	255,0,0	1000 0.00 0 1 0 0 0 0 0
chrI	252005	252006	a	1	-	252005	252006	255,0,0	1000 0.00 0 1 0 0 0 0 0
chrI	252006	252007	a	1	-	252006	252007	255,0,0	1000 0.00 0 1 0 0 0 0 0
chrI	252007	252008	a	1	-	252007	252008	255,0,0	1000 0.00 0 1 0 0 0 0 0
chrI	252008	252009	a	1	-	252008	252009	255,0,0	1000 0.00 0 1 0 0 0 0 0
chrI	252009	252010	a	1	-	252009	252010	255,0,0	1000 0.00 0 1 0 0 0 0 0
chrI	252010	252011	a	1	-	252010	252011	255,0,0	1000 0.00 0 1 0 0 0 0 0
chrI	252011	252012	a	1	-	252011	252012	255,0,0	1000 0.00 0 1 0 0 0 0 0
chrI	252012	252013	a	1	-	252012	252013	255,0,0	1000 0.00 0 1 0 0 0 0 0
chrI	252013	252014	a	1	-	252013	252014	255,0,0	1000 0.00 0 1 0 0 0 0 0
chrI	252014	252015	a	1	-	252014	252015	255,0,0	1000 0.00 0 1 0 0 0 0 0
chrI	252015	252016	a	1	-	252015	252016	255,0,0	1000 0.00 0 1 0 0 0 0 0
chrI	252016	252017	a	1	-	252016	252017	255,0,0	1000 0.00 0 1 0 0 0 0 0
chrI	252017	252018	a	1	-	252017	252018	255,0,0	1000 0.00 0 1 0 0 0 0 0
chrI	252018	252019	a	1	-	252018	252019	255,0,0	1000 0.00 0 1 0 0 0 0 0
chrI	252019	252020	a	1	-	252019	252020	255,0,0	1000 0.00 0 1 0 0 0 0 0
chrI	252020	252021	a	1	-	252020	252021	255,0,0	1000 0.00 0 1 0 0 0 0 0
chrI	252021	252022	a	1	-	252021	252022	255,0,0	1000 0.00 0 1 0 0 0 0 0
chrI	252022	252023	a	1	-	252022	252023	255,0,0	1000 0.00 0 1 0 0 0 0 0
chrI	252023	252024	a	1	-	252023	252024	255,0,0	1000 0.00 0 1 0 0 0 0 0
chrI	252024	252025	a	1	-	252024	252025	255,0,0	1000 0.00 0 1 0 0 0 0 0
chrI	252025	252026	a	1	-	252025	252026	255,0,0	1000 0.00 0 1 0 0 0 0 0
chrI	252026	252027	a	1	-	252026	252027	255,0,0	1000 0.00 0 1 0 0 0 0 0
chrI	252027	252028	a	1	-	252027	252028	255,0,0	1000 0.00 0 1 0 0 0 0 0
chrI	252028	252029	a	1	-	252028	252029	255,0,0	1000 0.00 0 1 0 0 0 0 0
chrI	252029	252030	a	1	-	252029	252030	255,0,0	1000 0.00 0 1 0 0 0 0 0
chrI	252030	252031	a	1	-	252030	252031	255,0,0	1000 0.00 0 1 0 0 0 0 0
chrI	252031	252032	a	1	-	252031	252032	255,0,0	1000 0.00 0 1 0 0 0 0 0
chrI	252032	252033	a	1	-	252032	252033	255,0,0	1000 0.00 0 1 0 0 0 0 0
chrI	252033	252034	a	1	-	252033	252034	255,0,0	1000 0.00 0 1 0 0 0 0 0
chrI	252034	252035	a	1	-	252034	252035	255,0,0	1000 0.00 0 1 0 0 0 0 0
chrI	252035	252036	a	1	-	252035	252036	255,0,0	1000 0.00 0 1 0 0 0 0 0
chrI	252036	252037	a	1	-	252036	252037	255,0,0	1000 0.00 0 1 0 0 0 0 0
chrI	252037	252038	a	1	-	252037	252038	255,0,0	1000 0.00 0 1 0 0 0 0 0
chrI	252038	252039	a	1	-	252038	252039	255,0,0	1000 0.00 0 1 0 0 0 0 0
chrI	252039	252040	a	1	-	252039	252040	255,0,0	1000 0.00 0 1 0 0 0 0 0
chrI	252040	252041	a	1	-	252040	252041	255,0,0	1000 0.00 0 1 0 0 0 0 0
chrI	252041	252042	a	1	-	252041	252042	255,0,0	1000 0.00 0 1 0 0 0 0 0
chrI	252042	252043	a	1	-	252042	252043	255,0,0	1000 0.00 0 1 0 0 0 0 0
chrI	252043	252044	a	1	-	252043	252044	255,0,0	1000 0.00 0 1 0 0 0 0 0
chrI	252044	252045	a	1	-	252044	252045	255,0,0	1000 0.00 0 1 0 0 0 0 0
chrI	252045	252046	a	1	-	252045	252046	255,0,0	1000 0.00 0 1 0 0 0 0 0
chrI	252046	252047	a	1	-	252046	252047	255,0,0	1000 0.00 0 1 0 0 0 0 0
chrI	252047	252048	a	1	-	252047	252048	255,0,0	1000 0.00 0 1 0 0 0 0 0
chrI	252048	252049	a	1	-	252048	252049	255,0,0	1000 0.00 0 1 0 0 0 0 0
chrI	252049	252050	a	1	-	252049	252050	255,0,0	1000 0.00 0 1 0 0 0 0 0
chrI	252050	252051	a	1	-	252050	252051	255,0,0	1000 0.00 0 1 0 0 0 0 0
chrI	252051	252052	a	1	-	252051	252052	255,0,0	1000 0.00 0 1 0 0 0 0 0
chrI	252052	252053	a	1	-	252052	252053	255,0,0	1000 0.00 0 1 0 0 0 0 0
chrI	252053	252054	a	1	-	252053	252054	255,0,0	1000 0.00 0 1 0 0 0 0 0
chrI	252054	252055	a	1	-	252054	252055	255,0,0	1000 0.00 0 1 0 0 0 0 0
chrI	252055	252056	a	1	-	252055	252056	255,0,0	1000 0.00 0 1 0 0 0 0 0
chrI	252056	252057	a	1	-	252056	252057	255,0,0	1000 0.00 0 1 0 0 0 0 0
chrI	252057	252058	a	1	-	252057	252058	255,0,0	1000 0.00 0 1 0 0 0 0 0
chrI	252058	252059	a	1	-	252058	252059	255,0,0	1000 0.00 0 1 0 0 0 0 0
chrI	252059	252060	a	1	-	252059	252060	255,0,0	1000 0.00 0 1 0 0 0 0 0
chrI	252060	252061	a	1	-	252060	252061	255,0,0	1000 0.00 0 1 0 0 0 0 0
chrI	252061	252062	a	1	-	252061	252062	255,0,0	1000 0.00 0 1 0 0 0 0 0
chrI	252062	252063	a	1	-	252062	252063	255,0,0	1000 0.00 0 1 0 0 0 0 0
chrI	252063	252064	a	1	-	252063	252064	255,0,0	1000 0.00 0 1 0 0 0 0 0
chrI	252064	252065	a	1	-	252064	252065	255,0,0	1000 0.00 0 1 0 0 0 0 0
chrI	252065	252066	a	1	-	252065	252066	255,0,0	1000 0.00 0 1 0 0 0 0 0
chrI	252066	252067	a	1	-	252066	252067	255,0,0	1000 0.00 0 1 0 0 0 0 0
chrI	252067	252068	a	1	-	252067	252068	255,0,0	1000 0.00 0 1 0 0 0 0 0
chrI	252068	252069	a	1	-	252068	252069	255,0,0	1000 0.00 0 1 0 0 0 0 0
chrI	252069	252070	a	1	-	252069	252070	255,0,0	1000 0.00 0 1 0 0 0 0 0
chrI	252070	252071	a	1	-	252070	252071	255,0,0	1000 0.00 0 1 0 0 0 0 0
chrI	252071	252072	a	1	-	252071	252072	255,0,0	1000 0.00 0 1 0 0 0 0 0
chrI	252072	252073	a	1	-	252072	252073	255,0,0	1000 0.00 0 1 0 0 0 0 0
chrI	252073	252074	a	1	-	252073	252074	255,0,0	1000 0.00 0 1 0 0 0 0 0
chrI	252074	252075	a	1	-	252074	252075	255,0,0	1000 0.00 0 1 0 0 0 0 0
chrI	252075	252076	a	1	-	252075	252076	255,0,0	1000 0.00 0 1 0 0 0 0 0
chrI	252076	252077	a	1	-	252076	252077	255,0,0	1000 0.00 0 1 0 0 0 0 0
chrI	252077	252078	a	1	-	252077	252078	255,0,0	1000 0.00 0 1 0 0 0 0 0
chrI	252078	252079	a	1	-	252078	252079	255,0,0	1000 0.00 0 1 0 0 0 0 0
chrI	252079	252080	a	1	-	252079	252080	255,0,0	1000 0.00 0 1 0 0 0 0 0
chrI	252080	252081	a	1	-	252080	252081	255,0,0	1000 0.00 0 1 0 0 0 0 0
chrI	252081	252082	a	1	-	252081	252082	255,0,0	1000 0.00 0 1 0 0 0 0 0
chrI	252082	252083	a	1	-	252082	252083	255,0,0	1000 0.00 0 1 0 0 0 0 0
chrI	252083	252084	a	1	-	252083	252084	255,0,0	1000 0.00 0 1 0 0 0 0 0
chrI	252084	252085	a	1	-	252084	252085	255,0,0	1000 0.00 0 1 0 0 0 0 0
chrI	252085	252086	a	1	-	252085	252086	255,0,0	1000 0.00 0 1 0 0 0 0 0
chrI	252086	252087	a	1	-	252086	252087	255,0,0	1000 0.00 0 1 0 0 0 0 0
chrI	252087	252088	a	1	-	252087	252088	255,0,0	1000 0.00 0 1 0 0 0 0 0
chrI	252088	252089	a	1	-	252088	252089	255,0,0	1000 0.00 0 1 0 0 0 0 0
chrI	252089	252090	a	1	-	252089	252090	255,0,0	1000 0.00 0 1 0 0 0 0 0
chrI	252090	252091	a	1	-	252090	252091	255,0,0	1000 0.00 0 1 0 0 0 0 0
chrI	252091	252092	a	1	-	252091	252092	255,0,0	1000 0.00 0 1 0 0 0 0 0
chrI	252092	252093	a	1	-	252092	252093	255,0,0	1000 0.00 0 1 0 0 0 0 0
chrI	252093	252094	a	1	-	252093	252094	255,0,0	1000 0.00 0 1 0 0 0 0 0
chrI	252094	252095	a	1	-	252094	252095	255,0,0	1000 0.00 0 1 0 0 0 0 0
chrI	252095	252096	a	1	-	252095	252096	255,0,0	1000 0.00 0 1 0 0 0 0 0
chrI	252096	252097	a	1	-	252096	252097	255,0,0	1000 0.00 0 1 0 0 0 0 0
chrI	252097	252098	a	1	-	252097	252098	255,0,0	1000 0.00 0 1 0 0 0 0 0
chrI	252098	252099	a	1	-	252098	252099	255,0,0	1000 0.00 0 1 0 0 0 0 0
chrI	252099	252100	a	1	-	252099	252100	255,0,0	1000 0.00 0 1 0 0 0 0 0
chrI	252100	252101	a	1	-	252100	252101	255,0,0	1000 0.00 0 1 0 0 0 0 0
chrI	252101	252102	a	1	-	252101	252102	255,0,0	1000 0.00 0 1 0 0 0 0 0
chrI	252102	252103	a	1	-	252102	252103	255,0,0	1000 0.00 0 1 0 0 0 0 0
chrI	252103	252104	a	1	-	252103	252104	255,0,0	1000 0.00 0 1 0 0 0 0 0
chrI	252104	252105	a	1	-	252104	252105	255,0,0	1000 0.00 0 1 0 0 0 0 0
chrI	252105	252106	a	1	-	252105	252106	255,0,0	1000 0.00 0 1 0 0 0 0 0
chrI	252106	252107	a	1	-	252106	252107	255,0,0	1000 0.00 0 1 0 0 0 0 0
chrI	252107	252108	a	1	-	252107	252108	255,0,0	1000 0.00 0 1 0 0 0 0 0
chrI	252108	252109	a	1	-	252108	252109	255,0,0	1000 0.00 0 1 0 0 0 0 0
chrI	252109	252110	a	1	-	252109	252110	255,0,0	1000 0.00 0 1 0 0 0 0 0
chrI	252110	252111	a	1	-	252110	252111	255,0,0	1000 0.00 0 1 0 0 0 0 0
chrI	252111	252112	a	1	-	252111	252112	255,0,0	1000 0.00 0 1 0 0 0 0 0
chrI	252112	252113	a	1	-	252112	252113	255,0,0	1000 0.00 0 1 0 0 0 0 0
chrI	252113	252114	a	1	-	252113	252114	255,0,0	1000 0.00 0 1 0 0 0 0 0
chrI	252114	252115	a	1	-	252114	252115	255,0,0	1000 0.00 0 1 0 0 0 0 0
chrI	252115	252116	a	1	-	252115	252116	255,0,0	1000 0.00 0 1 0 0 0 0 0
chrI	252116	252117	a	1	-	252116	252117	255,0,0	1000 0.00 0 1 0 0 0 0 0
chrI	252117	252118	a	1	-	252117	252118	255,0,0	1000 0.00 0 1 0 0 0 0 0
chrI	252118	252119	a	1	-	252118	252119	255,0,0	1000 0.00 0 1 0 0 0 0 0
chrI	252119	252120	a	1	-	252119	252120	255,0,0	1000 0.00 0 1 0 0 0 0 0
chrI	252120	252121	a	1	-	252120	252121	255,0,0	1000 0.00 0 1 0 0 0 0 0
chrI	252121	252122	a	1	-	252121	252122	255,0,0	1000 0.00 0 1 0 0 0 0 0
chrI	252122	252123	a	1	-	252122	252123	255,0,0	1000 0.00 0 1 0 0 0 0 0
chrI	252123	252124	a	1	-	252123	252124	255,0,0	1000 0.00 0 1 0 0 0 0 0
chrI	252124	252125	a	1	-	252124	252125	255,0,0	1000 0.00 0 1 0 0 0 0 0
chrI	252125	252126	a	1	-	252125	252126	255,0,0	1000 0.00 0 1 0 0 0 0 0
chrI	252126	252127	a	1	-	252126	252127	255,0,0	1000 0.00 0 1 0 0 0 0 0
chrI	252127	252128	a	1	-	252127	252128	255,0,0	1000 0.00 0 1 0 0 0 0 0
chrI	252128	252129	a	1	-	252128	252129	255,0,0	1000 0.00 0 1 0 0 0 0 0
chrI	252129	252130	a	1	-	252129	252130	255,0,0	1000 0.00 0 1 0 0 0 0 0
chrI	252130	252131	a	1	-	252130	252131	255,0,0	1000 0.00 0 1 0 0 0 0 0
chrI	252131	252132	a	1	-	252131	252132	255,0,0	1000 0.00 0 1 0 0 0 0 0
chrI	252132	252133	a	1	-	252132	252133	255,0,0	1000 0.00 0 1 0 0 0 0 0
chrI	252133	252134	a	1	-	252133	252134	255,0,0	1000 0.00 0 1 0 0 0 0 0
chrI	252134	252135	a	1	-	252134	252135	255,0,0	1000 0.00 0 1 0 0 0 0 0
chrI	252135	252136	a	1	-	252135	252136	255,0,0	1000 0.00 0 1 0 0 0 0 0
chrI	252136	252137	a	1	-	252136	252137	255,0,0	1000 0.00 0 1 0 0 0 0 0
chrI	252137	252138	a	1	-	252137	252138	255,0,0	1000 0.00 0 1 0 0 0 0 0
chrI	252138	252139	a	1	-	252138	252139	255,0,0	1000 0.00 0 1 0 0 0 0 0
chrI	252139	252140	a	1	-	252139	252140	255,0,0	1000 0.00 0 1 0 0 0 0 0
chrI	252140	252141	a	1	-	252140	252141	255,0,0	1000 0.00 0 1 0 0 0 0 0
chrI	252141	252142	a	1	-	252141	252142	255,0,0	1000 0.00 0 1 0 0 0 0 0
chrI	252142	252143	a	1	-	252142	252143	255,0,0	1000 0.00 0 1 0 0 0 0 0
chrI	252143	252144	a	1	-	252143	252144	255,0,0	1000 0.00 0 1 0 0 0 0 0
chrI	252144	252145	a	1	-	252144	252145	255,0,0	1000 0.00 0 1 0 0 0 0 0
chrI	252145	252146	a	1	-	252145	252146	255,0,0	1000 0.00 0 1 0 0 0 0 0
chrI	252146	252147	a	1	-	252146	252147	255,0,0	1000 0.00 0 1 0 0 0 0 0
chrI	252147	252148	a	1	-	252147	252148	255,0,0	1000 0.00 0 1 0 0 0 0 0
chrI	252148	252149	a	1	-	252148	252149	255,0,0	1000 0.00 0 1 0 0 0 0 0
chrI	252149	252150	a	1	-	252149	252150	255,0,0	1000 0.00 0 1 0 0 0 0 0
chrI	252150	252151	a	1	-	252150	252151	255,0,0	1000 0.00 0 1 0 0 0 0 0
chrI	252151	252152	a	1	-	252151	252152	255,0,0	1000 0.00 0 1 0 0 0 0 0
chrI	252152	252153	a	1	-	252152	252153	255,0,0	1000 0.00 0 1 0 0 0 0 0
chrI	252153	252154	a	1	-	252153	252154	255,0,0	1000 0.00 0 1 0 0 0 0 0
chrI	252154	252155	a	1	-	252154	252155	255,0,0	1000 0.00 0 1 0 0 0 0 0
chrI	252155	252156	a	1	-	252155	252156	255,0,0	1000 0.00 0 1 0 0 0 0 0
chrI	252156	252157	a	1	-	252156	252157	255,0,0	1000 0.00 0 1 0 0 0 0 0
chrI	252157	252158	a	1	-	252157	252158	255,0,0	1000 0.00 0 1 0 0 0 0 0
chrI	252158	252159	a	1	-	252158	252159	255,0,0	1000 0.00 0 1 0 0 0 0 0
chrI	252159	252160	a	1	-	252159	252160	255,0,0	1000 0.00 0 1 0 0 0 0 0
chrI	252160	252161	a	1	-	252160	252161	255,0,0	1000 0.00 0 1 0 0 0 0 0
chrI	252161	252162	a	1	-	252161	252162	255,0,0	1000 0.00 0 1 0 0 0 0 0
chrI	252162	252163	a	1	-	252162	252163	255,0,0	1000 0.00 0 1 0 0 0 0 0
chrI	252163	252164	a	1	-	252163	252164	255,0,0	1000 0.00 0 1 0 0 0 0 0
chrI	252164	252165	a	1	-	252164	252165	255,0,0	1000 0.00 0 1 0 0 0 0 0
chrI	252165	252166	a	1	-	252165	252166	255,0,0	1000 0.00 0 1 0 0 0 0 0
chrI	252166	252167	a	1	-	252166	252167	255,0,0	1000 0.00 0 1 0 0 0 0 0
chrI	252167	252168	a	1	-	252167	252168	255,0,0	1000 0.00 0 1 0 0 0 0 0
chrI	252168	252169	a	1	-	252168	252169	255,0,0	1000 0.00 0 1 0 0 0 0 0
chrI	252169	252170	a	1	-	252169	252170	255,0,0	1000 0.00 0 1 0 0 0 0 0
chrI	252170	252171	a	1	-	252170	252171	255,0,0	1000 0.00 0 1 0 0 0 0 0
chrI	252171	252172	a	1	-	252171	252172	255,0,0	1000 0.00 0 1 0 0 0 0 0
chrI	252172	252173	a	1	-	252172	252173	255,0,0	1000 0.00 0 1 0 0 0 0 0
chrI	252173	252174	a	1	-	252173	252174	255,0,0	1000 0.00 0 1 0 0 0 0 0
chrI	252174	252175	a	1	-	252174	252175	255,0,0	1000 0.00 0 1 0 0 0 0 0
chrI	252175	252176	a	1	-	252175	252176	255,0,0	1000 0.00 0 1 0 0 0 0 0
chrI	252176	252177	a	1	-	252176	252177	255,0,0	1000 0.00 0 1 0 0 0 0 0
chrI	252177	252178	a	1	-	252177	252178	255,0,0	1000 0.00 0 1 0 0 0 0 0
chrI	252178	252179	a	1	-	252178	252179	255,0,0	1000 0.00 0 1 0 0 0 0 0
chrI	252179	252180	a	1	-	252179	252180	255,0,0	1000 0.00 0 1 0 0 0 0 0
chrI	252180	252181	a	1	-	252180	252181	255,0,0	1000 0.00 0 1 0 0 0 0 0
chrI	252181	252182	a	1	-	252181	252182	255,0,0	1000 0.00 0 1 0 0 0 0 0
chrI	252182	252183	a	1	-	252182	252183	255,0,0	1000 0.00 0 1 0 0 0 0 0
chrI	252183	252184	a	1	-	252183	252184	255,0,0	1000 0.00 0 1 0 0 0 0 0
chrI	252184	252185	a	1	-	252184	252185	255,0,0	1000 0.00 0 1 0 0 0 0 0
chrI	252185	252186	a	1	-	252185	252186	255,0,0	1000 0.00 0 1 0 0 0 0 0
chrI	252186	252187	a	1	-	252186	252187	255,0,0	1000 0.00 0 1 0 0 0 0 0
chrI	252187	252188	a	1	-	252187	252188	255,0,0	1000 0.00 0 1 0 0 0 0 0
chrI	252188	252189	a	1	-	252188	252189	255,0,0	1000 0.00 0 1 0 0 0 0 0
chrI	252189	252190	a	1	-	252189	252190	255,0,0	1000 0.00 0 1 0 0 0 0 0
chrI	252190	252191	a	1	-	252190	252191	255,0,0	1000 0.00 0 1 0 0 0 0 0
chrI	252191	252192	a	1	-	252191	252192	255,0,0	1000 0.00 0 1 0 0 0 0 0
chrI	252192	252193	a	1	-	252192	252193	255,0,0	1000 0.00 0 1 0 0 0 0 0
chrI	252193	252194	a	1	-	252193	252194	255,0,0	1000 0.00 0 1 0 0 0 0 0
chrI	252194	252195	a	1	-	252194	252195	255,0,0	1000 0.00 0 1 0 0 0 0 0
chrI	252195	252196	a	1	-	252195	252196	255,0,0	1000 0.00 0 1 0 0 0 0 0
chrI	252196	252197	a	1	-	252196	252197	255,0,0	1000 0.00 0 1 0 0 0 0 0
chrI	252197	252198	a	1	-	252197	252198	255,0,0	1000 0.00 0 1 0 0 0 0 0
chrI	252198	252199	a	1	-	252198	252199	255,0,0	1000 0.00 0 1 0 0 0 0 0
chrI	252199	252200	a	1	-	252199	252200	255,0,0	1000 0.00 0 1 0 0 0 0 0
chrI	252200	252201	a	1	-	252200	252201	255,0,0	1000 0.00 0 1 0 0 0 0 0
chrI	252201	252202	a	1	-	252201	252202	255,0,0	1000 0.00 0 1 0 0 0 0 0
chrI	252202	252203	a	1	-	252202	252203	255,0,0	1000 0.00 0 1 0 0 0 0 0
chrI	252203	252204	a	1	-	252203	252204	255,0,0	1000 0.00 0 1 0 0 0 0 0
chrI	252204	252205	a	1	-	252204	252205	255,0,0	1000 0.00 0 1 0 0 0 0 0
chrI	252205	252206	a	1	-	252205	252206	255,0,0	1000 0.00 0 1 0 0 0 0 0
chrI	252206	252207	a	1	-	252206	252207	255,0,0	1000 0.00 0 1 0 0 0 0 0
chrI	252207	252208	a	1	-	252207	252208	255,0,0	1000 0.00 0 1 0 0 0 0 0
chrI	252208	252209	a	1	-	252208	252209	255,0,0	1000 0.00 0 1 0 0 0 0 0
chrI	252209	252210	a	1	-	252209	252210	255,0,0	1000 0.00 0 1 0 0 0 0 0
chrI	252210	252211	a	1	-	252210	252211	255,0,0	1000 0.00 0 1 0 0 0 0 0
chrI	252211	252212	a	1	-	252211	252212	255,0,0	1000 0.00 0 1 0 0 0 0 0
chrI	252212	252213	a	1	-	252212	252213	255,0,0	1000 0.00 0 1 0 0 0 0 0
chrI	252213	252214	a	1	-	252213	252214	255,0,0	1000 0.00 0 1 0 0 0 0 0
chrI	252214	252215	a	1	-	252214	252215	255,0,0	1000 0.00 0 1 0 0 0 0 0
chrI	252215	252216	a	1	-	252215	252216	255,0,0	1000 0.00 0 1 0 0 0 0 0
chrI	252216	252217	a	1	-	252216	252217	255,0,0	1000 0.00 0 1 0 0 0 0 0
chrI	252217	252218	a	1	-	252217	252218	255,0,0	1000 0.00 0 1 0 0 0 0 0
chrI	252218	252219	a	1	-	252218	252219	255,0,0	1000 0.00 0 1 0 0 0 0 0
chrI	252219	252220	a	1	-	252219	252220	255,0,0	1000 0.00 0 1 0 0 0 0 0
chrI	252220	252221	a	1	-	252220	252221	255,0,0	1000 0.00 0 1 0 0 0 0 0
chrI	252221	252222	a	1	-	252221	252222	255,0,0	1000 0.00 0 1 0 0 0 0 0
chrI	252222	252223	a	1	-	252222	252223	255,0,0	1000 0.00 0 1 0 0 0 0 0
chrI	252223	252224	a	1	-	252223	252224	255,0,0	1000 0.00 0 1 0 0 0 0 0
chrI	252224	252225	a	1	-	252224	252225	255,0,0	1000 0.00 0 1 0 0 0 0 0
chrI	252225	252226	a	1	-	252225	252226	255,0,0	1000 0.00 0 1 0 0 0 0 0
chrI	252226	252227	a	1	-	252226	252227	255,0,0	1000 0.00 0 1 0 0 0 0 0
chrI	252227	252228	a	1	-	252227	252228	255,0,0	1000 0.00 0 1 0 0 0 0 0
chrI	252228	252229	a	1	-	252228	252229	255,0,0	1000 0.00 0 1 0 0 0 0 0
chrI	252229	252230	a	1	-	252229	252230	255,0,0	1000 0.00 0 1 0 0 0 0 0
chrI	252230	252231	a	1	-	252230	252231	255,0,0	1000 0.00 0 1 0 0 0 0 0
chrI	252231	252232	a	1	-	252231	252232	255,0,0	1000 0.00 0 1 0 0 0 0 0
chrI	252232	252233	a	1	-	252232	252233	255,0,0	1000 0.00 0 1 0 0 0 0 0
chrI	252233	252234	a	1	-	252233	252234	255,0,0	1000 0.00 0 1 0 0 0 0 0
chrI	252234	252235	a	1	-	252234	252235	255,0,0	1000 0.00 0 1 0 0 0 0 0
chrI	252235	252236	a	1	-	252235	252236	255,0,0	1000 0.00 0 1 0 0 0 0 0
chrI	252236	252237	a	1	-	252236	252237	255,0,0	1000 0.00 0 1 0 0 0 0 0
chrI	252237	252238	a	1	-	252237	252238	255,0,0	1000 0.00 0 1 0 0 0 0 0
chrI	252238	252239	a	1	-	252238	252239	255,0,0	1000 0.00 0 1 0 0 0 0 0
chrI	252239	252240	a	1	-	252239	252240	255,0,0	1000 0.00 0 1 0 0 0 0 0
chrI	252240	252241	a	1	-	252240	252241	255,0,0	1000 0.00 0 1 0 0 0 0 0
chrI	252241	252242	a	1	-	252241	252242	255,0,0	1000 0.00 0 1 0 0 0 0 0
chrI	252242	252243	a	1	-	252242	252243	255,0,0	1000 0.00 0 1 0 0 0 0 0
chrI	252243	252244	a	1	-	252243	252244	255,0,0	1000 0.00 0 1 0 0 0 0 0
chrI	252244	252245	a	1	-	252244	252245	255,0,0	1000 0.00 0 1 0 0 0 0 0
chrI	252245	252246	a	1	-	252245	252246	255,0,0	1000 0.00 0 1 0 0 0 0 0
chrI	252246	252247	a	1	-	252246	252247	255,0,0	1000 0.00 0 1 0 0 0 0 0
chrI	252247	252248	a	1	-	252247	252248	255,0,0	1000 0.00 0 1 0 0 0 0 0
chrI	252248	252249	a	1	-	252248	252249	255,0,0	1000 0.00 0 1 0 0 0 0 0
chrI	252249	252250	a	1	-	252249	252250	255,0,0	1000 0.00 0 1 0 0 0 0 0
chrI	252250	252251	a	1	-	252250	252251	255,0,0	1000 0.00 0 1 0 0 0 0 0
chrI	252251	252252	a	1	-	252251	252252	255,0,0	1000 0.00 0 1 0 0 0 0 0
chrI	252252	252253	a	1	-	252252	252253	255,0,0	1000 0.00 0 1 0 0 0 0 0
chrI	252253	252254	a	1	-	252253	252254	255,0,0	1000 0.00 0 1 0 0 0 0 0
chrI	252254	252255	a	1	-	252254	252255	255,0,0	1000 0.00 0 1 0 0 0 0 0
chrI	252255	252256	a	1	-	252255	252256	255,0,0	1000 0.00 0 1 0 0 0 0 0
chrI	252256	252257	a	1	-	252256	252257	255,0,0	1000 0.00 0 1 0 0 0 0 0
chrI	252257	252258	a	1	-	252257	252258	255,0,0	1000 0.00 0 1 0 0 0 0 0
chrI	252258	252259	a	1	-	252258	252259	255,0,0	1000 0.00 0 1 0 0 0 0 0
chrI	252259	252260	a	1	-	252259	252260	255,0,0	1000 0.00 0 1 0 0 0 0 0
chrI	252260	252261	a	1	-	252260	252261	255,0,0	1000 0.00 0 1 0 0 0 0 0
chrI	252261	252262	a	1	-	252261	252262	255,0,0	1000 0.00 0 1 0 0 0 0 0
chrI	252262	252263	a	1	-	252262	252263	255,0,0	1000 0.00 0 1 0 0 0 0 0
chrI	252263	252264	a	1	-	252263	252264	255,0,0	1000 0.00 0 1 0 0 0 0 0
chrI	252264	252265	a	1	-	252264	252265	255,0,0	1000 0.00 0 1 0 0 0 0 0
chrI	252265	252266	a	1	-	252265	252266	255,0,0	1000 0.00 0 1 0 0 0 0 0
chrI	252266	252267	a	1	-	252266	252267	255,0,0	1000 0.00 0 1 0 0 0 0 0
chrI	252267	252268	a	1	-	252267	252268	255,0,0	1000 0.00 0 1 0 0 0 0 0
chrI	252268	252269	a	1	-	252268	252269	255,0,0	1000 0.00 0 1 0 0 0 0 0
chrI	252269	252270	a	1	-	252269	252270	255,0,0	1000 0.00 0 1 0 0 0 0 0
chrI	252270	252271	a	1	-	252270	252271	255,0,0	1000 0.00 0 1 0 0 0 0 0
chrI	252271	252272	a	1	-	252271	252272	255,0,0	1000 0.00 0 1 0 0 0 0 0
chrI	252272	252273	a	1	-	252272	252273	255,0,0	1000 0.00 0 1 0 0 0 0 0
chrI	252273	252274	a	1	-	252273	252274	255,0,0	1000 0.00 0 1 0 0 0 0 0
chrI	252274	252275	a	1	-	252274	252275	255,0,0	1000 0.00 0 1 0 0 0 0 0
chrI	252275	252276	a	1	-	252275	252276	255,0,0	1000 0.00 0 1 0 0 0 0 0
chrI	252276	252277	a	1	-	252276	252277	255,0,0	1000 0.00 0 1 0 0 0 0 0
chrI	252277	252278	a	1	-	252277	252278	255,0,0	1000 0.00 0 1 0 0 0 0 0
chrI	252278	252279	a	1	-	252278	252279	255,0,0	1000 0.00 0 1 0 0 0 0 0
chrI	252279	252280	a	1	-	252279	252280	255,0,0	1000 0.00 0 1 0 0 0 0 0
chrI	252280	252281	a	1	-	252280	252281	255,0,0	1000 0.00 0 1 0 0 0 0 0
chrI	252281	252282	a	1	-	252281	252282	255,0,0	1000 0.00 0 1 0 0 0 0 0
chrI	252282	252283	a	1	-	252282	252283	255,0,0	1000 0.00 0 1 0 0 0 0 0
chrI	252283	252284	a	1	-	252283	252284	255,0,0	1000 0.00 0 1 0 0 0 0 0
chrI	252284	252285	a	1	-	252284	252285	255,0,0	1000 0.00 0 1 0 0 0 0 0
chrI	252285	252286	a	1	-	252285	252286	255,0,0	1000 0.00 0 1 0 0 0 0 0
chrI	252286	252287	a	1	-	252286	252287	255,0,0	1000 0.00 0 1 0 0 0 0 0
chrI	252287	252288	a	1	-	252287	252288	255,0,0	1000 0.00 0 1 0 0 0 0 0
chrI	252288	252289	a	1	-	252288	252289	255,0,0	1000 0.00 0 1 0 0 0 0 0
chrI	252289	252290	a	1	-	252289	252290	255,0,0	1000 0.00 0 1 0 0 0 0 0
chrI	252290	252291	a	1	-	252290	252291	255,0,0	1000 0.00 0 1 0 0 0 0 0
chrI	252291	252292	a	1	-	252291	252292	255,0,0	1000 0.00 0 1 0 0 0 0 0
chrI	252292	252293	a	1	-	252292	252293	255,0,0	1000 0.00 0 1 0 0 0 0 0
chrI	252293	252294	a	1	-	252293	252294	255,0,0	1000 0.00 0 1 0 0 0 0 0
chrI	252294	252295	a	1	-	252294	252295	255,0,0	1000 0.00 0 1 0 0 0 0 0
chrI	252295	252296	a	1	-	252295	252296	255,0,0	1000 0.00 0 1 0 0 0 0 0
chrI	252296	252297	a	1	-	252296	252297	255,0,0	1000 0.00 0 1 0 0 0 0 0
chrI	252297	252298	a	1	-	252297	252298	255,0,0	1000 0.00 0 1 0 0 0 0 0
chrI	252298	252299	a	1	-	252298	252299	255,0,0	1000 0.00 0 1 0 0 0 0 0
chrI	252299	252300	a	1	-	252299	252300	255,0,0	1000 0.00 0 1 0 0 0 0 0
chrI	252300	252301	a	1	-	252300	252301	255,0,0	1000 0.00 0 1 0 0 0 0 0
chrI	252301	252302	a	1	-	252301	252302	255,0,0	1000 0.00 0 1 0 0 0 0 0
chrI	252302	252303	a	1	-	252302	252303	255,0,0	1000 0.00 0 1 0 0 0 0 0
chrI	252303	252304	a	1	-	252303	252304	255,0,0	1000 0.00 0 1 0 0 0 0 0
chrI	252304	252305	a	1	-	252304	252305	255,0,0	1000 0.00 0 1 0 0 0 0 0
chrI	252305	252306	a	1	-	252305	252306	255,0,0	1000 0.00 0 1 0 0 0 0 0
chrI	252306	252307	a	1	-	252306	252307	255,0,0	1000 0.00 0 1 0 0 0 0 0
chrI	252307	252308	a	1	-	252307	252308	255,0,0	1000 0.00 0 1 0 0 0 0 0
chrI	252308	252309	a	1	-	252308	252309	255,0,0	1000 0.00 0 1 0 0 0 0 0
chrI	252309	252310	a	1	-	252309	252310	255,0,0	1000 0.00 0 1 0 0 0 0 0
chrI	252310	252311	a	1	-	252310	252311	255,0,0	1000 0.00 0 1 0 0 0 0 0
chrI	252311	252312	a	1	-	252311	252312	255,0,0	1000 0.00 0 1 0 0 0 0 0
chrI	252312	252313	a	1	-	252312	252313	255,0,0	1000 0.00 0 1 0 0 0 0 0
chrI	252313	252314	a	1	-	252313	252314	255,0,0	1000 0.00 0 1 0 0 0 0 0
chrI	252314	252315	a	1	-	252314	252315	255,0,0	1000 0.00 0 1 0 0 0 0 0
chrI	252315	252316	a	1	-	252315	252316	255,0,0	1000 0.00 0 1 0 0 0 0 0
chrI	252316	252317	a	1	-	252316	252317	255,0,0	1000 0.00 0 1 0 0 0 0 0
chrI	252317	252318	a	1	-	252317	252318	255,0,0	1000 0.00 0 1 0 0 0 0 0
chrI	252318	252319	a	1	-	252318	252319	255,0,0	1000 0.00 0 1 0 0 0 0 0
chrI	252319	252320	a	1	-	252319	252320	255,0,0	1000 0.00 0 1 0 0 0 0 0
chrI	252320	252321	a	1	-	252320	252321	255,0,0	1000 0.00 0 1 0 0 0 0 0
chrI	252321	252322	a	1	-	252321	252322	255,0,0	1000 0.00 0 1 0 0 0 0 0
chrI	252322	252323	a	1	-	252322	252323	255,0,0	1000 0.00 0 1 0 0 0 0 0
chrI	252323	252324	a	1	-	252323	252324	255,0,0	1000 0.00 0 1 0 0 0 0 0
chrI	252324	252325	a	1	-	252324	252325	255,0,0	1000 0.00 0 1 0 0 0 0 0
chrI	252325	252326	a	1	-	252325	252326	255,0,0	1000 0.00 0 1 0 0 0 0 0
chrI	252326	252327	a	1	-	252326	252327	255,0,0	1000 0.00 0 1 0 0 0 0 0
chrI	252327	252328	a	1	-	252327	252328	255,0,0	1000 0.00 0 1 0 0 0 0 0
chrI	252328	252329	a	1	-	252328	252329	255,0,0	1000 0.00 0 1 0 0 0 0 0
chrI	252329	252330	a	1	-	252329	252330	255,0,0	1000 0.00 0 1 0 0 0 0 0
chrI	252330	252331	a	1	-	252330	252331	255,0,0	1000 0.00 0 1 0 0 0 0 0
chrI	252331	252332	a	1	-	252331	252332	255,0,0	1000 0.00 0 1 0 0 0 0 0
chrI	252332	252333	a	1	-	252332	252333	255,0,0	1000 0.00 0 1 0 0 0 0 0
chrI	252333	252334	a	1	-	252333	252334	255,0,0	1000 0.00 0 1 0 0 0 0 0
chrI	252334	252335	a	1	-	252334	252335	255,0,0	1000 0.00 0 1 0 0 0 0 0
chrI	252335	252336	a	1	-	252335	252336	255,0,0	1000 0.00 0 1 0 0 0 0 0
chrI	252336	252337	a	1	-	252336	252337	255,0,0	1000 0.00 0 1 0 0 0 0 0
chrI	252337	252338	a	1	-	252337	252338	255,0,0	1000 0.00 0 1 0 0 0 0 0
chrI	252338	252339	a	1	-	252338	252339	255,0,0	1000 0.00 0 1 0 0 0 0 0
chrI	252339	252340	a	1	-	252339	252340	255,0,0	1000 0.00 0 1 0 0 0 0 0
chrI	252340	252341	a	1	-	252340	252341	255,0,0	1000 0.00 0 1 0 0 0 0 0
chrI	252341	252342	a	1	-	252341	252342	255,0,0	1000 0.00 0 1 0 0 0 0 0
chrI	252342	252343	a	1	-	252342	252343	255,0,0	1000 0.00 0 1 0 0 0 0 0
chrI	252343	252344	a	1	-	252343	252344	255,0,0	1000 0.00 0 1 0 0 0 0 0
chrI	252344	252345	a	1	-	252344	252345	255,0,0	1000 0.00 0 1 0 0 0 0 0
chrI	252345	252346	a	1	-	252345	252346	255,0,0	1000 0.00 0 1 0 0 0 0 0
chrI	252346	252347	a	1	-	252346	252347	255,0,0	1000 0.00 0 1 0 0 0 0 0
chrI	252347	252348	a	1	-	252347	252348	255,0,0	1000 0.00 0 1 0 0 0 0 0
chrI	252348	252349	a	1	-	252348	252349	255,0,0	1000 0.00 0 1 0 0 0 0 0
chrI	252349	252350	a	1	-	252349	252350	255,0,0	1000 0.00 0 1 0 0 0 0 0
chrI	252350	252351	a	1	-	252350	252351	255,0,0	1000 0.00 0 1 0 0 0 0 0
chrI	252351	252352	a	1	-	252351	252352	255,0,0	1000 0.00 0 1 0 0 0 0 0
chrI	252352	252353	a	1	-	252352	252353	255,0,0	1000 0.00 0 1 0 0 0 0 0
chrI	252353	252354	a	1	-	252353	252354	255,0,0	1000 0.00 0 1 0 0 0 0 0
chrI	252354	252355	a	1	-	252354	252355	255,0,0	1000 0.00 0 1 0 0 0 0 0
chrI	252355	252356	a	1	-	252355	252356	255,0,0	1000 0.00 0 1 0 0 0 0 0
chrI	252356	252357	a	1	-	252356	252357	255,0,0	1000 0.00 0 1 0 0 0 0 0
chrI	252357	252358	a	1	-	252357	252358	255,0,0	1000 0.00 0 1 0 0 0 0 0
chrI	252358	252359	a	1	-	252358	252359	255,0,0	1000 0.00 0 1 0 0 0 0 0
chrI	252359	252360	a	1	-	252359	252360	255,0,0	1000 0.00 0 1 0 0 0 0 0
chrI	252360	252361	a	1	-	252360	252361	255,0,0	1000 0.00 0 1 0 0 0 0 0
chrI	252361	252362	a	1	-	252361	252362	255,0,0	1000 0.00 0 1 0 0 0 0 0
chrI	252362	252363	a	1	-	252362	252363	255,0,0	1000 0.00 0 1 0 0 0 0 0
chrI	252363	252364	a	1	-	252363	252364	255,0,0	1000 0.00 0 1 0 0 0 0 0
chrI	252364	252365	a	1	-	252364	252365	255,0,0	1000 0.00 0 1 0 0 0 0 0
chrI	252365	252366	a	1	-	252365	252366	255,0,0	1000 0.00 0 1 0 0 0 0 0
chrI	252366	252367	a	1	-	252366	252367	255,0,0	1000 0.00 0 1 0 0 0 0 0
chrI	252367	252368	a	1	-	252367	252368	255,0,0	1000 0.00 0 1 0 0 0 0 0
chrI	252368	252369	a	1	-	252368	252369	255,0,0	1000 0.00 0 1 0 0 0 0 0
chrI	252369	252370	a	1	-	252369	252370	255,0,0	1000 0.00 0 1 0 0 0 0 0
chrI	252370	252371	a	1	-	252370	252371	255,0,0	1000 0.00 0 1 0 0 0 0 0
chrI	252371	252372	a	1	-	252371	252372	255,0,0	1000 0.00 0 1 0 0 0 0 0
chrI	252372	252373	a	1	-	252372	252373	255,0,0	1000 0.00 0 1 0 0 0 0 0
chrI	252373	252374	a	1	-	252373	252374	255,0,0	1000 0.00 0 1 0 0 0 0 0
chrI	252374	252375	a	1	-	252374	252375	255,0,0	1000 0.00 0 1 0 0 0 0 0
chrI	252375	252376	a	1	-	252375	252376	255,0,0	1000 0.00 0 1 0 0 0 0 0
chrI	252376	252377	a	1	-	252376	252377	255,0,0	1000 0.00 0 1 0 0 0 0 0
chrI	252377	252378	a	1	-	252377	252378	255,0,0	1000 0.00 0 1 0 0 0 0 0
chrI	252378	252379	a	1	-	252378	252379	255,0,0	1000 0.00 0 1 0 0 0 0 0
chrI	252379	252380	a	1	-	252379	252380	255,0,0	1000 0.00 0 1 0 0 0 0 0
chrI	252380	252381	a	1	-	252380	252381	255,0,0	1000 0.00 0 1 0 0 0 0 0
chrI	252381	252382	a	1	-	252381	252382	255,0,0	1000 0.00 0 1 0 0 0 0 0
chrI	252382	252383	a	1	-	252382	252383	255,0,0	1000 0.00 0 1 0 0 0 0 0
chrI	252383	252384	a	1	-	252383	252384	255,0,0	1000 0.00 0 1 0 0 0 0 0
chrI	252384	252385	a	1	-	252384	252385	255,0,0	1000 0.00 0 1 0 0 0 0 0
chrI	252385	252386	a	1	-	252385	252386	255,0,0	1000 0.00 0 1 0 0 0 0 0
chrI	252386	252387	a	1	-	252386	252387	255,0,0	1000 0.00 0 1 0 0 0 0 0
chrI	252387	252388	a	1	-	252387	252388	255,0,0	1000 0.00 0 1 0 0 0 0 0
chrI	252388	252389	a	1	-	252388	252389	255,0,0	1000 0.00 0 1 0 0 0 0 0
chrI	252389	252390	a	1	-	252389	252390	255,0,0	1000 0.00 0 1 0 0 0 0 0
chrI	252390	252391	a	1	-	252390	252391	255,0,0	1000 0.00 0 1 0 0 0 0 0
chrI	252391	252392	a	1	-	252391	252392	255,0,0	1000 0.00 0 1 0 0 0 0 0
chrI	252392	252393	a	1	-	252392	252393	255,0,0	1000 0.00 0 1 0 0 0 0 0
chrI	252393	252394	a	1	-	252393	252394	255,0,0	1000 0.00 0 1 0 0 0 0 0
chrI	252394	252395	a	1	-	252394	252395	255,0,0	1000 0.00 0 1 0 0 0 0 0
chrI	252395	252396	a	1	-	252395	252396	255,0,0	1000 0.00 0 1 0 0 0 0 0
chrI	252396	252397	a	1	-	252396	252397	255,0,0	1000 0.00 0 1 0 0 0 0 0
chrI	252397	252398	a	1	-	252397	252398	255,0,0	1000 0.00 0 1 0 0 0 0 0
chrI	252398	252399	a	1	-	252398	252399	255,0,0	1000 0.00 0 1 0 0 0 0 0
chrI	252399	252400	a	1	-	252399	252400	255,0,0	1000 0.00 0 1 0 0 0 0 0
chrI	252400	252401	a	1	-	252400	252401	255,0,0	1000 0.00 0 1 0 0 0 0 0
chrI	252401	252402	a	1	-	252401	252402	255,0,0	1000 0.00 0 1 0 0 0 0 0
chrI	252402	252403	a	1	-	252402	252403	255,0,0	1000 0.00 0 1 0 0 0 0 0
chrI	252403	252404	a	1	-	252403	252404	255,0,0	1000 0.00 0 1 0 0 0 0 0
chrI	252404	252405	a	1	-	252404	252405	255,0,0	1000 0.00 0 1 0 0 0 0 0
chrI	252405	252406	a	1	-	252405	252406	255,0,0	1000 0.00 0 1 0 0 0 0 0
chrI	252406	252407	a	1	-	252406	252407	255,0,0	1000 0.00 0 1 0 0 0 0 0
chrI	252407	252408	a	1	-	252407	252408	255,0,0	1000 0.00 0 1 0 0 0 0 0
chrI	252408	252409	a	1	-	252408	252409	255,0,0	1000 0.00 0 1 0 0 0 0 0
chrI	252409	252410	a	1	-	252409	252410	255,0,0	1000 0.00 0 1 0 0 0 0 0
chrI	252410	252411	a	1	-	252410	252411	255,0,0	1000 0.00 0 1 0 0 0 0 0
chrI	252411	252412	a	1	-	252411	252412	255,0,0	1000 0.00 0 1 0 0 0 0 0
chrI	252412	252413	a	1	-	252412	252413	255,0,0	1000 0.00 0 1 0 0 0 0 0
chrI	252413	252414	a	1	-	252413	252414	255,0,0	1000 0.00 0 1 0 0 0 0 0
chrI	252414	252415	a	1	-	252414	252415	255,0,0	1000 0.00 0 1 0 0 0 0 0
chrI	252415	252416	a	1	-	252415	252416	255,0,0	1000 0.00 0 1 0 0 0 0 0
chrI	252416	252417	a	1	-	252416	252417	255,0,0	1000 0.00 0 1 0 0 0 0 0
chrI	252417	252418	a	1	-	252417	252418	255,0,0	1000 0.00 0 1 0 0 0 0 0
chrI	252418	252419	a	1	-	252418	252419	255,0,0	1000 0.00 0 1 0 0 0 0 0
chrI	252419	252420	a	1	-	252419	252420	255,0,0	1000 0.00 0 1 0 0 0 0 0
chrI	252420	252421	a	1	-	252420	252421	255,0,0	1000 0.00 0 1 0 0 0 0 0
chrI	252421	252422	a	1	-	252421	252422	255,0,0	1000 0.00 0 1 0 0 0 0 0
chrI	252422	252423	a	1	-	252422	252423	255,0,0	1000 0.00 0 1 0 0 0 0 0
chrI	252423	252424	a	1	-	252423	252424	255,0,0	1000 0.00 0 1 0 0 0 0 0
chrI	252424	252425	a	1	-	252424	252425	255,0,0	1000 0.00 0 1 0 0 0 0 0
chrI	252425	252426	a	1	-	252425	252426	255,0,0	1000 0.00 0 1 0 0 0 0 0
chrI	252426	252427	a	1	-	252426	252427	255,0,0	1000 0.00 0 1 0 0 0 0 0
chrI	252427	252428	a	1	-	252427	252428	255,0,0	1000 0.00 0 1 0 0 0 0 0
chrI	252428	252429	a	1	-	252428	252429	255,0,0	1000 0.00 0 1 0 0 0 0 0
chrI	252429	252430	a	1	-	252429	252430	255,0,0	1000 0.00 0 1 0 0 0 0 0
chrI	252430	252431	a	1	-	252430	252431	255,0,0	1000 0.00 0 1 0 0 0 0 0
chrI	252431	252432	a	1	-	252431	252432	255,0,0	1000 0.00 0 1 0 0 0 0 0
chrI	252432	252433	a	1	-	252432	252433	255,0,0	1000 0.00 0 1 0 0 0 0 0
chrI	252433	252434	a	1	-	252433	252434	255,0,0	1000 0.00 0 1 0 0 0 0 0
chrI	252434	252435	a	1	-	252434	252435	255,0,0	1000 0.00 0 1 0 0 0 0 0
chrI	252435	252436	a	1	-	252435	252436	255,0,0	1000 0.00 0 1 0 0 0 0 0
chrI	252436	252437	a	1	-	252436	252437	255,0,0	1000 0.00 0 1 0 0 0 0 0
chrI	252437	252438	a	1	-	252437	252438	255,0,0	1000 0.00 0 1 0 0 0 0 0
chrI	252438	252439	a	1	-	252438	252439	255,0,0	1000 0.00 0 1 0 0 0 0 0
chrI	252439	252440	a	1	-	252439	252440	255,0,0	1000 0.00 0 1 0 0 0 0 0
chrI	252440	252441	a	1	-	252440	252441	255,0,0	1000 0.00 0 1 0 0 0 0 0
chrI	252441	252442	a	1	-	252441	252442	255,0,0	1000 0.00 0 1 0 0 0 0 0
chrI	252442	252443	a	1	-	252442	252443	255,0,0	1000 0.00 0 1 0 0 0 0 0
chrI	252443	252444	a	1	-	252443	252444	255,0,0	1000 0.00 0 1 0 0 0 0 0
chrI	252444	252445	a	1	-	252444	252445	255,0,0	1000 0.00 0 1 0 0 0 0 0
chrI	252445	252446	a	1	-	252445	252446	255,0,0	1000 0.00 0 1 0 0 0 0 0
chrI	252446	252447	a	1	-	252446	252447	255,0,0	1000 0.00 0 1 0 0 0 0 0
chrI	252447	252448	a	1	-	252447	252448	255,0,0	1000 0.00 0 1 0 0 0 0 0
chrI	252448	252449	a	1	-	252448	252449	255,0,0	1000 0.00 0 1 0 0 0 0 0
chrI	252449	252450	a	1	-	252449	252450	255,0,0	1000 0.00 0 1 0 0 0 0 0
chrI	252450	252451	a	1	-	252450	252451	255,0,0	1000 0.00 0 1 0 0 0 0 0
chrI	252451	252452	a	1	-	252451	252452	255,0,0	1000 0.00 0 1 0 0 0 0 0
chrI	252452	252453	a	1	-	252452	252453	255,0,0	1000 0.00 0 1 0 0 0 0 0
chrI	252453	252454	a	1	-	252453	252454	255,0,0	1000 0.00 0 1 0 0 0 0 0
chrI	252454	252455	a	1	-	252454	252455	255,0,0	1000 0.00 0 1 0 0 0 0 0
chrI	252455	252456	a	1	-	252455	252456	255,0,0	1000 0.00 0 1 0 0 0 0 0
chrI	252456	252457	a	1	-	252456	252457	255,0,0	1000 0.00 0 1 0 0 0 0 0
chrI	252457	252458	a	1	-	252457	252458	255,0,0	1000 0.00 0 1 0 0 0 0 0
chrI	252458	252459	a	1	-	252458	252459	255,0,0	1000 0.00 0 1 0 0 0 0 0
chrI	252459	252460	a	1	-	252459	252460	255,0,0	1000 0.00 0 1 0 0 0 0 0
chrI	252460	252461	a	1	-	252460	252461	255,0,0	1000 0.00 0 1 0 0 0 0 0
chrI	252461	252462	a	1	-	252461	252462	255,0,0	1000 0.00 0 1 0 0 0 0 0
chrI	252462	252463	a	1	-	252462	252463	255,0,0	1000 0.00 0 1 0 0 0 0 0
chrI	252463	252464	a	1	-	252463	252464	255,0,0	1000 0.00 0 1 0 0 0 0 0
chrI	252464	252465	a	1	-	252464	252465	255,0,0	1000 0.00 0 1 0 0 0 0 0
chrI	252465	252466	a	1	-	252465	252466	255,0,0	1000 0.00 0 1 0 0 0 0 0
chrI	252466	252467	a	1	-	252466	252467	255,0,0	1000 0.00 0 1 0 0 0 0 0
chrI	252467	252468	a	1	-	252467	252468	255,0,0	1000 0.00 0 1 0 0 0 0 0
chrI	252468	252469	a	1	-	252468	252469	255,0,0	1000 0.00 0 1 0 0 0 0 0
chrI	252469	252470	a	1	-	252469	252470	255,0,0	1000 0.00 0 1 0 0 0 0 0
chrI	252470	252471	a	1	-	252470	252471	255,0,0	1000 0.00 0 1 0 0 0 0 0
chrI	252471	252472	a	1	-	252471	252472	255,0,0	1000 0.00 0 1 0 0 0 0 0
chrI	252472	252473	a	1	-	252472	252473	255,0,0	1000 0.00 0 1 0 0 0 0 0
chrI	252473	252474	a	1	-	252473	252474	255,0,0	1000 0.00 0 1 0 0 0 0 0
chrI	252474	252475	a	1	-	252474	252475	255,0,0	1000 0.00 0 1 0 0 0 0 0
chrI	252475	252476	a	1	-	252475	252476	255,0,0	1000 0.00 0 1 0 0 0 0 0
chrI	252476	252477	a	1	-	252476	252477	255,0,0	1000 0.00 0 1 0 0 0 0 0
chrI	252477	252478	a	1	-	252477	252478	255,0,0	1000 0.00 0 1 0 0 0 0 0
chrI	252478	252479	a	1	-	252478	252479	255,0,0	1000 0.00 0 1 0 0 0 0 0
chrI	252479	252480	a	1	-	252479	252480	255,0,0	1000 0.00 0 1 0 0 0 0 0
chrI	252480	252481	a	1	-	252480	252481	255,0,0	1000 0.00 0 1 0 0 0 0 0
chrI	252481	252482	a	1	-	252481	252482	255,0,0	1000 0.00 0 1 0 0 0 0 0
chrI	252482	252483	a	1	-	252482	252483	255,0,0	1000 0.00 0 1 0 0 0 0 0
chrI	252483	252484	a	1	-	252483	252484	255,0,0	1000 0.00 0 1 0 0 0 0 0
chrI	252484	252485	a	1	-	252484	252485	255,0,0	1000 0.00 0 1 0 0 0 0 0
chrI	252485	252486	a	1	-	252485	252486	255,0,0	1000 0.00 0 1 0 0 0 0 0
chrI	252486	252487	a	1	-	252486	252487	255,0,0	1000 0.00 0 1 0 0 0 0 0
chrI	252487	252488	a	1	-	252487	252488	255,0,0	1000 0.00 0 1 0 0 0 0 0
chrI	252488	252489	a	1	-	252488	252489	255,0,0	1000 0.00 0 1 0 0 0 0 0
chrI	252489	252490	a	1	-	252489	252490	255,0,0	1000 0.00 0 1 0 0 0 0 0
chrI	252490	252491	a	1	-	252490	252491	255,0,0	1000 0.00 0 1 0 0 0 0 0
chrI	252491	252492	a	1	-	252491	252492	255,0,0	1000 0.00 0 1 0 0 0 0 0
chrI	252492	252493	a	1	-	252492	252493	255,0,0	1000 0.00 0 1 0 0 0 0 0
chrI	252493	252494	a	1	-	252493	252494	255,0,0	1000 0.00 0 1 0 0 0 0 0
chrI	252494	252495	a	1	-	252494	252495	255,0,0	1000 0.00 0 1 0 0 0 0 0
chrI	252495	252496	a	1	-	252495	252496	255,0,0	1000 0.00 0 1 0 0 0 0 0
chrI	252496	252497	a	1	-	252496	252497	255,0,0	1000 0.00 0 1 0 0 0 0 0
chrI	252497	252498	a	1	-	252497	252498	255,0,0	1000 0.00 0 1 0 0 0 0 0
chrI	252498	252499	a	1	-	252498	252499	255,0,0	1000 0.00 0 1 0 0 0 0 0
chrI	252499	252500	a	1	-	252499	252500	255,0,0	1000 0.00 0 1 0 0 0 0 0
chrI	252500	252501	a	1	-	252500	252501	255,0,0	1000 0.00 0 1 0 0 0 0 0
chrI	252501	252502	a	1	-	252501	252502	255,0,0	1000 0.00 0 1 0 0 0 0 0
chrI	252502	252503	a	1	-	252502	252503	255,0,0	1000 0.00 0 1 0 0 0 0 0
chrI	252503	252504	a	1	-	252503	252504	255,0,0	1000 0.00 0 1 0 0 0 0 0
chrI	252504	252505	a	1	-	252504	252505	255,0,0	1000 0.00 0 1 0 0 0 0 0
chrI	252505	252506	a	1	-	252505	252506	255,0,0	1000 0.00 0 1 0 0 0 0 0
chrI	252506	252507	a	1	-	252506	252507	255,0,0	1000 0.00 0 1 0 0 0 0 0
chrI	252507	252508	a	1	-	252507	252508	255,0,0	1000 0.00 0 1 0 0 0 0 0
chrI	252508	252509	a	1	-	252508	252509	255,0,0	1000 0.00 0 1 0 0 0 0 0
chrI	252509	252510	a	1	-	252509	252510	255,0,0	1000 0.00 0 1 0 0 0 0 0
chrI	252510	252511	a	1	-	252510	252511	255,0,0	1000 0.00 0 1 0 0 0 0 0
chrI	252511	252512	a	1	-	252511	252512	255,0,0	1000 0.00 0 1 0 0 0 0 0
chrI	252512	252513	a	1	-	252512	252513	255,0,0	1000 0.00 0 1 0 0 0 0 0
chrI	252513	252514	a	1	-	252513	252514	255,0,0	1000 0.00 0 1 0 0 0 0 0
chrI	252514	252515	a	1	-	252514	252515	255,0,0	1000 0.00 0 1 0 0 0 0 0
chrI	252515	252516	a	1	-	252515	252516	255,0,0	1000 0.00 0 1 0 0 0 0 0
chrI	252516	252517	a	1	-	252516	252517	255,0,0	1000 0.00 0 1 0 0 0 0 0
chrI	252517	252518	a	1	-	252517	252518	255,0,0	1000 0.00 0 1 0 0 0 0 0
chrI	252518	252519	a	1	-	252518	252519	255,0,0	1000 0.00 0 1 0 0 0 0 0
chrI	252519	252520	a	1	-	252519	252520	255,0,0	1000 0.00 0 1 0 0 0 0 0
chrI	252520	252521	a	1	-	252520	252521	255,0,0	1000 0.00 0 1 0 0 0 0 0
chrI	252521	252522	a	1	-	252521	252522	255,0,0	1000 0.00 0 1 0 0 0 0 0
chrI	252522	252523	a	1	-	252522	252523	255,0,0	1000 0.00 0 1 0 0 0 0 0
chrI	252523	252524	a	1	-	252523	252524	255,0,0	1000 0.00 0 1 0 0 0 0 0
chrI	252524	252525	a	1	-	252524	252525	255,0,0	1000 0.00 0 1 0 0 0 0 0
chrI	252525	252526	a	1	-	252525	252526	255,0,0	1000 0.00 0 1 0 0 0 0 0
chrI	252526	252527	a	1	-	252526	252527	255,0,0	1000 0.00 0 1 0 0 0 0 0
chrI	252527	252528	a	1	-	252527	252528	255,0,0	1000 0.00 0 1 0 0 0 0 0
chrI	252528	252529	a	1	-	252528	252529	255,0,0	1000 0.00 0 1 0 0 0 0 0
chrI	252529	252530	a	1	-	252529	252530	255,0,0	1000 0.00 0 1 0 0 0 0 0
chrI	252530	252531	a	1	-	252530	252531	255,0,0	1000 0.00 0 1 0 0 0 0 0
chrI	252531	252532	a	1	-	252531	252532	255,0,0	1000 0.00 0 1 0 0 0 0 0
chrI	252532	252533	a	1	-	252532	252533	255,0,0	1000 0.00 0 1 0 0 0 0 0
chrI	252533	252534	a	1	-	252533	252534	255,0,0	1000 0.00 0 1 0 0 0 0 0
chrI	252534	252535	a	1	-	252534	252535	255,0,0	1000 0.00 0 1 0 0 0 0 0
chrI	252535	252536	a	1	-	252535	252536	255,0,0	1000 0.00 0 1 0 0 0 0 0
chrI	252536	252537	a	1	-	252536	252537	255,0,0	1000 0.00 0 1 0 0 0 0 0
chrI	252537	252538	a	1	-	252537	252538	255,0,0	1000 0.00 0 1 0 0 0 0 0
chrI	252538	252539	a	1	-	252538	252539	255,0,0	1000 0.00 0 1 0 0 0 0 0
chrI	252539	252540	a	1	-	252539	252540	255,0,0	1000 0.00 0 1 0 0 0 0 0
chrI	252540	252541	a	1	-	252540	252541	255,0,0	1000 0.00 0 1 0 0 0 0 0
chrI	252541	252542	a	1	-	252541	252542	255,0,0	1000 0.00 0 1 0 0 0 0 0
chrI	252542	252543	a	1	-	252542	252543	255,0,0	1000 0.00 0 1 0 0 0 0 0
chrI	252543	252544	a	1	-	252543	252544	255,0,0	1000 0.00 0 1 0 0 0 0 0
chrI	252544	252545	a	1	-	252544	252545	255,0,0	1000 0.00 0 1 0 0 0 0 0
chrI	252545	252546	a	1	-	252545	252546	255,0,0	1000 0.00 0 1 0 0 0 0 0
chrI	252546	252547	a	1	-	252546	252547	255,0,0	1000 0.00 0 1 0 0 0 0 0
chrI	252547	252548	a	1	-	252547	252548	255,0,0	1000 0.00 0 1 0 0 0 0 0
chrI	252548	252549	a	1	-	252548	252549	255,0,0	1000 0.00 0 1 0 0 0 0 0
chrI	252549	252550	a	1	-	252549	252550	255,0,0	1000 0.00 0 1 0 0 0 0 0
chrI	252550	252551	a	1	-	252550	252551	255,0,0	1000 0.00 0 1 0 0 0 0 0
chrI	252551	252552	a	1	-	252551	252552	255,0,0	1000 0.00 0 1 0 0 0 0 0
chrI	252552	252553	a	1	-	252552	252553	255,0,0	1000 0.00 0 1 0 0 0 0 0
chrI	252553	252554	a	1	-	252553	252554	255,0,0	1000 0.00 0 1 0 0 0 0 0
chrI	252554	252555	a	1	-	252554	252555	255,0,0	1000 0.00 0 1 0 0 0 0 0
chrI	252555	252556	a	1	-	252555	252556	255,0,0	1000 0.00 0 1 0 0 0 0 0
chrI	252556	252557	a	1	-	252556	252557	255,0,0	1000 0.00 0 1 0 0 0 0 0
chrI	252557	252558	a	1	-	252557	252558	255,0,0	1000 0.00 0 1 0 0 0 0 0
chrI	252558	252559	a	1	-	252558	252559	255,0,0	1000 0.00 0 1 0 0 0 0 0
chrI	252559	252560	a	1	-	252559	252560	255,0,0	1000 0.00 0 1 0 0 0 0 0
chrI	252560	252561	a	1	-	252560	252561	255,0,0	1000 0.00 0 1 0 0 0 0 0
chrI	252561	252562	a	1	-	252561	252562	255,0,0	1000 0.00 0 1 0 0 0 0 0
chrI	252562	252563	a	1	-	252562	252563	255,0,0	1000 0.00 0 1 0 0 0 0 0
chrI	252563	252564	a	1	-	252563	252564	255,0,0	1000 0.00 0 1 0 0 0 0 0
chrI	252564	252565	a	1	-	252564	252565	255,0,0	1000 0.00 0 1 0 0 0 0 0
chrI	252565	252566	a	1	-	252565	252566	255,0,0	1000 0.00 0 1 0 0 0 0 0
chrI	252566	252567	a	1	-	252566	252567	255,0,0	1000 0.00 0 1 0 0 0 0 0
chrI	252567	252568	a	1	-	252567	252568	255,0,0	1000 0.00 0 1 0 0 0 0 0
chrI	252568	252569	a	1	-	252568	252569	255,0,0	1000 0.00 0 1 0 0 0 0 0
chrI	252569	252570	a	1	-	252569	252570	255,0,0	1000 0.00 0 1 0 0 0 0 0
chrI	252570	252571	a	1	-	252570	252571	255,0,0	1000 0.00 0 1 0 0 0 0 0
chrI	252571	252572	a	1	-	252571	252572	255,0,0	1000 0.00 0 1 0 0 0 0 0
chrI	252572	252573	a	1	-	252572	252573	255,0,0	1000 0.00 0 1 0 0 0 0 0
chrI	252573	252574	a	1	-	252573	252574	255,0,0	1000 0.00 0 1 0 0 0 0 0
chrI	252574	252575	a	1	-	252574	252575	255,0,0	1000 0.00 0 1 0 0 0 0 0
chrI	252575	252576	a	1	-	252575	252576	255,0,0	1000 0.00 0 1 0 0 0 0 0
chrI	252576	252577	a	1	-	252576	252577	255,0,0	1000 0.00 0 1 0 0 0 0 0
chrI	252577	252578	a	1	-	252577	252578	255,0,0	1000 0.00 0 1 0 0 0 0 0
chrI	252578	252579	a	1	-	252578	252579	255,0,0	1000 0.00 0 1 0 0 0 0 0
chrI	252579	252580	a	1	-	252579	252580	255,0,0	1000 0.00 0 1 0 0 0 0 0
chrI	252580	252581	a	1	-	252580	252581	255,0,0	1000 0.00 0 1 0 0 0 0 0
chrI	252581	252582	a	1	-	252581	252582	255,0,0	1000 0.00 0 1 0 0 0 0 0
chrI	252582	252583	a	1	-	252582	252583	255,0,0	1000 0.00 0 1 0 0 0 0 0
chrI	252583	252584	a	1	-	252583	252584	255,0,0	1000 0.00 0 1 0 0 0 0 0
chrI	252584	252585	a	1	-	252584	252585	255,0,0	1000 0.00 0 1 0 0 0 0 0
chrI	252585	252586	a	1	-	252585	252586	255,0,0	1000 0.00 0 1 0 0 0 0 0
chrI	252586	252587	a	1	-	252586	252587	255,0,0	1000 0.00 0 1 0 0 0 0 0
chrI	252587	252588	a	1	-	252587	252588	255,0,0	1000 0.00 0 1 0 0 0 0 0
chrI	252588	252589	a	1	-	252588	252589	255,0,0	1000 0.00 0 1 0 0 0 0 0
chrI	252589	252590	a	1	-	252589	252590	255,0,0	1000 0.00 0 1 0 0 0 0 0
chrI	252590	252591	a	1	-	252590	252591	255,0,0	1000 0.00 0 1 0 0 0 0 0
chrI	252591	252592	a	1	-	252591	252592	255,0,0	1000 0.00 0 1 0 0 0 0 0
chrI	252592	252593	a	1	-	252592	252593	255,0,0	1000 0.00 0 1 0 0 0 0 0
chrI	252593	252594	a	1	-	252593	252594	255,0,0	1000 0.00 0 1 0 0 0 0 0
chrI	252594	252595	a	1	-	252594	252595	255,0,0	1000 0.00 0 1 0 0 0 0 0
chrI	252595	252596	a	1	-	252595	252596	255,0,0	1000 0.00 0 1 0 0 0 0 0
chrI	252596	252597	a	1	-	252596	252597	255,0,0	1000 0.00 0 1 0 0 0 0 0
chrI	252597	252598	a	1	-	252597	252598	255,0,0	1000 0.00 0 1 0 0 0 0 0
chrI	252598	252599	a	1	-	252598	252599	255,0,0	1000 0.00 0 1 0 0 0 0 0
chrI	252599	252600	a	1	-	252599	252600	255,0,0	1000 0.00 0 1 0 0 0 0 0
chrI	252600	252601	a	1	-	252600	252601	255,0,0	1000 0.00 0 1 0 0 0 0 0
chrI	252601	252602	a	1	-	252601	252602	255,0,0	1000 0.00 0 1 0 0 0 0 0
chrI	252602	252603	a	1	-	252602	252603	255,0,0	1000 0.00 0 1 0 0 0 0 0
chrI	252603	252604	a	1	-	252603	252604	255,0,0	1000 0.00 0 1 0 0 0 0 0
chrI	252604	252605	a	1	-	252604	252605	255,0,0	1000 0.00 0 1 0 0 0 0 0
chrI	252605	252606	a	1	-	252605	252606	255,0,0	1000 0.00 0 1 0 0 0 0 0
chrI	252606	252607	a	1	-	252606	252607	255,0,0	1000 0.00 0 1 0 0 0 0 0
chrI	252607	252608	a	1	-	252607	252608	255,0,0	1000 0.00 0 1 0 0 0 0 0
chrI	252608	252609	a	1	-	252608	252609	255,0,0	1000 0.00 0 1 0 0 0 0 0
chrI	252609	252610	a	1	-	252609	252610	255,0,0	1000 0.00 0 1 0 0 0 0 0
chrI	252610	252611	a	1	-	252610	252611	255,0,0	1000 0.00 0 1 0 0 0 0 0
chrI	252611	252612	a	1	-	252611	252612	255,0,0	1000 0.00 0 1 0 0 0 0 0
chrI	252612	252613	a	1	-	252612	252613	255,0,0	1000 0.00 0 1 0 0 0 0 0
chrI	252613	252614	a	1	-	252613	252614	255,0,0	1000 0.00 0 1 0 0 0 0 0
chrI	252614	252615	a	1	-	252614	252615	255,0,0	1000 0.00 0 1 0 0 0 0 0
chrI	252615	252616	a	1	-	252615	252616	255,0,0	1000 0.00 0 1 0 0 0 0 0
chrI	252616	252617	a	1	-	252616	252617	255,0,0	1000 0.00 0 1 0 0 0 0 0
chrI	252617	252618	a	1	-	252617	252618	255,0,0	1000 0.00 0 1 0 0 0 0 0
chrI	252618	252619	a	1	-	252618	252619	255,0,0	1000 0.00 0 1 0 0 0 0 0
chrI	252619	252620	a	1	-	252619	252620	255,0,0	1000 0.00 0 1 0 0 0 0 0
chrI	252620	252621	a	1	-	252620	252621	255,0,0	1000 0.00 0 1 0 0 0 0 0
chrI	252621	252622	a	1	-	252621	252622	255,0,0	1000 0.00 0 1 0 0 0 0 0
chrI	252622	252623	a	1	-	252622	252623	255,0,0	1000 0.00 0 1 0 0 0 0 0
chrI	252623	252624	a	1	-	252623	252624	255,0,0	1000 0.00 0 1 0 0 0 0 0
chrI	252624	252625	a	1	-	252624	252625	255,0,0	1000 0.00 0 1 0 0 0 0 0
chrI	252625	252626	a	1	-	252625	252626	255,0,0	1000 0.00 0 1 0 0 0 0 0
chrI	252626	252627	a	1	-	252626	252627	255,0,0	1000 0.00 0 1 0 0 0 0 0
chrI	252627	252628	a	1	-	252627	252628	255,0,0	1000 0.00 0 1 0 0 0 0 0
chrI	252628	252629	a	1	-	252628	252629	255,0,0	1000 0.00 0 1 0 0 0 0 0
chrI	252629	252630	a	1	-	252629	252630	255,0,0	1000 0.00 0 1 0 0 0 0 0
chrI	252630	252631	a	1	-	252630	252631	255,0,0	1000 0.00 0 1 0 0 0 0 0
chrI	252631	252632	a	1	-	252631	252632	255,0,0	1000 0.00 0 1 0 0 0 0 0
chrI	252632	252633	a	1	-	252632	252633	255,0,0	1000 0.00 0 1 0 0 0 0 0
chrI	252633	252634	a	1	-	252633	252634	255,0,0	1000 0.00 0 1 0 0 0 0 0
chrI	252634	252635	a	1	-	252634	252635	255,0,0	1000 0.00 0 1 0 0 0 0 0
chrI	252635	252636	a	1	-	252635	252636	255,0,0	1000 0.00 0 1 0 0 0 0 0
chrI	252636	252637	a	1	-	252636	252637	255,0,0	1000 0.00 0 1 0 0 0 0 0
chrI	252637	252638	a	1	-	252637	252638	255,0,0	1000 0.00 0 1 0 0 0 0 0
chrI	252638	252639	a	1	-	252638	252639	255,0,0	1000 0.00 0 1 0 0 0 0 0
chrI	252639	252640	a	1	-	252639	252640	255,0,0	1000 0.00 0 1 0 0 0 0 0
chrI	252640	252641	a	1	-	252640	252641	255,0,0	1000 0.00 0 1 0 0 0 0 0
chrI	252641	252642	a	1	-	252641	252642	255,0,0	1000 0.00 0 1 0 0 0 0 0
chrI	252642	252643	a	1	-	252642	252643	255,0,0	1000 0.00 0 1 0 0 0 0 0
chrI	252643	252644	a	1	-	252643	252644	255,0,0	1000 0.00 0 1 0 0 0 0 0
chrI	252644	252645	a	1	-	252644	252645	255,0,0	1000 0.00 0 1 0 0 0 0 0
chrI	252645	252646	a	1	-	252645	252646	255,0,0	1000 0.00 0 1 0 0 0 0 0
chrI	252646	252647	a	1	-	252646	252647	255,0,0	1000 0.00 0 1 0 0 0 0 0
chrI	252647	252648	a	1	-	252647	252648	255,0,0	1000 0.00 0 1 0 0 0 0 0
chrI	252648	252649	a	1	-	252648	252649	255,0,0	1000 0.00 0 1 0 0 0 0 0
chrI	252649	252650	a	1	-	252649	252650	255,0,0	1000 0.00 0 1 0 0 0 0 0
chrI	252650	252651	a	1	-	252650	252651	255,0,0	1000 0.00 0 1 0 0 0 0 0
chrI	252651	252652	a	1	-	252651	252652	255,0,0	1000 0.00 0 1 0 0 0 0 0
chrI	252652	252653	a	1	-	252652	252653	255,0,0	1000 0.00 0 1 0 0 0 0 0
chrI	252653	252654	a	1	-	252653	252654	255,0,0	1000 0.00 0 1 0 0 0 0 0
chrI	252654	252655	a	1	-	252654	252655	255,0,0	1000 0.00 0 1 0 0 0 0 0
chrI	252655	252656	a	1	-	252655	252656	255,0,0	1000 0.00 0 1 0 0 0 0 0
chrI	252656	252657	a	1	-	252656	252657	255,0,0	1000 0.00 0 1 0 0 0 0 0
chrI	252657	252658	a	1	-	252657	252658	255,0,0	1000 0.00 0 1 0 0 0 0 0
chrI	252658	252659	a	1	-	252658	252659	255,0,0	1000 0.00 0 1 0 0 0 0 0
chrI	252659	252660	a	1	-	252659	252660	255,0,0	1000 0.00 0 1 0 0 0 0 0
chrI	252660	252661	a	1	-	252660	252661	255,0,0	1000 0.00 0 1 0 0 0 0 0
chrI	252661	252662	a	1	-	252661	252662	255,0,0	1000 0.00 0 1 0 0 0 0 0
chrI	252662	252663	a	1	-	252662	252663	255,0,0	1000 0.00 0 1 0 0 0 0 0
chrI	252663	252664	a	1	-	252663	252664	255,0,0	1000 0.00 0 1 0 0 0 0 0
chrI	252664	252665	a	1	-	252664	252665	255,0,0	1000 0.00 0 1 0 0 0 0 0
chrI	252665	252666	a	1	-	252665	252666	255,0,0	1000 0.00 0 1 0 0 0 0 0
chrI	252666	252667	a	1	-	252666	252667	255,0,0	1000 0.00 0 1 0 0 0 0 0
chrI	252667	252668	a	1	-	252667	252668	255,0,0	1000 0.00 0 1 0 0 0 0 0
chrI	252668	252669	a	1	-	252668	252669	255,0,0	1000 0.00 0 1 0 0 0 0 0
chrI	252669	252670	a	1	-	252669	252670	255,0,0	1000 0.00 0 1 0 0 0 0 0
chrI	252670	252671	a	1	-	252670	252671	255,0,0	1000 0.00 0 1 0 0 0 0 0
chrI	252671	252672	a	1	-	252671	252672	255,0,0	1000 0.00 0 1 0 0 0 0 0
chrI	252672	252673	a	1	-	252672	252673	255,0,0	1000 0.00 0 1 0 0 0 0 0
chrI	252673	252674	a	1	-	252673	252674	255,0,0	1000 0.00 0 1 0 0 0 0 0
chrI	252674	252675	a	1	-	252674	252675	255,0,0	1000 0.00 0 1 0 0 0 0 0
chrI	252675	252676	a	1	-	252675	252676	255,0,0	1000 0.00 0 1 0 0 0 0 0
chrI	252676	252677	a	1	-	252676	252677	255,0,0	1000 0.00 0 1 0 0 0 0 0
chrI	252677	252678	a	1	-	252677	252678	255,0,0	1000 0.00 0 1 0 0 0 0 0
chrI	252678	252679	a	1	-	252678	252679	255,0,0	1000 0.00 0 1 0 0 0 0 0
chrI	252679	252680	a	1	-	252679	252680	255,0,0	1000 0.00 0 1 0 0 0 0 0
chrI	252680	252681	a	1	-	252680	252681	255,0,0	1000 0.00 0 1 0 0 0 0 0
chrI	252681	252682	a	1	-	252681	252682	255,0,0	1000 0.00 0 1 0 0 0 0 0
chrI	252682	252683	a	1	-	252682	252683	255,0,0	1000 0.00 0 1 0 0 0 0 0
chrI	252683	252684	a	1	-	252683	252684	255,0,0	1000 0.00 0 1 0 0 0 0 0
chrI	252684	252685	a	1	-	252684	252685	255,0,0	1000 0.00 0 1 0 0 0 0 0
chrI	252685	252686	a	1	-	252685	252686	255,0,0	1000 0.00 0 1 0 0 0 0 0
chrI	252686	252687	a	1	-	252686	252687	255,0,0	1000 0.00 0 1 0 0 0 0 0
chrI	252687	252688	a	1	-	252687	252688	255,0,0	1000 0.00 0 1 0 0 0 0 0
chrI	252688	252689	a	1	-	252688	252689	255,0,0	1000 0.00 0 1 0 0 0 0 0
chrI	252689	252690	a	1	-	252689	252690	255,0,0	1000 0.00 0 1 0 0 0 0 0
chrI	252690	252691	a	1	-	252690	252691	255,0,0	1000 0.00 0 1 0 0 0 0 0
chrI	252691	252692	a	1	-	252691	252692	255,0,0	1000 0.00 0 1 0 0 0 0 0
chrI	252692	252693	a	1	-	252692	252693	255,0,0	1000 0.00 0 1 0 0 0 0 0
chrI	252693	252694	a	1	-	252693	252694	255,0,0	1000 0.00 0 1 0 0 0 0 0
chrI	252694	252695	a	1	-	252694	252695	255,0,0	1000 0.00 0 1 0 0 0 0 0
chrI	252695	252696	a	1	-	252695	252696	255,0,0	1000 0.00 0 1 0 0 0 0 0
chrI	252696	252697	a	1	-	252696	252697	255,0,0	1000 0.00 0 1 0 0 0 0 0
chrI	252697	252698	a	1	-	252697	252698	255,0,0	1000 0.00 0 1 0 0 0 0 0
chrI	252698	252699	a	1	-	252698	252699	255,0,0	1000 0.00 0 1 0 0 0 0 0
chrI	252699	252700	a	1	-	252699	252700	255,0,0	1000 0.00 0 1 0 0 0 0 0
chrI	252700	252701	a	1	-	252700	252701	255,0,0	1000 0.00 0 1 0 0 0 0 0
chrI	252701	252702	a	1	-	252701	252702	255,0,0	1000 0.00 0 1 0 0 0 0 0
chrI	252702	252703	a	1	-	252702	252703	255,0,0	1000 0.00 0 1 0 0 0 0 0
chrI	252703	252704	a	1	-	252703	252704	255,0,0	1000 0.00 0 1 0 0 0 0 0
chrI	252704	252705	a	1	-	252704	252705	255,0,0	1000 0.00 0 1 0 0 0 0 0
chrI	252705	252706	a	1	-	252705	252706	255,0,0	1000 0.00 0 1 0 0 0 0 0
chrI	252706	252707	a	1	-	252706	252707	255,0,0	1000 0.00 0 1 0 0 0 0 0
chrI	252707	252708	a	1	-	252707	252708	255,0,0	1000 0.00 0 1 0 0 0 0 0
chrI	252708	252709	a	1	-	252708	252709	255,0,0	1000 0.00 0 1 0 0 0 0 0
chrI	252709	252710	a	1	-	252709	252710	255,0,0	1000 0.00 0 1 0 0 0 0 0
chrI	252710	252711	a	1	-	252710	252711	255,0,0	1000 0.00 0 1 0 0 0 0 0
chrI	252711	252712	a	1	-	252711	252712	255,0,0	1000 0.00 0 1 0 0 0 0 0
chrI	252712	252713	a	1	-	252712	252713	255,0,0	1000 0.00 0 1 0 0 0 0 0
chrI	252713	252714	a	1	-	252713	252714	255,0,0	1000 0.00 0 1 0 0 0 0 0
chrI	252714	252715	a	1	-	252714	252715	255,0,0	1000 0.00 0 1 0 0 0 0 0
chrI	252715	252716	a	1	-	252715	252716	255,0,0	1000 0.00 0 1 0 0 0 0 0
chrI	252716	252717	a	1	-	252716	252717	255,0,0	1000 0.00 0 1 0 0 0 0 0
chrI	252717	252718	a	1	-	252717	252718	255,0,0	1000 0.00 0 1 0 0 0 0 0
chrI	252718	252719	a	1	-	252718	252719	255,0,0	1000 0.00 0 1 0 0 0 0 0
chrI	252719	252720	a	1	-	252719	252720	255,0,0	1000 0.00 0 1 0 0 0 0 0
chrI	252720	252721	a	1	-	252720	252721	255,0,0	1000 0.00 0 1 0 0 0 0 0
chrI	252721	252722	a	1	-	252721	252722	255,0,0	1000 0.00 0 1 0 0 0 0 0
chrI	252722	252723	a	1	-	252722	252723	255,0,0	1000 0.00 0 1 0 0 0 0 0
chrI	252723	252724	a	1	-	252723	252724	255,0,0	1000 0.00 0 1 0 0 0 0 0
chrI	252724	252725	a	1	-	252724	252725	255,0,0	1000 0.00 0 1 0 0 0 0 0
chrI	252725	252726	a	1	-	252725	252726	255,0,0	1000 0.00 0 1 0 0 0 0 0
chrI	252726	252727	a	1	-	252726	252727	255,0,0	1000 0.00 0 1 0 0 0 0 0
chrI	252727	252728	a	1	-	252727	252728	255,0,0	1000 0.00 0 1 0 0 0 0 0
chrI	252728	252729	a	1	-	252728	252729	255,0,0	1000 0.00 0 1 0 0 0 0 0
chrI	252729	252730	a	1	-	252729	252730	255,0,0	1000 0.00 0 1 0 0 0 0 0
chrI	252730	252731	a	1	-	252730	252731	255,0,0	1000 0.00 0 1 0 0 0 0 0
chrI	252731	252732	a	1	-	252731	252732	255,0,0	1000 0.00 0 1 0 0 0 0 0
chrI	252732	252733	a	1	-	252732	252733	255,0,0	1000 0.00 0 1 0 0 0 0 0
chrI	252733	252734	a	1	-	252733	252734	255,0,0	1000 0.00 0 1 0 0 0 0 0
chrI	252734	252735	a	1	-	252734	252735	255,0,0	1000 0.00 0 1 0 0 0 0 0
chrI	252735	252736	a	1	-	252735	252736	255,0,0	1000 0.00 0 1 0 0 0 0 0
chrI	252736	252737	a	1	-	252736	252737	255,0,0	1000 0.00 0 1 0 0 0 0 0
chrI	252737	252738	a	1	-	252737	252738	255,0,0	1000 0.00 0 1 0 0 0 0 0
chrI	252738	252739	a	1	-	252738	252739	255,0,0	1000 0.00 0 1 0 0 0 0 0
chrI	252739	252740	a	1	-	252739	252740	255,0,0	1000 0.00 0 1 0 0 0 0 0
chrI	252740	252741	a	1	-	252740	252741	255,0,0	1000 0.00 0 1 0 0 0 0 0
chrI	252741	252742	a	1	-	252741	252742	255,0,0	1000 0.00 0 1 0 0 0 0 0
chrI	252742	252743	a	1	-	252742	252743	255,0,0	1000 0.00 0 1 0 0 0 0 0
chrI	252743	252744	a	1	-	252743	252744	255,0,0	1000 0.00 0 1 0 0 0 0 0
chrI	252744	252745	a	1	-	252744	252745	255,0,0	1000 0.00 0 1 0 0 0 0 0
chrI	252745	252746	a	1	-	252745	252746	255,0,0	1000 0.00 0 1 0 0 0 0 0
chrI	252746	252747	a	1	-	252746	252747	255,0,0	1000 0.00 0 1 0 0 0 0 0
chrI	252747	252748	a	1	-	252747	252748	255,0,0	1000 0.00 0 1 0 0 0 0 0
chrI	252748	252749	a	1	-	252748	252749	255,0,0	1000 0.00 0 1 0 0 0 0 0
chrI	252749	252750	a	1	-	252749	252750	255,0,0	1000 0.00 0 1 0 0 0 0 0
chrI	252750	252751	a	1	-	252750	252751	255,0,0	1000 0.00 0 1 0 0 0 0 0
chrI	252751	252752	a	1	-	252751	252752	255,0,0	1000 0.00 0 1 0 0 0 0 0
chrI	252752	252753	a	1	-	252752	252753	255,0,0	1000 0.00 0 1 0 0 0 0 0
chrI	252753	252754	a	1	-	252753	252754	255,0,0	1000 0.00 0 1 0 0 0 0 0
chrI	252754	252755	a	1	-	252754	252755	255,0,0	1000 0.00 0 1 0 0 0 0 0
chrI	252755	252756	a	1	-	252755	252756	255,0,0	1000 0.00 0 1 0 0 0 0 0
chrI	252756	252757	a	1	-	252756	252757	255,0,0	1000 0.00 0 1 0 0 0 0 0
chrI	252757	252758	a	1	-	252757	252758	255,0,0	1000 0.00 0 1 0 0 0 0 0
chrI	252758	252759	a	1	-	252758	252759	255,0,0	1000 0.00 0 1 0 0 0 0 0
chrI	252759	252760	a	1	-	252759	252760	255,0,0	1000 0.00 0 1 0 0 0 0 0
chrI	252760	252761	a	1	-	252760	252761	255,0,0	1000 0.00 0 1 0 0 0 0 0
chrI	252761	252762	a	1	-	252761	252762	255,0,0	1000 0.00 0 1 0 0 0 0 0
chrI	252762	252763	a	1	-	252762	252763	255,0,0	1000 0.00 0 1 0 0 0 0 0
chrI	252763	252764	a	1	-	252763	252764	255,0,0	1000 0.00 0 1 0 0 0 0 0
chrI	252764	252765	a	1	-	252764	252765	255,0,0	1000 0.00 0 1 0 0 0 0 0
chrI	252765	252766	a	1	-	252765	252766	255,0,0	1000 0.00 0 1 0 0 0 0 0
chrI	252766	252767	a	1	-	252766	252767	255,0,0	1000 0.00 0 1 0 0 0 0 0
chrI	252767	252768	a	1	-	252767	252768	255,0,0	1000 0.00 0 1 0 0 0 0 0
chrI	252768	252769	a	1	-	252768	252769	255,0,0	1000 0.00 0 1 0 0 0 0 0
chrI	252769	252770	a	1	-	252769	252770	255,0,0	1000 0.00 0 1 0 0 0 0 0
chrI	252770	252771	a	1	-	252770	252771	255,0,0	1000 0.00 0 1 0 0 0 0 0
chrI	252771	252772	a	1	-	252771	252772	255,0,0	1000 0.00 0 1 0 0 0 0 0
chrI	252772	252773	a	1	-	252772	252773	255,0,0	1000 0.00 0 1 0 0 0 0 0
chrI	252773	252774	a	1	-	252773	252774	255,0,0	1000 0.00 0 1 0 0 0 0 0
chrI	252774	252775	a	1	-	252774	252775	255,0,0	1000 0.00 0 1 0 0 0 0 0
chrI	252775	252776	a	1	-	252775	252776	255,0,0	1000 0.00 0 1 0 0 0 0 0
chrI	252776	252777	a	1	-	252776	252777	255,0,0	1000 0.00 0 1 0 0 0 0 0
chrI	252777	252778	a	1	-	252777	252778	255,0,0	1000 0.00 0 1 0 0 0 0 0
chrI	252778	252779	a	1	-	252778	252779	255,0,0	1000 0.00 0 1 0 0 0 0 0
chrI	252779	252780	a	1	-	252779	252780	255,0,0	1000 0.00 0 1 0 0 0 0 0
chrI	252780	252781	a	1	-	252780	252781	255,0,0	1000 0.00 0 1 0 0 0 0 0
chrI	252781	252782	a	1	-	252781	252782	255,0,0	1000 0.00 0 1 0 0 0 0 0
chrI	252782	252783	a	1	-	252782	252783	255,0,0	1000 0.00 0 1 0 0 0 0 0
chrI	252783	252784	a	1	-	252783	252784	255,0,0	1000 0.00 0 1 0 0 0 0 0
chrI	252784	252785	a	1	-	252784	252785	255,0,0	1000 0.00 0 1 0 0 0 0 0
chrI	252785	252786	a	1	-	252785	252786	255,0,0	1000 0.00 0 1 0 0 0 0 0
chrI	252786	252787	a	1	-	252786	252787	255,0,0	1000 0.00 0 1 0 0 0 0 0
chrI	252787	252788	a	1	-	252787	252788	255,0,0	1000 0.00 0 1 0 0 0 0 0
chrI	252788	252789	a	1	-	252788	252789	255,0,0	1000 0.00 0 1 0 0 0 0 0
chrI	252789	252790	a	1	-	252789	252790	255,0,0	1000 0.00 0 1 0 0 0 0 0
chrI	252790	252791	a	1	-	252790	252791	255,0,0	1000 0.00 0 1 0 0 0 0 0
chrI	252791	252792	a	1	-	252791	252792	255,0,0	1000 0.00 0 1 0 0 0 0 0
chrI	252792	252793	a	1	-	252792	252793	255,0,0	1000 0.00 0 1 0 0 0 0 0
chrI	252793	252794	a	1	-	252793	252794	255,0,0	1000 0.00 0 1 0 0 0 0 0
chrI	252794	252795	a	1	-	252794	252795	255,0,0	1000 0.00 0 1 0 0 0 0 0
chrI	252795	252796	a	1	-	252795	252796	255,0,0	1000 0.00 0 1 0 0 0 0 0
chrI	252796	252797	a	1	-	252796	252797	255,0,0	1000 0.00 0 1 0 0 0 0 0
chrI	252797	252798	a	1	-	252797	252798	255,0,0	1000 0.00 0 1 0 0 0 0 0
chrI	252798	252799	a	1	-	252798	252799	255,0,0	1000 0.00 0 1 0 0 0 0 0
chrI	252799	252800	a	1	-	252799	252800	255,0,0	1000 0.00 0 1 0 0 0 0 0
chrI	252800	252801	a	1	-	252800	252801	255,0,0	1000 0.00 0 1 0 0 0 0 0
chrI	252801	252802	a	1	-	252801	252802	255,0,0	1000 0.00 0 1 0 0 0 0 0
chrI	252802	252803	a	1	-	252802	252803	255,0,0	1000 0.00 0 1 0 0 0 0 0
chrI	252803	252804	a	1	-	252803	252804	255,0,0	1000 0.00 0 1 0 0 0 0 0
chrI	252804	252805	a	1	-	252804	252805	255,0,0	1000 0.00 0 1 0 0 0 0 0
chrI	252805	252806	a	1	-	252805	252806	255,0,0	1000 0.00 0 1 0 0 0 0 0
chrI	252806	252807	a	1	-	252806	252807	255,0,0	1000 0.00 0 1 0 0 0 0 0
chrI	252807	252808	a	1	-	252807	252808	255,0,0	1000 0.00 0 1 0 0 0 0 0
chrI	252808	252809	a	1	-	252808	252809	255,0,0	1000 0.00 0 1 0 0 0 0 0
chrI	252809	252810	a	1	-	252809	252810	255,0,0	1000 0.00 0 1 0 0 0 0 0
chrI	252810	252811	a	1	-	252810	252811	255,0,0	1000 0.00 0 1 0 0 0 0 0
chrI	252811	252812	a	1	-	252811	252812	255,0,0	1000 0.00 0 1 0 0 0 0 0
chrI	252812	252813	a	1	-	252812	252813	255,0,0	1000 0.00 0 1 0 0 0 0 0
chrI	252813	252814	a	1	-	252813	252814	255,0,0	1000 0.00 0 1 0 0 0 0 0
chrI	252814	252815	a	1	-	252814	252815	255,0,0	1000 0.00 0 1 0 0 0 0 0
chrI	252815	252816	a	1	-	252815	252816	255,0,0	1000 0.00 0 1 0 0 0 0 0
chrI	252816	252817	a	1	-	252816	252817	255,0,0	1000 0.00 0 1 0 0 0 0 0
chrI	252817	252818	a	1	-	252817	252818	255,0,0	1000 0.00 0 1 0 0 0 0 0
chrI	252818	252819	a	1	-	252818	252819	255,0,0	1000 0.00 0 1 0 0 0 0 0
chrI	252819	252820	a	1	-	252819	252820	255,0,0	1000 0.00 0 1 0 0 0 0 0
chrI	252820	252821	a	1	-	252820	252821	255,0,0	1000 0.00 0 1 0 0 0 0 0
chrI	252821	252822	a	1	-	252821	252822	255,0,0	1000 0.00 0 1 0 0 0 0 0
chrI	252822	252823	a	1	-	252822	252823	255,0,0	1000 0.00 0 1 0 0 0 0 0
chrI	252823	252824	a	1	-	252823	252824	255,0,0	1000 0.00 0 1 0 0 0 0 0
chrI	252824	252825	a	1	-	252824	252825	255,0,0	1000 0.00 0 1 0 0 0 0 0
chrI	252825	252826	a	1	-	252825	252826	255,0,0	1000 0.00 0 1 0 0 0 0 0
chrI	252826	252827	a	1	-	252826	252827	255,0,0	1000 0.00 0 1 0 0 0 0 0
chrI	252827	252828	a	1	-	252827	252828	255,0,0	1000 0.00 0 1 0 0 0 0 0
chrI	252828	252829	a	1	-	252828	252829	255,0,0	1000 0.00 0 1 0 0 0 0 0
chrI	252829	252830	a	1	-	252829	252830	255,0,0	1000 0.00 0 1 0 0 0 0 0
chrI	252830	252831	a	1	-	252830	252831	255,0,0	1000 0.00 0 1 0 0 0 0 0
chrI	252831	252832	a	1	-	252831	252832	255,0,0	1000 0.00 0 1 0 0 0 0 0
chrI	252832	252833	a	1	-	252832	252833	255,0,0	1000 0.00 0 1 0 0 0 0 0
chrI	252833	252834	a	1	-	252833	252834	255,0,0	1000 0.00 0 1 0 0 0 0 0
chrI	252834	252835	a	1	-	252834	252835	255,0,0	1000 0.00 0 1 0 0 0 0 0
chrI	252835	252836	a	1	-	252835	252836	255,0,0	1000 0.00 0 1 0 0 0 0 0
chrI	252836	252837	a	1	-	252836	252837	255,0,0	1000 0.00 0 1 0 0 0 0 0
chrI	252837	252838	a	1	-	252837	252838	255,0,0	1000 0.00 0 1 0 0 0 0 0
chrI	252838	252839	a	1	-	252838	252839	255,0,0	1000 0.00 0 1 0 0 0 0 0
chrI	252839	252840	a	1	-	252839	252840	255,0,0	1000 0.00 0 1 0 0 0 0 0
chrI	252840	252841	a	1	-	252840	252841	255,0,0	1000 0.00 0 1 0 0 0 0 0
chrI	252841	252842	a	1	-	252841	252842	255,0,0	1000 0.00 0 1 0 0 0 0 0
chrI	252842	252843	a	1	-	252842	252843	255,0,0	1000 0.00 0 1 0 0 0 0 0
chrI	252843	252844	a	1	-	252843	252844	255,0,0	1000 0.00 0 1 0 0 0 0 0
chrI	252844	252845	a	1	-	252844	252845	255,0,0	1000 0.00 0 1 0 0 0 0 0
chrI	252845	252846	a	1	-	252845	252846	255,0,0	1000 0.00 0 1 0 0 0 0 0
chrI	252846	252847	a	1	-	252846	252847	255,0,0	1000 0.00 0 1 0 0 0 0 0
chrI	252847	252848	a	1	-	252847	252848	255,0,0	1000 0.00 0 1 0 0 0 0 0
chrI	252848	252849	a	1	-	252848	252849	255,0,0	1000 0.00 0 1 0 0 0 0 0
chrI	252849	252850	a	1	-	252849	252850	255,0,0	1000 0.00 0 1 0 0 0 0 0
chrI	252850	252851	a	1	-	252850	252851	255,0,0	1000 0.00 0 1 0 0 0 0 0
chrI	252851	252852	a	1	-	252851	252852	255,0,0	1000 0.00 0 1 0 0 0 0 0
chrI	252852	252853	a	1	-	252852	252853	255,0,0	1000 0.00 0 1 0 0 0 0 0
chrI	252853	252854	a	1	-	252853	252854	255,0,0	1000 0.00 0 1 0 0 0 0 0
chrI	252854	252855	a	1	-	252854	252855	255,0,0	1000 0.00 0 1 0 0 0 0 0
chrI	252855	252856	a	1	-	252855	252856	255,0,0	1000 0.00 0 1 0 0 0 0 0
chrI	252856	252857	a	1	-	252856	252857	255,0,0	1000 0.00 0 1 0 0 0 0 0
chrI	252857	252858	a	1	-	252857	252858	255,0,0	1000 0.00 0 1 0 0 0 0 0
chrI	252858	252859	a	1	-	252858	252859	255,0,0	1000 0.00 0 1 0 0 0 0 0
chrI	252859	252860	a	1	-	252859	252860	255,0,0	1000 0.00 0 1 0 0 0 0 0
chrI	252860	252861	a	1	-	252860	252861	255,0,0	1000 0.00 0 1 0 0 0 0 0
chrI	252861	252862	a	1	-	252861	252862	255,0,0	1000 0.00 0 1 0 0 0 0 0
chrI	252862	252863	a	1	-	252862	252863	255,0,0	1000 0.00 0 1 0 0 0 0 0
chrI	252863	252864	a	1	-	252863	252864	255,0,0	1000 0.00 0 1 0 0 0 0 0
chrI	252864	252865	a	1	-	252864	252865	255,0,0	1000 0.00 0 1 0 0 0 0 0
chrI	252865	252866	a	1	-	252865	252866	255,0,0	1000 0.00 0 1 0 0 0 0 0
chrI	252866	252867	a	1	-	252866	252867	255,0,0	1000 0.00 0 1 0 0 0 0 0
chrI	252867	252868	a	1	-	252867	252868	255,0,0	1000 0.00 0 1 0 0 0 0 0
chrI	252868	252869	a	1	-	252868	252869	255,0,0	1000 0.00 0 1 0 0 0 0 0
chrI	252869	252870	a	1	-	252869	252870	255,0,0	1000 0.00 0 1 0 0 0 0 0
chrI	252870	252871	a	1	-	252870	252871	255,0,0	1000 0.00 0 1 0 0 0 0 0
chrI	252871	252872	a	1	-	252871	252872	255,0,0	1000 0.00 0 1 0 0 0 0 0
chrI	252872	252873	a	1	-	252872	252873	255,0,0	1000 0.00 0 1 0 0 0 0 0
chrI	252873	252874	a	1	-	252873	252874	255,0,0	1000 0.00 0 1 0 0 0 0 0
chrI	252874	252875	a	1	-	252874	252875	255,0,0	1000 0.00 0 1 0 0 0 0 0
chrI	252875	252876	a	1	-	252875	252876	255,0,0	1000 0.00 0 1 0 0 0 0 0
chrI	252876	252877	a	1	-	252876	252877	255,0,0	1000 0.00 0 1 0 0 0 0 0
chrI	252877	252878	a	1	-	252877	252878	255,0,0	1000 0.00 0 1 0 0 0 0 0
chrI	252878	252879	a	1	-	252878	252879	255,0,0	1000 0.00 0 1 0 0 0 0 0
chrI	252879	252880	a	1	-	252879	252880	255,0,0	1000 0.00 0 1 0 0 0 0 0
chrI	252880	252881	a	1	-	252880	252881	255,0,0	1000 0.00 0 1 0 0 0 0 0
chrI	252881	252882	a	1	-	252881	252882	255,0,0	1000 0.00 0 1 0 0 0 0 0
chrI	252882	252883	a	1	-	252882	252883	255,0,0	1000 0.00 0 1 0 0 0 0 0
chrI	252883	252884	a	1	-	252883	252884	255,0,0	1000 0.00 0 1 0 0 0 0 0
chrI	252884	252885	a	1	-	252884	252885	255,0,0	1000 0.00 0 1 0 0 0 0 0
chrI	252885	252886	a	1	-	252885	252886	255,0,0	1000 0.00 0 1 0 0 0 0 0
chrI	252886	252887	a	1	-	252886	252887	255,0,0	1000 0.00 0 1 0 0 0 0 0
chrI	252887	252888	a	1	-	252887	252888	255,0,0	1000 0.00 0 1 0 0 0 0 0
chrI	252888	252889	a	1	-	252888	252889	255,0,0	1000 0.00 0 1 0 0 0 0 0
chrI	252889	252890	a	1	-	252889	252890	255,0,0	1000 0.00 0 1 0 0 0 0 0
chrI	252890	252891	a	1	-	252890	252891	255,0,0	1000 0.00 0 1 0 0 0 0 0
chrI	252891	252892	a	1	-	252891	252892	255,0,0	1000 0.00 0 1 0 0 0 0 0
chrI	252892	252893	a	1	-	252892	252893	255,0,0	1000 0.00 0 1 0 0 0 0 0
chrI	252893	252894	a	1	-	252893	252894	255,0,0	1000 0.00 0 1 0 0 0 0 0
chrI	252894	252895	a	1	-	252894	252895	255,0,0	1000 0.00 0 1 0 0 0 0 0
chrI	252895	252896	a	1	-	252895	252896	255,0,0	1000 0.00 0 1 0 0 0 0 0
chrI	252896	252897	a	1	-	252896	252897	255,0,0	1000 0.00 0 1 0 0 0 0 0
chrI	252897	252898	a	1	-	252897	252898	255,0,0	1000 0.00 0 1 0 0 0 0 0
chrI	252898	252899	a	1	-	252898	252899	255,0,0	1000 0.00 0 1 0 0 0 0 0
chrI	252899	252900	a	1	-	252899	252900	255,0,0	1000 0.00 0 1 0 0 0 0 0
chrI	252900	252901	a	1	-	252900	252901	255,0,0	1000 0.00 0 1 0 0 0 0 0
chrI	252901	252902	a	1	-	252901	252902	255,0,0	1000 0.00 0 1 0 0 0 0 0
chrI	252902	252903	a	1	-	252902	252903	255,0,0	1000 0.00 0 1 0 0 0 0 0
chrI	252903	252904	a	1	-	252903	252904	255,0,0	1000 0.00 0 1 0 0 0 0 0
chrI	252904	252905	a	1	-	252904	252905	255,0,0	1000 0.00 0 1 0 0 0 0 0
chrI	252905	252906	a	1	-	252905	252906	255,0,0	1000 0.00 0 1 0 0 0 0 0
chrI	252906	252907	a	1	-	252906	252907	255,0,0	1000 0.00 0 1 0 0 0 0 0
chrI	252907	252908	a	1	-	252907	252908	255,0,0	1000 0.00 0 1 0 0 0 0 0
chrI	252908	252909	a	1	-	252908	252909	255,0,0	1000 0.00 0 1 0 0 0 0 0
chrI	252909	252910	a	1	-	252909	252910	255,0,0	1000 0.00 0 1 0 0 0 0 0
chrI	252910	252911	a	1	-	252910	252911	255,0,0	1000 0.00 0 1 0 0 0 0 0
chrI	252911	252912	a	1	-	252911	252912	255,0,0	1000 0.00 0 1 0 0 0 0 0
chrI	252912	252913	a	1	-	252912	252913	255,0,0	1000 0.00 0 1 0 0 0 0 0
chrI	252913	252914	a	1	-	252913	252914	255,0,0	1000 0.00 0 1 0 0 0 0 0
chrI	252914	252915	a	1	-	252914	252915	255,0,0	1000 0.00 0 1 0 0 0 0 0
chrI	252915	252916	a	1	-	252915	252916	255,0,0	1000 0.00 0 1 0 0 0 0 0
chrI	252916	252917	a	1	-	252916	252917	255,0,0	1000 0.00 0 1 0 0 0 0 0
chrI	252917	252918	a	1	-	252917	252918	255,0,0	1000 0.00 0 1 0 0 0 0 0
chrI	252918	252919	a	1	-	252918	252919	255,0,0	1000 0.00 0 1 0 0 0 0 0
chrI	252919	252920	a	1	-	252919	252920	255,0,0	1000 0.00 0 1 0 0 0 0 0
chrI	252920	252921	a	1	-	252920	252921	255,0,0	1000 0.00 0 1 0 0 0 0 0
chrI	252921	252922	a	1	-	252921	252922	255,0,0	1000 0.00 0 1 0 0 0 0 0
chrI	252922	252923	a	1	-	252922	252923	255,0,0	1000 0.00 0 1 0 0 0 0 0
chrI	252923	252924	a	1	-	252923	252924	255,0,0	1000 0.00 0 1 0 0 0 0 0
chrI	252924	252925	a	1	-	252924	252925	255,0,0	1000 0.00 0 1 0 0 0 0 0
chrI	252925	252926	a	1	-	252925	252926	255,0,0	1000 0.00 0 1 0 0 0 0 0
chrI	252926	252927	a	1	-	252926	252927	255,0,0	1000 0.00 0 1 0 0 0 0 0
chrI	252927	252928	a	1	-	252927	252928	255,0,0	1000 0.00 0 1 0 0 0 0 0
chrI	252928	252929	a	1	-	252928	252929	255,0,0	1000 0.00 0 1 0 0 0 0 0
chrI	252929	252930	a	1	-	252929	252930	255,0,0	1000 0.00 0 1 0 0 0 0 0
chrI	252930	252931	a	1	-	252930	252931	255,0,0	1000 0.00 0 1 0 0 0 0 0
chrI	252931	252932	a	1	-	252931	252932	255,0,0	1000 0.00 0 1 0 0 0 0 0
chrI	252932	252933	a	1	-	252932	252933	255,0,0	1000 0.00 0 1 0 0 0 0 0
chrI	252933	252934	a	1	-	252933	252934	255,0,0	1000 0.00 0 1 0 0 0 0 0
chrI	252934	252935	a	1	-	252934	252935	255,0,0	1000 0.00 0 1 0 0 0 0 0
chrI	252935	252936	a	1	-	252935	252936	255,0,0	1000 0.00 0 1 0 0 0 0 0
chrI	252936	252937	a	1	-	252936	252937	255,0,0	1000 0.00 0 1 0 0 0 0 0
chrI	252937	252938	a	1	-	252937	252938	255,0,0	1000 0.00 0 1 0 0 0 0 0
chrI	252938	252939	a	1	-	252938	252939	255,0,0	1000 0.00 0 1 0 0 0 0 0
chrI	252939	252940	a	1	-	252939	252940	255,0,0	1000 0.00 0 1 0 0 0 0 0
chrI	252940	252941	a	1	-	252940	252941	255,0,0	1000 0.00 0 1 0 0 0 0 0
chrI	252941	252942	a	1	-	252941	252942	255,0,0	1000 0.00 0 1 0 0 0 0 0
chrI	252942	252943	a	1	-	252942	252943	255,0,0	1000 0.00 0 1 0 0 0 0 0
chrI	252943	252944	a	1	-	252943	252944	255,0,0	1000 0.00 0 1 0 0 0 0 0
chrI	252944	252945	a	1	-	252944	252945	255,0,0	1000 0.00 0 1 0 0 0 0 0
chrI	252945	252946	a	1	-	252945	252946	255,0,0	1000 0.00 0 1 0 0 0 0 0
chrI	252946	252947	a	1	-	252946	252947	255,0,0	1000 0.00 0 1 0 0 0 0 0
chrI	252947	252948	a	1	-	252947	252948	255,0,0	1000 0.00 0 1 0 0 0 0 0
chrI	252948	252949	a	1	-	252948	252949	255,0,0	1000 0.00 0 1 0 0 0 0 0
chrI	252949	252950	a	1	-	252949	252950	255,0,0	1000 0.00 0 1 0 0 0 0 0
chrI	252950	252951	a	1	-	252950	252951	255,0,0	1000 0.00 0 1 0 0 0 0 0
chrI	252951	252952	a	1	-	252951	252952	255,0,0	1000 0.00 0 1 0 0 0 0 0
chrI	252952	252953	a	1	-	252952	252953	255,0,0	1000 0.00 0 1 0 0 0 0 0
chrI	252953	252954	a	1	-	252953	252954	255,0,0	1000 0.00 0 1 0 0 0 0 0
chrI	252954	252955	a	1	-	252954	252955	255,0,0	1000 0.00 0 1 0 0 0 0 0
chrI	252955	252956	a	1	-	252955	252956	255,0,0	1000 0.00 0 1 0 0 0 0 0
chrI	252956	252957	a	1	-	252956	252957	255,0,0	1000 0.00 0 1 0 0 0 0 0
chrI	252957	252958	a	1	-	252957	252958	255,0,0	1000 0.00 0 1 0 0 0 0 0
chrI	252958	252959	a	1	-	252958	252959	255,0,0	1000 0.00 0 1 0 0 0 0 0
chrI	252959	252960	a	1	-	252959	252960	255,0,0	1000 0.00 0 1 0 0 0 0 0
chrI	252960	252961	a	1	-	252960	252961	255,0,0	1000 0.00 0 1 0 0 0 0 0
chrI	252961	252962	a	1	-	252961	252962	255,0,0	1000 0.00 0 1 0 0 0 0 0
chrI	252962	252963	a	1	-	252962	252963	255,0,0	1000 0.00 0 1 0 0 0 0 0
chrI	252963	252964	a	1	-	252963	252964	255,0,0	1000 0.00 0 1 0 0 0 0 0
chrI	252964	252965	a	1	-	252964	252965	255,0,0	1000 0.00 0 1 0 0 0 0 0
chrI	252965	252966	a	1	-	252965	252966	255,0,0	1000 0.00 0 1 0 0 0 0 0
chrI	252966	252967	a	1	-	252966	252967	255,0,0	1000 0.00 0 1 0 0 0 0 0
chrI	252967	252968	a	1	-	252967	252968	255,0,0	1000 0.00 0 1 0 0 0 0 0
chrI	252968	252969	a	1	-	252968	252969	255,0,0	1000 0.00 0 1 0 0 0 0 0
chrI	252969	252970	a	1	-	252969	252970	255,0,0	1000 0.00 0 1 0 0 0 0 0
chrI	252970	252971	a	1	-	252970	252971	255,0,0	1000 0.00 0 1 0 0 0 0 0
chrI	252971	252972	a	1	-	252971	252972	255,0,0	1000 0.00 0 1 0 0 0 0 0
chrI	252972	252973	a	1	-	252972	252973	255,0,0	1000 0.00 0 1 0 0 0 0 0
chrI	252973	252974	a	1	-	252973	252974	255,0,0	1000 0.00 0 1 0 0 0 0 0
chrI	252974	252975	a	1	-	252974	252975	255,0,0	1000 0.00 0 1 0 0 0 0 0
chrI	252975	252976	a	1	-	252975	252976	255,0,0	1000 0.00 0 1 0 0 0 0 0
chrI	252976	252977	a	1	-	252976	252977	255,0,0	1000 0.00 0 1 0 0 0 0 0
chrI	252977	252978	a	1	-	252977	252978	255,0,0	1000 0.00 0 1 0 0 0 0 0
chrI	252978	252979	a	1	-	252978	252979	255,0,0	1000 0.00 0 1 0 0 0 0 0
chrI	252979	252980	a	1	-	252979	252980	255,0,0	1000 0.00 0 1 0 0 0 0 0
chrI	252980	252981	a	1	-	252980	252981	255,0,0	1000 0.00 0 1 0 0 0 0 0
chrI	252981	252982	a	1	-	252981	252982	255,0,0	1000 0.00 0 1 0 0 0 0 0
chrI	252982	252983	a	1	-	252982	252983	255,0,0	1000 0.00 0 1 0 0 0 0 0
chrI	252983	252984	a	1	-	252983	252984	255,0,0	1000 0.00 0 1 0 0 0 0 0
chrI	252984	252985	a	1	-	252984	252985	255,0,0	1000 0.00 0 1 0 0 0 0 0
chrI	252985	252986	a	1	-	252985	252986	255,0,0	1000 0.00 0 1 0 0 0 0 0
chrI	252986	252987	a	1	-	252986	252987	255,0,0	1000 0.00 0 1 0 0 0 0 0
chrI	252987	252988	a	1	-	252987	252988	255,0,0	1000 0.00 0 1 0 0 0 0 0
chrI	252988	252989	a	1	-	252988	252989	255,0,0	1000 0.00 0 1 0 0 0 0 0
chrI	252989	252990	a	1	-	252989	252990	255,0,0	1000 0.00 0 1 0 0 0 0 0
chrI	252990	252991	a	1	-	252990	252991	255,0,0	1000 0.00 0 1 0 0 0 0 0
chrI	252991	252992	a	1	-	252991	252992	255,0,0	1000 0.00 0 1 0 0 0 0 0
chrI	252992	252993	a	1	-	252992	252993	255,0,0	1000 0.00 0 1 0 0 0 0 0
chrI	252993	252994	a	1	-	252993	252994	255,0,0	1000 0.00 0 1 0 0 0 0 0
chrI	252994	252995	a	1	-	252994	252995	255,0,0	1000 0.00 0 1 0 0 0 0 0
chrI	252995	252996	a	1	-	252995	252996	255,0,0	1000 0.00 0 1 0 0 0 0 0
chrI	252996	252997	a	1	-	252996	252997	255,0,0	1000 0.00 0 1 0 0 0 0 0
chrI	252997	252998	a	1	-	252997	252998	255,0,0	1000 0.00 0 1 0 0 0 0 0
chrI	252998	252999	a	1	-	252998	252999	255,0,0	1000 0.00 0 1 0 0 0 0 0
chrI	252999	253000	a	1	-	252999	253000	255,0,0	1000 0.00 0 1 0 0 0 0 0
chrI	253000	253001	a	1	-	253000	253001	255,0,0	1000 0.00 0 1 0 0 0 0 0
chrI	253001	253002	a	1	-	253001	253002	255,0,0	1000 0.00 0 1 0 0 0 0 0
chrI	253002	253003	a	1	-	253002	253003	255,0,0	1000 0.00 0 1 0 0 0 0 0
chrI	253003	253004	a	1	-	253003	253004	255,0,0	1000 0.00 0 1 0 0 0 0 0
chrI	253004	253005	a	1	-	253004	253005	255,0,0	1000 0.00 0 1 0 0 0 0 0
chrI	253005	253006	a	1	-	253005	253006	255,0,0	1000 0.00 0 1 0 0 0 0 0
chrI	253006	253007	a	1	-	253006	253007	255,0,0	1000 0.00 0 1 0 0 0 0 0
chrI	253007	253008	a	1	-	253007	253008	255,0,0	1000 0.00 0 1 0 0 0 0 0
chrI	253008	253009	a	1	-	253008	253009	255,0,0	1000 0.00 0 1 0 0 0 0 0
chrI	253009	253010	a	1	-	253009	253010	255,0,0	1000 0.00 0 1 0 0 0 0 0
chrI	253010	253011	a	1	-	253010	253011	255,0,0	1000 0.00 0 1 0 0 0 0 0
chrI	253011	253012	a	1	-	253011	253012	255,0,0	1000 0.00 0 1 0 0 0 0 0
chrI	253012	253013	a	1	-	253012	253013	255,0,0	1000 0.00 0 1 0 0 0 0 0
chrI	253013	253014	a	1	-	253013	253014	255,0,0	1000 0.00 0 1 0 0 0 0 0
chrI	253014	253015	a	1	-	253014	253015	255,0,0	1000 0.00 0 1 0 0 0 0 0
chrI	253015	253016	a	1	-	253015	253016	255,0,0	1000 0.00 0 1 0 0 0 0 0
chrI	253016	253017	a	1	-	253016	253017	255,0,0	1000 0.00 0 1 0 0 0 0 0
chrI	253017	253018	a	1	-	253017	253018	255,0,0	1000 0.00 0 1 0 0 0 0 0
chrI	253018	253019	a	1	-	253018	253019	255,0,0	1000 0.00 0 1 0 0 0 0 0
chrI	253019	253020	a	1	-	253019	253020	255,0,0	1000 0.00 0 1 0 0 0 0 0
chrI	253020	253021	a	1	-	253020	253021	255,0,0	1000 0.00 0 1 0 0 0 0 0
chrI	253021	253022	a	1	-	253021	253022	255,0,0	1000 0.00 0 1 0 0 0 0 0
chrI	253022	253023	a	1	-	253022	253023	255,0,0	1000 0.00 0 1 0 0 0 0 0
chrI	253023	253024	a	1	-	253023	253024	255,0,0	1000 0.00 0 1 0 0 0 0 0
chrI	253024	253025	a	1	-	253024	253025	255,0,0	1000 0.00 0 1 0 0 0 0 0
chrI	253025	253026	a	1	-	253025	253026	255,0,0	1000 0.00 0 1 0 0 0 0 0
chrI	253026	253027	a	1	-	253026	253027	255,0,0	1000 0.00 0 1 0 0 0 0 0
chrI	253027	253028	a	1	-	253027	253028	255,0,0	1000 0.00 0 1 0 0 0 0 0
chrI	253028	253029	a	1	-	253028	253029	255,0,0	1000 0.00 0 1 0 0 0 0 0
chrI	253029	253030	a	1	-	253029	253030	255,0,0	1000 0.00 0 1 0 0 0 0 0
chrI	253030	253031	a	1	-	253030	253031	255,0,0	1000 0.00 0 1 0 0 0 0 0
chrI	253031	253032	a	1	-	253031	253032	255,0,0	1000 0.00 0 1 0 0 0 0 0
chrI	253032	253033	a	1	-	253032	253033	255,0,0	1000 0.00 0 1 0 0 0 0 0
chrI	253033	253034	a	1	-	253033	253034	255,0,0	1000 0.00 0 1 0 0 0 0 0
chrI	253034	253035	a	1	-	253034	253035	255,0,0	1000 0.00 0 1 0 0 0 0 0
chrI	253035	253036	a	1	-	253035	253036	255,0,0	1000 0.00 0 1 0 0 0 0 0
chrI	253036	253037	a	1	-	253036	253037	255,0,0	1000 0.00 0 1 0 0 0 0 0
chrI	253037	253038	a	1	-	253037	253038	255,0,0	1000 0.00 0 1 0 0 0 0 0
chrI	253038	253039	a	1	-	253038	253039	255,0,0	1000 0.00 0 1 0 0 0 0 0
chrI	253039	253040	a	1	-	253039	253040	255,0,0	1000 0.00 0 1 0 0 0 0 0
chrI	253040	253041	a	1	-	253040	253041	255,0,0	1000 0.00 0 1 0 0 0 0 0
chrI	253041	253042	a	1	-	253041	253042	255,0,0	1000 0.00 0 1 0 0 0 0 0
chrI	253042	253043	a	1	-	253042	253043	255,0,0	1000 0.00 0 1 0 0 0 0 0
chrI	253043	253044	a	1	-	253043	253044	255,0,0	1000 0.00 0 1 0 0 0 0 0
chrI	253044	253045	a	1	-	253044	253045	255,0,0	1000 0.00 0 1 0 0 0 0 0
chrI	253045	253046	a	1	-	253045	253046	255,0,0	1000 0.00 0 1 0 0 0 0 0
chrI	253046	253047	a	1	-	253046	253047	255,0,0	1000 0.00 0 1 0 0 0 0 0
chrI	253047	253048	a	1	-	253047	253048	255,0,0	1000 0.00 0 1 0 0 0 0 0
chrI	253048	253049	a	1	-	253048	253049	255,0,0	1000 0.00 0 1 0 0 0 0 0
chrI	253049	253050	a	1	-	253049	253050	255,0,0	1000 0.00 0 1 0 0 0 0 0
chrI	253050	253051	a	1	-	253050	253051	255,0,0	1000 0.00 0 1 0 0 0 0 0
chrI	253051	253052	a	1	-	253051	253052	255,0,0	1000 0.00 0 1 0 0 0 0 0
chrI	253052	253053	a	1	-	253052	253053	255,0,0	1000 0.00 0 1 0 0 0 0 0
chrI	253053	253054	a	1	-	253053	253054	255,0,0	1000 0.00 0 1 0 0 0 0 0
chrI	253054	253055	a	1	-	253054	253055	255,0,0	1000 0.00 0 1 0 0 0 0 0
chrI	253055	253056	a	1	-	253055	253056	255,0,0	1000 0.00 0 1 0 0 0 0 0
chrI	253056	253057	a	1	-	253056	253057	255,0,0	1000 0.00 0 1 0 0 0 0 0
chrI	253057	253058	a	1	-	253057	253058	255,0,0	1000 0.00 0 1 0 0 0 0 0
chrI	253058	253059	a	1	-	253058	253059	255,0,0	1000 0.00 0 1 0 0 0 0 0
chrI	253059	253060	a	1	-	253059	253060	255,0,0	1000 0.00 0 1 0 0 0 0 0
chrI	253060	253061	a	1	-	253060	253061	255,0,0	1000 0.00 0 1 0 0 0 0 0
chrI	253061	253062	a	1	-	253061	253062	255,0,0	1000 0.00 0 1 0 0 0 0 0
chrI	253062	253063	a	1	-	253062	253063	255,0,0	1000 0.00 0 1 0 0 0 0 0
chrI	253063	253064	a	1	-	253063	253064	255,0,0	1000 0.00 0 1 0 0 0 0 0
chrI	253064	253065	a	1	-	253064	253065	255,0,0	1000 0.00 0 1 0 0 0 0 0
chrI	253065	253066	a	1	-	253065	253066	255,0,0	1000 0.00 0 1 0 0 0 0 0
chrI	253066	253067	a	1	-	253066	253067	255,0,0	1000 0.00 0 1 0 0 0 0 0
chrI	253067	253068	a	1	-	253067	253068	255,0,0	1000 0.00 0 1 0 0 0 0 0
chrI	253068	253069	a	1	-	253068	253069	255,0,0	1000 0.00 0 1 0 0 0 0 0
chrI	253069	253070	a	1	-	253069	253070	255,0,0	1000 0.00 0 1 0 0 0 0 0
chrI	253070	253071	a	1	-	253070	253071	255,0,0	1000 0.00 0 1 0 0 0 0 0
chrI	253071	253072	a	1	-	253071	253072	255,0,0	1000 0.00 0 1 0 0 0 0 0
chrI	253072	253073	a	1	-	253072	253073	255,0,0	1000 0.00 0 1 0 0 0 0 0
chrI	253073	253074	a	1	-	253073	253074	255,0,0	1000 0.00 0 1 0 0 0 0 0
chrI	253074	253075	a	1	-	253074	253075	255,0,0	1000 0.00 0 1 0 0 0 0 0
chrI	253075	253076	a	1	-	253075	253076	255,0,0	1000 0.00 0 1 0 0 0 0 0
chrI	253076	253077	a	1	-	253076	253077	255,0,0	1000 0.00 0 1 0 0 0 0 0
chrI	253077	253078	a	1	-	253077	253078	255,0,0	1000 0.00 0 1 0 0 0 0 0
chrI	253078	253079	a	1	-	253078	253079	255,0,0	1000 0.00 0 1 0 0 0 0 0
chrI	253079	253080	a	1	-	253079	253080	255,0,0	1000 0.00 0 1 0 0 0 0 0
chrI	253080	253081	a	1	-	253080	253081	255,0,0	1000 0.00 0 1 0 0 0 0 0
chrI	253081	253082	a	1	-	253081	253082	255,0,0	1000 0.00 0 1 0 0 0 0 0
chrI	253082	253083	a	1	-	253082	253083	255,0,0	1000 0.00 0 1 0 0 0 0 0
chrI	253083	253084	a	1	-	253083	253084	255,0,0	1000 0.00 0 1 0 0 0 0 0
chrI	253084	253085	a	1	-	253084	253085	255,0,0	1000 0.00 0 1 0 0 0 0 0
chrI	253085	253086	a	1	-	253085	253086	255,0,0	1000 0.00 0 1 0 0 0 0 0
chrI	253086	253087	a	1	-	253086	253087	255,0,0	1000 0.00 0 1 0 0 0 0 0
chrI	253087	253088	a	1	-	253087	253088	255,0,0	1000 0.00 0 1 0 0 0 0 0
chrI	253088	253089	a	1	-	253088	253089	255,0,0	1000 0.00 0 1 0 0 0 0 0
chrI	253089	253090	a	1	-	253089	253090	255,0,0	1000 0.00 0 1 0 0 0 0 0
chrI	253090	253091	a	1	-	253090	253091	255,0,0	1000 0.00 0 1 0 0 0 0 0
chrI	253091	253092	a	1	-	253091	253092	255,0,0	1000 0.00 0 1 0 0 0 0 0
chrI	253092	253093	a	1	-	253092	253093	255,0,0	1000 0.00 0 1 0 0 0 0 0
chrI	253093	253094	a	1	-	253093	253094	255,0,0	1000 0.00 0 1 0 0 0 0 0
chrI	253094	253095	a	1	-	253094	253095	255,0,0	1000 0.00 0 1 0 0 0 0 0
chrI	253095	253096	a	1	-	253095	253096	255,0,0	1000 0.00 0 1 0 0 0 0 0
chrI	253096	253097	a	1	-	253096	253097	255,0,0	1000 0.00 0 1 0 0 0 0 0
chrI	253097	253098	a	1	-	253097	253098	255,0,0	1000 0.00 0 1 0 0 0 0 0
chrI	253098	253099	a	1	-	253098	253099	255,0,0	1000 0.00 0 1 0 0 0 0 0
chrI	253099	253100	a	1	-	253099	253100	255,0,0	1000 0.00 0 1 0 0 0 0 0
chrI	253100	253101	a	1	-	253100	253101	255,0,0	1000 0.00 0 1 0 0 0 0 0
chrI	253101	253102	a	1	-	253101	253102	255,0,0	1000 0.00 0 1 0 0 0 0 0
chrI	253102	253103	a	1	-	253102	253103	255,0,0	1000 0.00 0 1 0 0 0 0 0
chrI	253103	253104	a	1	-	253103	253104	255,0,0	1000 0.00 0 1 0 0 0 0 0
chrI	253104	253105	a	1	-	253104	253105	255,0,0	1000 0.00 0 1 0 0 0 0 0
chrI	253105	253106	a	1	-	253105	253106	255,0,0	1000 0.00 0 1 0 0 0 0 0
chrI	253106	253107	a	1	-	253106	253107	255,0,0	1000 0.00 0 1 0 0 0 0 0
chrI	253107	253108	a	1	-	253107	253108	255,0,0	1000 0.00 0 1 0 0 0 0 0
chrI	253108	253109	a	1	-	253108	253109	255,0,0	1000 0.00 0 1 0 0 0 0 0
chrI	253109	253110	a	1	-	253109	253110	255,0,0	1000 0.00 0 1 0 0 0 0 0
chrI	253110	253111	a	1	-	253110	253111	255,0,0	1000 0.00 0 1 0 0 0 0 0
chrI	253111	253112	a	1	-	253111	253112	255,0,0	1000 0.00 0 1 0 0 0 0 0
chrI	253112	253113	a	1	-	253112	253113	255,0,0	1000 0.00 0 1 0 0 0 0 0
chrI	253113	253114	a	1	-	253113	253114	255,0,0	1000 0.00 0 1 0 0 0 0 0
chrI	253114	253115	a	1	-	253114	253115	255,0,0	1000 0.00 0 1 0 0 0 0 0
chrI	253115	253116	a	1	-	253115	253116	255,0,0	1000 0.00 0 1 0 0 0 0 0
chrI	253116	253117	a	1	-	253116	253117	255,0,0	1000 0.00 0 1 0 0 0 0 0
chrI	253117	253118	a	1	-	253117	253118	255,0,0	1000 0.00 0 1 0 0 0 0 0
chrI	253118	253119	a	1	-	253118	253119	255,0,0	1000 0.00 0 1 0 0 0 0 0
chrI	253119	253120	a	1	-	253119	253120	255,0,0	1000 0.00 0 1 0 0 0 0 0
chrI	253120	253121	a	1	-	253120	253121	255,0,0	1000 0.00 0 1 0 0 0 0 0
chrI	253121	253122	a	1	-	253121	253122	255,0,0	1000 0.00 0 1 0 0 0 0 0
chrI	253122	253123	a	1	-	253122	253123	255,0,0	1000 0.00 0 1 0 0 0 0 0
chrI	253123	253124	a	1	-	253123	253124	255,0,0	1000 0.00 0 1 0 0 0 0 0
chrI	253124	253125	a	1	-	253124	253125	255,0,0	1000 0.00 0 1 0 0 0 0 0
chrI	253125	253126	a	1	-	253125	253126	255,0,0	1000 0.00 0 1 0 0 0 0 0
chrI	253126	253127	a	1	-	253126	253127	255,0,0	1000 0.00 0 1 0 0 0 0 0
chrI	253127	253128	a	1	-	253127	253128	255,0,0	1000 0.00 0 1 0 0 0 0 0
chrI	253128	253129	a	1	-	253128	253129	255,0,0	1000 0.00 0 1 0 0 0 0 0
chrI	253129	253130	a	1	-	253129	253130	255,0,0	1000 0.00 0 1 0 0 0 0 0
chrI	253130	253131	a	1	-	253130	253131	255,0,0	1000 0.00 0 1 0 0 0 0 0
chrI	253131	253132	a	1	-	253131	253132	255,0,0	1000 0.00 0 1 0 0 0 0 0
chrI	253132	253133	a	1	-	253132	253133	255,0,0	1000 0.00 0 1 0 0 0 0 0
chrI	253133	253134	a	1	-	253133	253134	255,0,0	1000 0.00 0 1 0 0 0 0 0
chrI	253134	253135	a	1	-	253134	253135	255,0,0	1000 0.00 0 1 0 0 0 0 0
chrI	253135	253136	a	1	-	253135	253136	255,0,0	1000 0.00 0 1 0 0 0 0 0
chrI	253136	253137	a	1	-	253136	253137	255,0,0	1000 0.00 0 1 0 0 0 0 0
chrI	253137	253138	a	1	-	253137	253138	255,0,0	1000 0.00 0 1 0 0 0 0 0
chrI	253138	253139	a	1	-	253138	253139	255,0,0	1000 0.00 0 1 0 0 0 0 0
chrI	253139	253140	a	1	-	253139	253140	255,0,0	1000 0.00 0 1 0 0 0 0 0
chrI	253140	253141	a	1	-	253140	253141	255,0,0	1000 0.00 0 1 0 0 0 0 0
chrI	253141	253142	a	1	-	253141	253142	255,0,0	1000 0.00 0 1 0 0 0 0 0
chrI	253142	253143	a	1	-	253142	253143	255,0,0	1000 0.00 0 1 0 0 0 0 0
chrI	253143	253144	a	1	-	253143	253144	255,0,0	1000 0.00 0 1 0 0 0 0 0
chrI	253144	253145	a	1	-	253144	253145	255,0,0	1000 0.00 0 1 0 0 0 0 0
chrI	253145	253146	a	1	-	253145	253146	255,0,0	1000 0.00 0 1 0 0 0 0 0
chrI	253146	253147	a	1	-	253146	253147	255,0,0	1000 0.00 0 1 0 0 0 0 0
chrI	253147	253148	a	1	-	253147	253148	255,0,0	1000 0.00 0 1 0 0 0 0 0
chrI	253148	253149	a	1	-	253148	253149	255,0,0	1000 0.00 0 1 0 0 0 0 0
chrI	253149	253150	a	1	-	253149	253150	255,0,0	1000 0.00 0 1 0 0 0 0 0
chrI	253150	253151	a	1	-	253150	253151	255,0,0	1000 0.00 0 1 0 0 0 0 0
chrI	253151	253152	a	1	-	253151	253152	255,0,0	1000 0.00 0 1 0 0 0 0 0
chrI	253152	253153	a	1	-	253152	253153	255,0,0	1000 0.00 0 1 0 0 0 0 0
chrI	253153	253154	a	1	-	253153	253154	255,0,0	1000 0.00 0 1 0 0 0 0 0
chrI	253154	253155	a	1	-	253154	253155	255,0,0	1000 0.00 0 1 0 0 0 0 0
chrI	253155	253156	a	1	-	253155	253156	255,0,0	1000 0.00 0 1 0 0 0 0 0
chrI	253156	253157	a	1	-	253156	253157	255,0,0	1000 0.00 0 1 0 0 0 0 0
chrI	253157	253158	a	1	-	253157	253158	255,0,0	1000 0.00 0 1 0 0 0 0 0
chrI	253158	253159	a	1	-	253158	253159	255,0,0	1000 0.00 0 1 0 0 0 0 0
chrI	253159	253160	a	1	-	253159	253160	255,0,0	1000 0.00 0 1 0 0 0 0 0
chrI	253160	253161	a	1	-	253160	253161	255,0,0	1000 0.00 0 1 0 0 0 0 0
chrI	253161	253162	a	1	-	253161	253162	255,0,0	1000 0.00 0 1 0 0 0 0 0
chrI	253162	253163	a	1	-	253162	253163	255,0,0	1000 0.00 0 1 0 0 0 0 0
chrI	253163	253164	a	1	-	253163	253164	255,0,0	1000 0.00 0 1 0 0 0 0 0
chrI	253164	253165	a	1	-	253164	253165	255,0,0	1000 0.00 0 1 0 0 0 0 0
chrI	253165	253166	a	1	-	253165	253166	255,0,0	1000 0.00 0 1 0 0 0 0 0
chrI	253166	253167	a	1	-	253166	253167	255,0,0	1000 0.00 0 1 0 0 0 0 0
chrI	253167	253168	a	1	-	253167	253168	255,0,0	1000 0.00 0 1 0 0 0 0 0
chrI	253168	253169	a	1	-	253168	253169	255,0,0	1000 0.00 0 1 0 0 0 0 0
chrI	253169	253170	a	1	-	253169	253170	255,0,0	1000 0.00 0 1 0 0 0 0 0
chrI	253170	253171	a	1	-	253170	253171	255,0,0	1000 0.00 0 1 0 0 0 0 0
chrI	253171	253172	a	1	-	253171	253172	255,0,0	1000 0.00 0 1 0 0 0 0 0
chrI	253172	253173	a	1	-	253172	253173	255,0,0	1000 0.00 0 1 0 0 0 0 0
chrI	253173	253174	a	1	-	253173	253174	255,0,0	1000 0.00 0 1 0 0 0 0 0
chrI	253174	253175	a	1	-	253174	253175	255,0,0	1000 0.00 0 1 0 0 0 0 0
chrI	253175	253176	a	1	-	253175	253176	255,0,0	1000 0.00 0 1 0 0 0 0 0
chrI	253176	253177	a	1	-	253176	253177	255,0,0	1000 0.00 0 1 0 0 0 0 0
chrI	253177	253178	a	1	-	253177	253178	255,0,0	1000 0.00 0 1 0 0 0 0 0
chrI	253178	253179	a	1	-	253178	253179	255,0,0	1000 0.00 0 1 0 0 0 0 0
chrI	253179	253180	a	1	-	253179	253180	255,0,0	1000 0.00 0 1 0 0 0 0 0
chrI	253180	253181	a	1	-	253180	253181	255,0,0	1000 0.00 0 1 0 0 0 0 0
chrI	253181	253182	a	1	-	253181	253182	255,0,0	1000 0.00 0 1 0 0 0 0 0
chrI	253182	253183	a	1	-	253182	253183	255,0,0	1000 0.00 0 1 0 0 0 0 0
chrI	253183	253184	a	1	-	253183	253184	255,0,0	1000 0.00 0 1 0 0 0 0 0
chrI	253184	253185	a	1	-	253184	253185	255,0,0	1000 0.00 0 1 0 0 0 0 0
chrI	253185	253186	a	1	-	253185	253186	255,0,0	1000 0.00 0 1 0 0 0 0 0
chrI	253186	253187	a	1	-	253186	253187	255,0,0	1000 0.00 0 1 0 0 0 0 0
chrI	253187	253188	a	1	-	253187	253188	255,0,0	1000 0.00 0 1 0 0 0 0 0
chrI	253188	253189	a	1	-	253188	253189	255,0,0	1000 0.00 0 1 0 0 0 0 0
chrI	253189	253190	a	1	-	253189	253190	255,0,0	1000 0.00 0 1 0 0 0 0 0
chrI	253190	253191	a	1	-	253190	253191	255,0,0	1000 0.00 0 1 0 0 0 0 0
chrI	253191	253192	a	1	-	253191	253192	255,0,0	1000 0.00 0 1 0 0 0 0 0
chrI	253192	253193	a	1	-	253192	253193	255,0,0	1000 0.00 0 1 0 0 0 0 0
chrI	253193	253194	a	1	-	253193	253194	255,0,0	1000 0.00 0 1 0 0 0 0 0
chrI	253194	253195	a	1	-	253194	253195	255,0,0	1000 0.00 0 1 0 0 0 0 0
chrI	253195	253196	a	1	-	253195	253196	255,0,0	1000 0.00 0 1 0 0 0 0 0
chrI	253196	253197	a	1	-	253196	253197	255,0,0	1000 0.00 0 1 0 0 0 0 0
chrI	253197	253198	a	1	-	253197	253198	255,0,0	1000 0.00 0 1 0 0 0 0 0
chrI	253198	253199	a	1	-	253198	253199	255,0,0	1000 0.00 0 1 0 0 0 0 0
chrI	253199	253200	a	1	-	253199	253200	255,0,0	1000 0.00 0 1 0 0 0 0 0
chrI	253200	253201	a	1	-	253200	253201	255,0,0	1000 0.00 0 1 0 0 0 0 0
chrI	253201	253202	a	1	-	253201	253202	255,0,0	1000 0.00 0 1 0 0 0 0 0
chrI	253202	253203	a	1	-	253202	253203	255,0,0	1000 0.00 0 1 0 0 0 0 0
chrI	253203	253204	a	1	-	253203	253204	255,0,0	1000 0.00 0 1 0 0 0 0 0
chrI	253204	253205	a	1	-	253204	253205	255,0,0	1000 0.00 0 1 0 0 0 0 0
chrI	253205	253206	a	1	-	253205	253206	255,0,0	1000 0.00 0 1 0 0 0 0 0
chrI	253206	253207	a	1	-	253206	253207	255,0,0	1000 0.00 0 1 0 0 0 0 0
chrI	253207	253208	a	1	-	253207	253208	255,0,0	1000 0.00 0 1 0 0 0 0 0
chrI	253208	253209	a	1	-	253208	253209	255,0,0	1000 0.00 0 1 0 0 0 0 0
chrI	253209	253210	a	1	-	253209	253210	255,0,0	1000 0.00 0 1 0 0 0 0 0
chrI	253210	253211	a	1	-	253210	253211	255,0,0	1000 0.00 0 1 0 0 0 0 0
chrI	253211	253212	a	1	-	253211	253212	255,0,0	1000 0.00 0 1 0 0 0 0 0
chrI	253212	253213	a	1	-	253212	253213	255,0,0	1000 0.00 0 1 0 0 0 0 0
chrI	253213	253214	a	1	-	253213	253214	255,0,0	1000 0.00 0 1 0 0 0 0 0
chrI	253214	253215	a	1	-	253214	253215	255,0,0	1000 0.00 0 1 0 0 0 0 0
chrI	253215	253216	a	1	-	253215	253216	255,0,0	1000 0.00 0 1 0 0 0 0 0
chrI	253216	253217	a	1	-	253216	253217	255,0,0	1000 0.00 0 1 0 0 0 0 0
chrI	253217	253218	a	1	-	253217	253218	255,0,0	1000 0.00 0 1 0 0 0 0 0
chrI	253218	253219	a	1	-	253218	253219	255,0,0	1000 0.00 0 1 0 0 0 0 0
chrI	253219	253220	a	1	-	253219	253220	255,0,0	1000 0.00 0 1 0 0 0 0 0
chrI	253220	253221	a	1	-	253220	253221	255,0,0	1000 0.00 0 1 0 0 0 0 0
chrI	253221	253222	a	1	-	253221	253222	255,0,0	1000 0.00 0 1 0 0 0 0 0
chrI	253222	253223	a	1	-	253222	253223	255,0,0	1000 0.00 0 1 0 0 0 0 0
chrI	253223	253224	a	1	-	253223	253224	255,0,0	1000 0.00 0 1 0 0 0 0 0
chrI	253224	253225	a	1	-	253224	253225	255,0,0	1000 0.00 0 1 0 0 0 0 0
chrI	253225	253226	a	1	-	253225	253226	255,0,0	1000 0.00 0 1 0 0 0 0 0
chrI	253226	253227	a	1	-	253226	253227	255,0,0	1000 0.00 0 1 0 0 0 0 0
chrI	253227	253228	a	1	-	253227	253228	255,0,0	1000 0.00 0 1 0 0 0 0 0
chrI	253228	253229	a	1	-	253228	253229	255,0,0	1000 0.00 0 1 0 0 0 0 0
chrI	253229	253230	a	1	-	253229	253230	255,0,0	1000 0.00 0 1 0 0 0 0 0
chrI	253230	253231	a	1	-	253230	253231	255,0,0	1000 0.00 0 1 0 0 0 0 0
chrI	253231	253232	a	1	-	253231	253232	255,0,0	1000 0.00 0 1 0 0 0 0 0
chrI	253232	253233	a	1	-	253232	253233	255,0,0	1000 0.00 0 1 0 0 0 0 0
chrI	253233	253234	a	1	-	253233	253234	255,0,0	1000 0.00 0 1 0 0 0 0 0
chrI	253234	253235	a	1	-	253234	253235	255,0,0	1000 0.00 0 1 0 0 0 0 0
chrI	253235	253236	a	1	-	253235	253236	255,0,0	1000 0.00 0 1 0 0 0 0 0
chrI	253236	253237	a	1	-	253236	253237	255,0,0	1000 0.00 0 1 0 0 0 0 0
chrI	253237	253238	a	1	-	253237	253238	255,0,0	1000 0.00 0 1 0 0 0 0 0
chrI	253238	253239	a	1	-	253238	253239	255,0,0	1000 0.00 0 1 0 0 0 0 0
chrI	253239	253240	a	1	-	253239	253240	255,0,0	1000 0.00 0 1 0 0 0 0 0
chrI	253240	253241	a	1	-	253240	253241	255,0,0	1000 0.00 0 1 0 0 0 0 0
chrI	253241	253242	a	1	-	253241	253242	255,0,0	1000 0.00 0 1 0 0 0 0 0
chrI	253242	253243	a	1	-	253242	253243	255,0,0	1000 0.00 0 1 0 0 0 0 0
chrI	253243	253244	a	1	-	253243	253244	255,0,0	1000 0.00 0 1 0 0 0 0 0
chrI	253244	253245	a	1	-	253244	253245	255,0,0	1000 0.00 0 1 0 0 0 0 0
chrI	253245	253246	a	1	-	253245	253246	255,0,0	1000 0.00 0 1 0 0 0 0 0
chrI	253246	253247	a	1	-	253246	253247	255,0,0	1000 0.00 0 1 0 0 0 0 0
chrI	253247	253248	a	1	-	253247	253248	255,0,0	1000 0.00 0 1 0 0 0 0 0
chrI	253248	253249	a	1	-	253248	253249	255,0,0	1000 0.00 0 1 0 0 0 0 0
chrI	253249	253250	a	1	-	253249	253250	255,0,0	1000 0.00 0 1 0 0 0 0 0
chrI	253250	253251	a	1	-	253250	253251	255,0,0	1000 0.00 0 1 0 0 0 0 0
chrI	253251	253252	a	1	-	253251	253252	255,0,0	1000 0.00 0 1 0 0 0 0 0
chrI	253252	253253	a	1	-	253252	253253	255,0,0	1000 0.00 0 1 0 0 0 0 0
chrI	253253	253254	a	1	-	253253	253254	255,0,0	1000 0.00 0 1 0 0 0 0 0
chrI	253254	253255	a	1	-	253254	253255	255,0,0	1000 0.00 0 1 0 0 0 0 0
chrI	253255	253256	a	1	-	253255	253256	255,0,0	1000 0.00 0 1 0 0 0 0 0
chrI	253256	253257	a	1	-	253256	253257	255,0,0	1000 0.00 0 1 0 0 0 0 0
chrI	253257	253258	a	1	-	253257	253258	255,0,0	1000 0.00 0 1 0 0 0 0 0
chrI	253258	253259	a	1	-	253258	253259	255,0,0	1000 0.00 0 1 0 0 0 0 0
chrI	253259	253260	a	1	-	253259	253260	255,0,0	1000 0.00 0 1 0 0 0 0 0
chrI	253260	253261	a	1	-	253260	253261	255,0,0	1000 0.00 0 1 0 0 0 0 0
chrI	253261	253262	a	1	-	253261	253262	255,0,0	1000 0.00 0 1 0 0 0 0 0
chrI	253262	253263	a	1	-	253262	253263	255,0,0	1000 0.00 0 1 0 0 0 0 0
chrI	253263	253264	a	1	-	253263	253264	255,0,0	1000 0.00 0 1 0 0 0 0 0
chrI	253264	253265	a	1	-	253264	253265	255,0,0	1000 0.00 0 1 0 0 0 0 0
chrI	253265	253266	a	1	-	253265	253266	255,0,0	1000 0.00 0 1 0 0 0 0 0
chrI	253266	253267	a	1	-	253266	253267	255,0,0	1000 0.00 0 1 0 0 0 0 0
chrI	253267	253268	a	1	-	253267	253268	255,0,0	1000 0.00 0 1 0 0 0 0 0
chrI	253268	253269	a	1	-	253268	253269	255,0,0	1000 0.00 0 1 0 0 0 0 0
chrI	253269	253270	a	1	-	253269	253270	255,0,0	1000 0.00 0 1 0 0 0 0 0
chrI	253270	253271	a	1	-	253270	253271	255,0,0	1000 0.00 0 1 0 0 0 0 0
chrI	253271	253272	a	1	-	253271	253272	255,0,0	1000 0.00 0 1 0 0 0 0 0
chrI	253272	253273	a	1	-	253272	253273	255,0,0	1000 0.00 0 1 0 0 0 0 0
chrI	253273	253274	a	1	-	253273	253274	255,0,0	1000 0.00 0 1 0 0 0 0 0
chrI	253274	253275	a	1	-	253274	253275	255,0,0	1000 0.00 0 1 0 0 0 0 0
chrI	253275	253276	a	1	-	253275	253276	255,0,0	1000 0.00 0 1 0 0 0 0 0
chrI	253276	253277	a	1	-	253276	253277	255,0,0	1000 0.00 0 1 0 0 0 0 0
chrI	253277	253278	a	1	-	253277	253278	255,0,0	1000 0.00 0 1 0 0 0 0 0
chrI	253278	253279	a	1	-	253278	253279	255,0,0	1000 0.00 0 1 0 0 0 0 0
chrI	253279	253280	a	1	-	253279	253280	255,0,0	1000 0.00 0 1 0 0 0 0 0
chrI	253280	253281	a	1	-	253280	253281	255,0,0	1000 0.00 0 1 0 0 0 0 0
chrI	253281	253282	a	1	-	253281	253282	255,0,0	1000 0.00 0 1 0 0 0 0 0
chrI	253282	253283	a	1	-	253282	253283	255,0,0	1000 0.00 0 1 0 0 0 0 0
chrI	253283	253284	a	1	-	253283	253284	255,0,0	1000 0.00 0 1 0 0 0 0 0
chrI	253284	253285	a	1	-	253284	253285	255,0,0	1000 0.00 0 1 0 0 0 0 0
chrI	253285	253286	a	1	-	253285	253286	255,0,0	1000 0.00 0 1 0 0 0 0 0
chrI	253286	253287	a	1	-	253286	253287	255,0,0	1000 0.00 0 1 0 0 0 0 0
chrI	253287	253288	a	1	-	253287	253288	255,0,0	1000 0.00 0 1 0 0 0 0 0
chrI	253288	253289	a	1	-	253288	253289	255,0,0	1000 0.00 0 1 0 0 0 0 0
chrI	253289	253290	a	1	-	253289	253290	255,0,0	1000 0.00 0 1 0 0 0 0 0
chrI	253290	253291	a	1	-	253290	253291	255,0,0	1000 0.00 0 1 0 0 0 0 0
chrI	253291	253292	a	1	-	253291	253292	255,0,0	1000 0.00 0 1 0 0 0 0 0
chrI	253292	253293	a	1	-	253292	253293	255,0,0	1000 0.00 0 1 0 0 0 0 0
chrI	253293	253294	a	1	-	253293	253294	255,0,0	1000 0.00 0 1 0 0 0 0 0
chrI	253294	253295	a	1	-	253294	253295	255,0,0	1000 0.00 0 1 0 0 0 0 0
chrI	253295	253296	a	1	-	253295	253296	255,0,0	1000 0.00 0 1 0 0 0 0 0
chrI	253296	253297	a	1	-	253296	253297	255,0,0	1000 0.00 0 1 0 0 0 0 0
chrI	253297	253298	a	1	-	253297	253298	255,0,0	1000 0.00 0 1 0 0 0 0 0
chrI	253298	253299	a	1	-	253298	253299	255,0,0	1000 0.00 0 1 0 0 0 0 0
chrI	253299	253300	a	1	-	253299	253300	255,0,0	1000 0.00 0 1 0 0 0 0 0
chrI	253300	253301	a	1	-	253300	253301	255,0,0	1000 0.00 0 1 0 0 0 0 0
chrI	253301	253302	a	1	-	253301	253302	255,0,0	1000 0.00 0 1 0 0 0 0 0
chrI	253302	253303	a	1	-	253302	253303	255,0,0	1000 0.00 0 1 0 0 0 0 0
chrI	253303	253304	a	1	-	253303	253304	255,0,0	1000 0.00 0 1 0 0 0 0 0
chrI	253304	253305	a	1	-	253304	253305	255,0,0	1000 0.00 0 1 0 0 0 0 0
chrI	253305	253306	a	1	-	253305	253306	255,0,0	1000 0.00 0 1 0 0 0 0 0
chrI	253306	253307	a	1	-	253306	253307	255,0,0	1000 0.00 0 1 0 0 0 0 0
chrI	253307	253308	a	1	-	253307	253308	255,0,0	1000 0.00 0 1 0 0 0 0 0
chrI	253308	253309	a	1	-	253308	253309	255,0,0	1000 0.00 0 1 0 0 0 0 0
chrI	253309	253310	a	1	-	253309	253310	255,0,0	1000 0.00 0 1 0 0 0 0 0
chrI	253310	253311	a	1	-	253310	253311	255,0,0	1000 0.00 0 1 0 0 0 0 0
chrI	253311	253312	a	1	-	253311	253312	255,0,0	1000 0.00 0 1 0 0 0 0 0
chrI	253312	253313	a	1	-	253312	253313	255,0,0	1000 0.00 0 1 0 0 0 0 0
chrI	253313	253314	a	1	-	253313	253314	255,0,0	1000 0.00 0 1 0 0 0 0 0
chrI	253314	253315	a	1	-	253314	253315	255,0,0	1000 0.00 0 1 0 0 0 0 0
chrI	253315	253316	a	1	-	253315	253316	255,0,0	1000 0.00 0 1 0 0 0 0 0
chrI	253316	253317	a	1	-	253316	253317	255,0,0	1000 0.00 0 1 0 0 0 0 0
chrI	253317	253318	a	1	-	253317	253318	255,0,0	1000 0.00 0 1 0 0 0 0 0
chrI	253318	253319	a	1	-	253318	253319	255,0,0	1000 0.00 0 1 0 0 0 0 0
chrI	253319	253320	a	1	-	253319	253320	255,0,0	1000 0.00 0 1 0 0 0 0 0
chrI	253320	253321	a	1	-	253320	253321	255,0,0	1000 0.00 0 1 0 0 0 0 0
chrI	253321	253322	a	1	-	253321	253322	255,0,0	1000 0.00 0 1 0 0 0 0 0
chrI	253322	253323	a	1	-	253322	253323	255,0,0	1000 0.00 0 1 0 0 0 0 0
chrI	253323	253324	a	1	-	253323	253324	255,0,0	1000 0.00 0 1 0 0 0 0 0
chrI	253324	253325	a	1	-	253324	253325	255,0,0	1000 0.00 0 1 0 0 0 0 0
chrI	253325	253326	a	1	-	253325	253326	255,0,0	1000 0.00 0 1 0 0 0 0 0
chrI	253326	253327	a	1	-	253326	253327	255,0,0	1000 0.00 0 1 0 0 0 0 0
chrI	253327	253328	a	1	-	253327	253328	255,0,0	1000 0.00 0 1 0 0 0 0 0
chrI	253328	253329	a	1	-	253328	253329	255,0,0	1000 0.00 0 1 0 0 0 0 0
chrI	253329	253330	a	1	-	253329	253330	255,0,0	1000 0.00 0 1 0 0 0 0 0
chrI	253330	253331	a	1	-	253330	253331	255,0,0	1000 0.00 0 1 0 0 0 0 0
chrI	253331	253332	a	1	-	253331	253332	255,0,0	1000 0.00 0 1 0 0 0 0 0
chrI	253332	253333	a	1	-	253332	253333	255,0,0	1000 0.00 0 1 0 0 0 0 0
chrI	253333	253334	a	1	-	253333	253334	255,0,0	1000 0.00 0 1 0 0 0 0 0
chrI	253334	253335	a	1	-	253334	253335	255,0,0	1000 0.00 0 1 0 0 0 0 0
chrI	253335	253336	a	1	-	253335	253336	255,0,0	1000 0.00 0 1 0 0 0 0 0
chrI	253336	253337	a	1	-	253336	253337	255,0,0	1000 0.00 0 1 0 0 0 0 0
chrI	253337	253338	a	1	-	253337	253338	255,0,0	1000 0.00 0 1 0 0 0 0 0
chrI	253338	253339	a	1	-	253338	253339	255,0,0	1000 0.00 0 1 0 0 0 0 0
chrI	253339	253340	a	1	-	253339	253340	255,0,0	1000 0.00 0 1 0 0 0 0 0
chrI	253340	253341	a	1	-	253340	253341	255,0,0	1000 0.00 0 1 0 0 0 0 0
chrI	253341	253342	a	1	-	253341	253342	255,0,0	1000 0.00 0 1 0 0 0 0 0
chrI	253342	253343	a	1	-	253342	253343	255,0,0	1000 0.00 0 1 0 0 0 0 0
chrI	253343	253344	a	1	-	253343	253344	255,0,0	1000 0.00 0 1 0 0 0 0 0
chrI	253344	253345	a	1	-	253344	253345	255,0,0	1000 0.00 0 1 0 0 0 0 0
chrI	253345	253346	a	1	-	253345	253346	255,0,0	1000 0.00 0 1 0 0 0 0 0
chrI	253346	253347	a	1	-	253346	253347	255,0,0	1000 0.00 0 1 0 0 0 0 0
chrI	253347	253348	a	1	-	253347	253348	255,0,0	1000 0.00 0 1 0 0 0 0 0
chrI	253348	253349	a	1	-	253348	253349	255,0,0	1000 0.00 0 1 0 0 0 0 0
chrI	253349	253350	a	1	-	253349	253350	255,0,0	1000 0.00 0 1 0 0 0 0 0
chrI	253350	253351	a	1	-	253350	253351	255,0,0	1000 0.00 0 1 0 0 0 0 0
chrI	253351	253352	a	1	-	253351	253352	255,0,0	1000 0.00 0 1 0 0 0 0 0
chrI	253352	253353	a	1	-	253352	253353	255,0,0	1000 0.00 0 1 0 0 0 0 0
chrI	253353	253354	a	1	-	253353	253354	255,0,0	1000 0.00 0 1 0 0 0 0 0
chrI	253354	253355	a	1	-	253354	253355	255,0,0	1000 0.00 0 1 0 0 0 0 0
chrI	253355	253356	a	1	-	253355	253356	255,0,0	1000 0.00 0 1 0 0 0 0 0
chrI	253356	253357	a	1	-	253356	253357	255,0,0	1000 0.00 0 1 0 0 0 0 0
chrI	253357	253358	a	1	-	253357	253358	255,0,0	1000 0.00 0 1 0 0 0 0 0
chrI	253358	253359	a	1	-	253358	253359	255,0,0	1000 0.00 0 1 0 0 0 0 0
chrI	253359	253360	a	1	-	253359	253360	255,0,0	1000 0.00 0 1 0 0 0 0 0
chrI	253360	253361	a	1	-	253360	253361	255,0,0	1000 0.00 0 1 0 0 0 0 0
chrI	253361	253362	a	1	-	253361	253362	255,0,0	1000 0.00 0 1 0 0 0 0 0
chrI	253362	253363	a	1	-	253362	253363	255,0,0	1000 0.00 0 1 0 0 0 0 0
chrI	253363	253364	a	1	-	253363	253364	255,0,0	1000 0.00 0 1 0 0 0 0 0
chrI	253364	253365	a	1	-	253364	253365	255,0,0	1000 0.00 0 1 0 0 0 0 0
chrI	253365	253366	a	1	-	253365	253366	255,0,0	1000 0.00 0 1 0 0 0 0 0
chrI	253366	253367	a	1	-	253366	253367	255,0,0	1000 0.00 0 1 0 0 0 0 0
chrI	253367	253368	a	1	-	253367	253368	255,0,0	1000 0.00 0 1 0 0 0 0 0
chrI	253368	253369	a	1	-	253368	253369	255,0,0	1000 0.00 0 1 0 0 0 0 0
chrI	253369	253370	a	1	-	253369	253370	255,0,0	1000 0.00 0 1 0 0 0 0 0
chrI	253370	253371	a	1	-	253370	253371	255,0,0	1000 0.00 0 1 0 0 0 0 0
chrI	253371	253372	a	1	-	253371	253372	255,0,0	1000 0.00 0 1 0 0 0 0 0
chrI	253372	253373	a	1	-	253372	253373	255,0,0	1000 0.00 0 1 0 0 0 0 0
chrI	253373	253374	a	1	-	253373	253374	255,0,0	1000 0.00 0 1 0 0 0 0 0
chrI	253374	253375	a	1	-	253374	253375	255,0,0	1000 0.00 0 1 0 0 0 0 0
chrI	253375	253376	a	1	-	253375	253376	255,0,0	1000 0.00 0 1 0 0 0 0 0
chrI	253376	253377	a	1	-	253376	253377	255,0,0	1000 0.00 0 1 0 0 0 0 0
chrI	253377	253378	a	1	-	253377	253378	255,0,0	1000 0.00 0 1 0 0 0 0 0
chrI	253378	253379	a	1	-	253378	253379	255,0,0	1000 0.00 0 1 0 0 0 0 0
chrI	253379	253380	a	1	-	253379	253380	255,0,0	1000 0.00 0 1 0 0 0 0 0
chrI	253380	253381	a	1	-	253380	253381	255,0,0	1000 0.00 0 1 0 0 0 0 0
chrI	253381	253382	a	1	-	253381	253382	255,0,0	1000 0.00 0 1 0 0 0 0 0
chrI	253382	253383	a	1	-	253382	253383	255,0,0	1000 0.00 0 1 0 0 0 0 0
chrI	253383	253384	a	1	-	253383	253384	255,0,0	1000 0.00 0 1 0 0 0 0 0
chrI	253384	253385	a	1	-	253384	253385	255,0,0	1000 0.00 0 1 0 0 0 0 0
chrI	253385	253386	a	1	-	253385	253386	255,0,0	1000 0.00 0 1 0 0 0 0 0
chrI	253386	253387	a	1	-	253386	253387	255,0,0	1000 0.00 0 1 0 0 0 0 0
chrI	253387	253388	a	1	-	253387	253388	255,0,0	1000 0.00 0 1 0 0 0 0 0
chrI	253388	253389	a	1	-	253388	253389	255,0,0	1000 0.00 0 1 0 0 0 0 0
chrI	253389	253390	a	1	-	253389	253390	255,0,0	1000 0.00 0 1 0 0 0 0 0
chrI	253390	253391	a	1	-	253390	253391	255,0,0	1000 0.00 0 1 0 0 0 0 0
chrI	253391	253392	a	1	-	253391	253392	255,0,0	1000 0.00 0 1 0 0 0 0 0
chrI	253392	253393	a	1	-	253392	253393	255,0,0	1000 0.00 0 1 0 0 0 0 0
chrI	253393	253394	a	1	-	253393	253394	255,0,0	1000 0.00 0 1 0 0 0 0 0
chrI	253394	253395	a	1	-	253394	253395	255,0,0	1000 0.00 0 1 0 0 0 0 0
chrI	253395	253396	a	1	-	253395	253396	255,0,0	1000 0.00 0 1 0 0 0 0 0
chrI	253396	253397	a	1	-	253396	253397	255,0,0	1000 0.00 0 1 0 0 0 0 0
chrI	253397	253398	a	1	-	253397	253398	255,0,0	1000 0.00 0 1 0 0 0 0 0
chrI	253398	253399	a	1	-	253398	253399	255,0,0	1000 0.00 0 1 0 0 0 0 0
chrI	253399	253400	a	1	-	253399	253400	255,0,0	1000 0.00 0 1 0 0 0 0 0
chrI	253400	253401	a	1	-	253400	253401	255,0,0	1000 0.00 0 1 0 0 0 0 0
chrI	253401	253402	a	1	-	253401	253402	255,0,0	1000 0.00 0 1 0 0 0 0 0
chrI	253402	253403	a	1	-	253402	253403	255,0,0	1000 0.00 0 1 0 0 0 0 0
chrI	253403	253404	a	1	-	253403	253404	255,0,0	1000 0.00 0 1 0 0 0 0 0
chrI	253404	253405	a	1	-	253404	253405	255,0,0	1000 0.00 0 1 0 0 0 0 0
chrI	253405	253406	a	1	-	253405	253406	255,0,0	1000 0.00 0 1 0 0 0 0 0
chrI	253406	253407	a	1	-	253406	253407	255,0,0	1000 0.00 0 1 0 0 0 0 0
chrI	253407	253408	a	1	-	253407	253408	255,0,0	1000 0.00 0 1 0 0 0 0 0
chrI	253408	253409	a	1	-	253408	253409	255,0,0	1000 0.00 0 1 0 0 0 0 0
chrI	253409	253410	a	1	-	253409	253410	255,0,0	1000 0.00 0 1 0 0 0 0 0
chrI	253410	253411	a	1	-	253410	253411	255,0,0	1000 0.00 0 1 0 0 0 0 0
chrI	253411	253412	a	1	-	253411	253412	255,0,0	1000 0.00 0 1 0 0 0 0 0
chrI	253412	253413	a	1	-	253412	253413	255,0,0	1000 0.00 0 1 0 0 0 0 0
chrI	253413	253414	a	1	-	253413	253414	255,0,0	1000 0.00 0 1 0 0 0 0 0
chrI	253414	253415	a	1	-	253414	253415	255,0,0	1000 0.00 0 1 0 0 0 0 0
chrI	253415	253416	a	1	-	253415	253416	255,0,0	1000 0.00 0 1 0 0 0 0 0
chrI	253416	253417	a	1	-	253416	253417	255,0,0	1000 0.00 0 1 0 0 0 0 0
chrI	253417	253418	a	1	-	253417	253418	255,0,0	1000 0.00 0 1 0 0 0 0 0
chrI	253418	253419	a	1	-	253418	253419	255,0,0	1000 0.00 0 1 0 0 0 0 0
chrI	253419	253420	a	1	-	253419	253420	255,0,0	1000 0.00 0 1 0 0 0 0 0
chrI	253420	253421	a	1	-	253420	253421	255,0,0	1000 0.00 0 1 0 0 0 0 0
chrI	253421	253422	a	1	-	253421	253422	255,0,0	1000 0.00 0 1 0 0 0 0 0
chrI	253422	253423	a	1	-	253422	253423	255,0,0	1000 0.00 0 1 0 0 0 0 0
chrI	253423	253424	a	1	-	253423	253424	255,0,0	1000 0.00 0 1 0 0 0 0 0
chrI	253424	253425	a	1	-	253424	253425	255,0,0	1000 0.00 0 1 0 0 0 0 0
chrI	253425	253426	a	1	-	253425	253426	255,0,0	1000 0.00 0 1 0 0 0 0 0
chrI	253426	253427	a	1	-	253426	253427	255,0,0	1000 0.00 0 1 0 0 0 0 0
chrI	253427	253428	a	1	-	253427	253428	255,0,0	1000 0.00 0 1 0 0 0 0 0
chrI	253428	253429	a	1	-	253428	253429	255,0,0	1000 0.00 0 1 0 0 0 0 0
chrI	253429	253430	a	1	-	253429	253430	255,0,0	1000 0.00 0 1 0 0 0 0 0
chrI	253430	253431	a	1	-	253430	253431	255,0,0	1000 0.00 0 1 0 0 0 0 0
chrI	253431	253432	a	1	-	253431	253432	255,0,0	1000 0.00 0 1 0 0 0 0 0
chrI	253432	253433	a	1	-	253432	253433	255,0,0	1000 0.00 0 1 0 0 0 0 0
chrI	253433	253434	a	1	-	253433	253434	255,0,0	1000 0.00 0 1 0 0 0 0 0
chrI	253434	253435	a	1	-	253434	253435	255,0,0	1000 0.00 0 1 0 0 0 0 0
chrI	253435	253436	a	1	-	253435	253436	255,0,0	1000 0.00 0 1 0 0 0 0 0
chrI	253436	253437	a	1	-	253436	253437	255,0,0	1000 0.00 0 1 0 0 0 0 0
chrI	253437	253438	a	1	-	253437	253438	255,0,0	1000 0.00 0 1 0 0 0 0 0
chrI	253438	253439	a	1	-	253438	253439	255,0,0	1000 0.00 0 1 0 0 0 0 0
chrI	253439	253440	a	1	-	253439	253440	255,0,0	1000 0.00 0 1 0 0 0 0 0
chrI	253440	253441	a	1	-	253440	253441	255,0,0	1000 0.00 0 1 0 0 0 0 0
chrI	253441	253442	a	1	-	253441	253442	255,0,0	1000 0.00 0 1 0 0 0 0 0
chrI	253442	253443	a	1	-	253442	253443	255,0,0	1000 0.00 0 1 0 0 0 0 0
chrI	253443	253444	a	1	-	253443	253444	255,0,0	1000 0.00 0 1 0 0 0 0 0
chrI	253444	253445	a	1	-	253444	253445	255,0,0	1000 0.00 0 1 0 0 0 0 0
chrI	253445	253446	a	1	-	253445	253446	255,0,0	1000 0.00 0 1 0 0 0 0 0
chrI	253446	253447	a	1	-	253446	253447	255,0,0	1000 0.00 0 1 0 0 0 0 0
chrI	253447	253448	a	1	-	253447	253448	255,0,0	1000 0.00 0 1 0 0 0 0 0
chrI	253448	253449	a	1	-	253448	253449	255,0,0	1000 0.00 0 1 0 0 0 0 0
chrI	253449	253450	a	1	-	253449	253450	255,0,0	1000 0.00 0 1 0 0 0 0 0
chrI	253450	253451	a	1	-	253450	253451	255,0,0	1000 0.00 0 1 0 0 0 0 0
chrI	253451	253452	a	1	-	253451	253452	255,0,0	1000 0.00 0 1 0 0 0 0 0
chrI	253452	253453	a	1	-	253452	253453	255,0,0	1000 0.00 0 1 0 0 0 0 0
chrI	253453	253454	a	1	-	253453	253454	255,0,0	1000 0.00 0 1 0 0 0 0 0
chrI	253454	253455	a	1	-	253454	253455	255,0,0	1000 0.00 0 1 0 0 0 0 0
chrI	253455	253456	a	1	-	253455	253456	255,0,0	1000 0.00 0 1 0 0 0 0 0
chrI	253456	253457	a	1	-	253456	253457	255,0,0	1000 0.00 0 1 0 0 0 0 0
chrI	253457	253458	a	1	-	253457	253458	255,0,0	1000 0.00 0 1 0 0 0 0 0
chrI	253458	253459	a	1	-	253458	253459	255,0,0	1000 0.00 0 1 0 0 0 0 0
chrI	253459	253460	a	1	-	253459	253460	255,0,0	1000 0.00 0 1 0 0 0 0 0
chrI	253460	253461	a	1	-	253460	253461	255,0,0	1000 0.00 0 1 0 0 0 0 0
chrI	253461	253462	a	1	-	253461	253462	255,0,0	1000 0.00 0 1 0 0 0 0 0
chrI	253462	253463	a	1	-	253462	253463	255,0,0	1000 0.00 0 1 0 0 0 0 0
chrI	253463	253464	a	1	-	253463	253464	255,0,0	1000 0.00 0 1 0 0 0 0 0
chrI	253464	253465	a	1	-	253464	253465	255,0,0	1000 0.00 0 1 0 0 0 0 0
chrI	253465	253466	a	1	-	253465	253466	255,0,0	1000 0.00 0 1 0 0 0 0 0
chrI	253466	253467	a	1	-	253466	253467	255,0,0	1000 0.00 0 1 0 0 0 0 0
chrI	253467	253468	a	1	-	253467	253468	255,0,0	1000 0.00 0 1 0 0 0 0 0
chrI	253468	253469	a	1	-	253468	253469	255,0,0	1000 0.00 0 1 0 0 0 0 0
chrI	253469	253470	a	1	-	253469	253470	255,0,0	1000 0.00 0 1 0 0 0 0 0
chrI	253470	253471	a	1	-	253470	253471	255,0,0	1000 0.00 0 1 0 0 0 0 0
chrI	253471	253472	a	1	-	253471	253472	255,0,0	1000 0.00 0 1 0 0 0 0 0
chrI	253472	253473	a	1	-	253472	253473	255,0,0	1000 0.00 0 1 0 0 0 0 0
chrI	253473	253474	a	1	-	253473	253474	255,0,0	1000 0.00 0 1 0 0 0 0 0
chrI	253474	253475	a	1	-	253474	253475	255,0,0	1000 0.00 0 1 0 0 0 0 0
chrI	253475	253476	a	1	-	253475	253476	255,0,0	1000 0.00 0 1 0 0 0 0 0
chrI	253476	253477	a	1	-	253476	253477	255,0,0	1000 0.00 0 1 0 0 0 0 0
chrI	253477	253478	a	1	-	253477	253478	255,0,0	1000 0.00 0 1 0 0 0 0 0
chrI	253478	253479	a	1	-	253478	253479	255,0,0	1000 0.00 0 1 0 0 0 0 0
chrI	253479	253480	a	1	-	253479	253480	255,0,0	1000 0.00 0 1 0 0 0 0 0
chrI	253480	253481	a	1	-	253480	253481	255,0,0	1000 0.00 0 1 0 0 0 0 0
chrI	253481	253482	a	1	-	253481	253482	255,0,0	1000 0.00 0 1 0 0 0 0 0
chrI	253482	253483	a	1	-	253482	253483	255,0,0	1000 0.00 0 1 0 0 0 0 0
chrI	253483	253484	a	1	-	253483	253484	255,0,0	1000 0.00 0 1 0 0 0 0 0
chrI	253484	253485	a	1	-	253484	253485	255,0,0	1000 0.00 0 1 0 0 0 0 0
chrI	253485	253486	a	1	-	253485	253486	255,0,0	1000 0.00 0 1 0 0 0 0 0
chrI	253486	253487	a	1	-	253486	253487	255,0,0	1000 0.00 0 1 0 0 0 0 0
chrI	253487	253488	a	1	-	253487	253488	255,0,0	1000 0.00 0 1 0 0 0 0 0
chrI	253488	253489	a	1	-	253488	253489	255,0,0	1000 0.00 0 1 0 0 0 0 0
chrI	253489	253490	a	1	-	253489	253490	255,0,0	1000 0.00 0 1 0 0 0 0 0
chrI	253490	253491	a	1	-	253490	253491	255,0,0	1000 0.00 0 1 0 0 0 0 0
chrI	253491	253492	a	1	-	253491	253492	255,0,0	1000 0.00 0 1 0 0 0 0 0
chrI	253492	253493	a	1	-	253492	253493	255,0,0	1000 0.00 0 1 0 0 0 0 0
chrI	253493	253494	a	1	-	253493	253494	255,0,0	1000 0.00 0 1 0 0 0 0 0
chrI	253494	253495	a	1	-	253494	253495	255,0,0	1000 0.00 0 1 0 0 0 0 0
chrI	253495	253496	a	1	-	253495	253496	255,0,0	1000 0.00 0 1 0 0 0 0 0
chrI	253496	253497	a	1	-	253496	253497	255,0,0	1000 0.00 0 1 0 0 0 0 0
chrI	253497	253498	a	1	-	253497	253498	255,0,0	1000 0.00 0 1 0 0 0 0 0
chrI	253498	253499	a	1	-	253498	253499	255,0,0	1000 0.00 0 1 0 0 0 0 0
chrI	253499	253500	a	1	-	253499	253500	255,0,0	1000 0.00 0 1 0 0 0 0 0
chrI	253500	253501	a	1	-	253500	253501	255,0,0	1000 0.00 0 1 0 0 0 0 0
chrI	253501	253502	a	1	-	253501	253502	255,0,0	1000 0.00 0 1 0 0 0 0 0
chrI	253502	253503	a	1	-	253502	253503	255,0,0	1000 0.00 0 1 0 0 0 0 0
chrI	253503	253504	a	1	-	253503	253504	255,0,0	1000 0.00 0 1 0 0 0 0 0
chrI	253504	253505	a	1	-	253504	253505	255,0,0	1000 0.00 0 1 0 0 0 0 0
chrI	253505	253506	a	1	-	253505	253506	255,0,0	1000 0.00 0 1 0 0 0 0 0
chrI	253506	253507	a	1	-	253506	253507	255,0,0	1000 0.00 0 1 0 0 0 0 0
chrI	253507	253508	a	1	-	253507	253508	255,0,0	1000 0.00 0 1 0 0 0 0 0
chrI	253508	253509	a	1	-	253508	253509	255,0,0	1000 0.00 0 1 0 0 0 0 0
chrI	253509	253510	a	1	-	253509	253510	255,0,0	1000 0.00 0 1 0 0 0 0 0
chrI	253510	253511	a	1	-	253510	253511	255,0,0	1000 0.00 0 1 0 0 0 0 0
chrI	253511	253512	a	1	-	253511	253512	255,0,0	1000 0.00 0 1 0 0 0 0 0
chrI	253512	253513	a	1	-	253512	253513	255,0,0	1000 0.00 0 1 0 0 0 0 0
chrI	253513	253514	a	1	-	253513	253514	255,0,0	1000 0.00 0 1 0 0 0 0 0
chrI	253514	253515	a	1	-	253514	253515	255,0,0	1000 0.00 0 1 0 0 0 0 0
chrI	253515	253516	a	1	-	253515	253516	255,0,0	1000 0.00 0 1 0 0 0 0 0
chrI	253516	253517	a	1	-	253516	253517	255,0,0	1000 0.00 0 1 0 0 0 0 0
chrI	253517	253518	a	1	-	253517	253518	255,0,0	1000 0.00 0 1 0 0 0 0 0
chrI	253518	253519	a	1	-	253518	253519	255,0,0	1000 0.00 0 1 0 0 0 0 0
chrI	253519	253520	a	1	-	253519	253520	255,0,0	1000 0.00 0 1 0 0 0 0 0
chrI	253520	253521	a	1	-	253520	253521	255,0,0	1000 0.00 0 1 0 0 0 0 0
chrI	253521	253522	a	1	-	253521	253522	255,0,0	1000 0.00 0 1 0 0 0 0 0
chrI	253522	253523	a	1	-	253522	253523	255,0,0	1000 0.00 0 1 0 0 0 0 0
chrI	253523	253524	a	1	-	253523	253524	255,0,0	1000 0.00 0 1 0 0 0 0 0
chrI	253524	253525	a	1	-	253524	253525	255,0,0	1000 0.00 0 1 0 0 0 0 0
chrI	253525	253526	a	1	-	253525	253526	255,0,0	1000 0.00 0 1 0 0 0 0 0
chrI	253526	253527	a	1	-	253526	253527	255,0,0	1000 0.00 0 1 0 0 0 0 0
chrI	253527	253528	a	1	-	253527	253528	255,0,0	1000 0.00 0 1 0 0 0 0 0
chrI	253528	253529	a	1	-	253528	253529	255,0,0	1000 0.00 0 1 0 0 0 0 0
chrI	253529	253530	a	1	-	253529	253530	255,0,0	1000 0.00 0 1 0 0 0 0 0
chrI	253530	253531	a	1	-	253530	253531	255,0,0	1000 0.00 0 1 0 0 0 0 0
chrI	253531	253532	a	1	-	253531	253532	255,0,0	1000 0.00 0 1 0 0 0 0 0
chrI	253532	253533	a	1	-	253532	253533	255,0,0	1000 0.00 0 1 0 0 0 0 0
chrI	253533	253534	a	1	-	253533	253534	255,0,0	1000 0.00 0 1 0 0 0 0 0
chrI	253534	253535	a	1	-	253534	253535	255,0,0	1000 0.00 0 1 0 0 0 0 0
chrI	253535	253536	a	1	-	253535	253536	255,0,0	1000 0.00 0 1 0 0 0 0 0
chrI	253536	253537	a	1	-	253536	253537	255,0,0	1000 0.00 0 1 0 0 0 0 0
chrI	253537	253538	a	1	-	253537	253538	255,0,0	1000 0.00 0 1 0 0 0 0 0
chrI	253538	253539	a	1	-	253538	253539	255,0,0	1000 0.00 0 1 0 0 0 0 0
chrI	253539	253540	a	1	-	253539	253540	255,0,0	1000 0.00 0 1 0 0 0 0 0
chrI	253540	253541	a	1	-	253540	253541	255,0,0	1000 0.00 0 1 0 0 0 0 0
chrI	253541	253542	a	1	-	253541	253542	255,0,0	1000 0.00 0 1 0 0 0 0 0
chrI	253542	253543	a	1	-	253542	253543	255,0,0	1000 0.00 0 1 0 0 0 0 0
chrI	253543	253544	a	1	-	253543	253544	255,0,0	1000 0.00 0 1 0 0 0 0 0
chrI	253544	253545	a	1	-	253544	253545	255,0,0	1000 0.00 0 1 0 0 0 0 0
chrI	253545	253546	a	1	-	253545	253546	255,0,0	1000 0.00 0 1 0 0 0 0 0
chrI	253546	253547	a	1	-	253546	253547	255,0,0	1000 0.00 0 1 0 0 0 0 0
chrI	253547	253548	a	1	-	253547	253548	255,0,0	1000 0.00 0 1 0 0 0 0 0
chrI	253548	253549	a	1	-	253548	253549	255,0,0	1000 0.00 0 1 0 0 0 0 0
chrI	253549	253550	a	1	-	253549	253550	255,0,0	1000 0.00 0 1 0 0 0 0 0
chrI	253550	253551	a	1	-	253550	253551	255,0,0	1000 0.00 0 1 0 0 0 0 0
chrI	253551	253552	a	1	-	253551	253552	255,0,0	1000 0.00 0 1 0 0 0 0 0
chrI	253552	253553	a	1	-	253552	253553	255,0,0	1000 0.00 0 1 0 0 0 0 0
chrI	253553	253554	a	1	-	253553	253554	255,0,0	1000 0.00 0 1 0 0 0 0 0
chrI	253554	253555	a	1	-	253554	253555	255,0,0	1000 0.00 0 1 0 0 0 0 0
chrI	253555	253556	a	1	-	253555	253556	255,0,0	1000 0.00 0 1 0 0 0 0 0
chrI	253556	253557	a	1	-	253556	253557	255,0,0	1000 0.00 0 1 0 0 0 0 0
chrI	253557	253558	a	1	-	253557	253558	255,0,0	1000 0.00 0 1 0 0 0 0 0
chrI	253558	253559	a	1	-	253558	253559	255,0,0	1000 0.00 0 1 0 0 0 0 0
chrI	253559	253560	a	1	-	253559	253560	255,0,0	1000 0.00 0 1 0 0 0 0 0
chrI	253560	253561	a	1	-	253560	253561	255,0,0	1000 0.00 0 1 0 0 0 0 0
chrI	253561	253562	a	1	-	253561	253562	255,0,0	1000 0.00 0 1 0 0 0 0 0
chrI	253562	253563	a	1	-	253562	253563	255,0,0	1000 0.00 0 1 0 0 0 0 0
chrI	253563	253564	a	1	-	253563	253564	255,0,0	1000 0.00 0 1 0 0 0 0 0
chrI	253564	253565	a	1	-	253564	253565	255,0,0	1000 0.00 0 1 0 0 0 0 0
chrI	253565	253566	a	1	-	253565	253566	255,0,0	1000 0.00 0 1 0 0 0 0 0
chrI	253566	253567	a	1	-	253566	253567	255,0,0	1000 0.00 0 1 0 0 0 0 0
chrI	253567	253568	a	1	-	253567	253568	255,0,0	1000 0.00 0 1 0 0 0 0 0
chrI	253568	253569	a	1	-	253568	253569	255,0,0	1000 0.00 0 1 0 0 0 0 0
chrI	253569	253570	a	1	-	253569	253570	255,0,0	1000 0.00 0 1 0 0 0 0 0
chrI	253570	253571	a	1	-	253570	253571	255,0,0	1000 0.00 0 1 0 0 0 0 0
chrI	253571	253572	a	1	-	253571	253572	255,0,0	1000 0.00 0 1 0 0 0 0 0
chrI	253572	253573	a	1	-	253572	253573	255,0,0	1000 0.00 0 1 0 0 0 0 0
chrI	253573	253574	a	1	-	253573	253574	255,0,0	1000 0.00 0 1 0 0 0 0 0
chrI	253574	253575	a	1	-	253574	253575	255,0,0	1000 0.00 0 1 0 0 0 0 0
chrI	253575	253576	a	1	-	253575	253576	255,0,0	1000 0.00 0 1 0 0 0 0 0
chrI	253576	253577	a	1	-	253576	253577	255,0,0	1000 0.00 0 1 0 0 0 0 0
chrI	253577	253578	a	1	-	253577	253578	255,0,0	1000 0.00 0 1 0 0 0 0 0
chrI	253578	253579	a	1	-	253578	253579	255,0,0	1000 0.00 0 1 0 0 0 0 0
chrI	253579	253580	a	1	-	253579	253580	255,0,0	1000 0.00 0 1 0 0 0 0 0
chrI	253580	253581	a	1	-	253580	253581	255,0,0	1000 0.00 0 1 0 0 0 0 0
chrI	253581	253582	a	1	-	253581	253582	255,0,0	1000 0.00 0 1 0 0 0 0 0
chrI	253582	253583	a	1	-	253582	253583	255,0,0	1000 0.00 0 1 0 0 0 0 0
chrI	253583	253584	a	1	-	253583	253584	255,0,0	1000 0.00 0 1 0 0 0 0 0
chrI	253584	253585	a	1	-	253584	253585	255,0,0	1000 0.00 0 1 0 0 0 0 0
chrI	253585	253586	a	1	-	253585	253586	255,0,0	1000 0.00 0 1 0 0 0 0 0
chrI	253586	253587	a	1	-	253586	253587	255,0,0	1000 0.00 0 1 0 0 0 0 0
chrI	253587	253588	a	1	-	253587	253588	255,0,0	1000 0.00 0 1 0 0 0 0 0
chrI	253588	253589	a	1	-	253588	253589	255,0,0	1000 0.00 0 1 0 0 0 0 0
chrI	253589	253590	a	1	-	253589	253590	255,0,0	1000 0.00 0 1 0 0 0 0 0
chrI	253590	253591	a	1	-	253590	253591	255,0,0	1000 0.00 0 1 0 0 0 0 0
chrI	253591	253592	a	1	-	253591	253592	255,0,0	1000 0.00 0 1 0 0 0 0 0
chrI	253592	253593	a	1	-	253592	253593	255,0,0	1000 0.00 0 1 0 0 0 0 0
chrI	253593	253594	a	1	-	253593	253594	255,0,0	1000 0.00 0 1 0 0 0 0 0
chrI	253594	253595	a	1	-	253594	253595	255,0,0	1000 0.00 0 1 0 0 0 0 0
chrI	253595	253596	a	1	-	253595	253596	255,0,0	1000 0.00 0 1 0 0 0 0 0
chrI	253596	253597	a	1	-	253596	253597	255,0,0	1000 0.00 0 1 0 0 0 0 0
chrI	253597	253598	a	1	-	253597	253598	255,0,0	1000 0.00 0 1 0 0 0 0 0
chrI	253598	253599	a	1	-	253598	253599	255,0,0	1000 0.00 0 1 0 0 0 0 0
chrI	253599	253600	a	1	-	253599	253600	255,0,0	1000 0.00 0 1 0 0 0 0 0
chrI	253600	253601	a	1	-	253600	253601	255,0,0	1000 0.00 0 1 0 0 0 0 0
chrI	253601	253602	a	1	-	253601	253602	255,0,0	1000 0.00 0 1 0 0 0 0 0
chrI	253602	253603	a	1	-	253602	253603	255,0,0	1000 0.00 0 1 0 0 0 0 0
chrI	253603	253604	a	1	-	253603	253604	255,0,0	1000 0.00 0 1 0 0 0 0 0
chrI	253604	253605	a	1	-	253604	253605	255,0,0	1000 0.00 0 1 0 0 0 0 0
chrI	253605	253606	a	1	-	253605	253606	255,0,0	1000 0.00 0 1 0 0 0 0 0
chrI	253606	253607	a	1	-	253606	253607	255,0,0	1000 0.00 0 1 0 0 0 0 0
chrI	253607	253608	a	1	-	253607	253608	255,0,0	1000 0.00 0 1 0 0 0 0 0
chrI	253608	253609	a	1	-	253608	253609	255,0,0	1000 0.00 0 1 0 0 0 0 0
chrI	253609	253610	a	1	-	253609	253610	255,0,0	1000 0.00 0 1 0 0 0 0 0
chrI	253610	253611	a	1	-	253610	253611	255,0,0	1000 0.00 0 1 0 0 0 0 0
chrI	253611	253612	a	1	-	253611	253612	255,0,0	1000 0.00 0 1 0 0 0 0 0
chrI	253612	253613	a	1	-	253612	253613	255,0,0	1000 0.00 0 1 0 0 0 0 0
chrI	253613	253614	a	1	-	253613	253614	255,0,0	1000 0.00 0 1 0 0 0 0 0
chrI	253614	253615	a	1	-	253614	253615	255,0,0	1000 0.00 0 1 0 0 0 0 0
chrI	253615	253616	a	1	-	253615	253616	255,0,0	1000 0.00 0 1 0 0 0 0 0
chrI	253616	253617	a	1	-	253616	253617	255,0,0	1000 0.00 0 1 0 0 0 0 0
chrI	253617	253618	a	1	-	253617	253618	255,0,0	1000 0.00 0 1 0 0 0 0 0
chrI	253618	253619	a	1	-	253618	253619	255,0,0	1000 0.00 0 1 0 0 0 0 0
chrI	253619	253620	a	1	-	253619	253620	255,0,0	1000 0.00 0 1 0 0 0 0 0
chrI	253620	253621	a	1	-	253620	253621	255,0,0	1000 0.00 0 1 0 0 0 0 0
chrI	253621	253622	a	1	-	253621	253622	255,0,0	1000 0.00 0 1 0 0 0 0 0
chrI	253622	253623	a	1	-	253622	253623	255,0,0	1000 0.00 0 1 0 0 0 0 0
chrI	253623	253624	a	1	-	253623	253624	255,0,0	1000 0.00 0 1 0 0 0 0 0
chrI	253624	253625	a	1	-	253624	253625	255,0,0	1000 0.00 0 1 0 0 0 0 0
chrI	253625	253626	a	1	-	253625	253626	255,0,0	1000 0.00 0 1 0 0 0 0 0
chrI	253626	253627	a	1	-	253626	253627	255,0,0	1000 0.00 0 1 0 0 0 0 0
chrI	253627	253628	a	1	-	253627	253628	255,0,0	1000 0.00 0 1 0 0 0 0 0
chrI	253628	253629	a	1	-	253628	253629	255,0,0	1000 0.00 0 1 0 0 0 0 0
chrI	253629	253630	a	1	-	253629	253630	255,0,0	1000 0.00 0 1 0 0 0 0 0
chrI	253630	253631	a	1	-	253630	253631	255,0,0	1000 0.00 0 1 0 0 0 0 0
chrI	253631	253632	a	1	-	253631	253632	255,0,0	1000 0.00 0 1 0 0 0 0 0
chrI	253632	253633	a	1	-	253632	253633	255,0,0	1000 0.00 0 1 0 0 0 0 0
chrI	253633	253634	a	1	-	253633	253634	255,0,0	1000 0.00 0 1 0 0 0 0 0
chrI	253634	253635	a	1	-	253634	253635	255,0,0	1000 0.00 0 1 0 0 0 0 0
chrI	253635	253636	a	1	-	253635	253636	255,0,0	1000 0.00 0 1 0 0 0 0 0
chrI	253636	253637	a	1	-	253636	253637	255,0,0	1000 0.00 0 1 0 0 0 0 0
chrI	253637	253638	a	1	-	253637	253638	255,0,0	1000 0.00 0 1 0 0 0 0 0
chrI	253638	253639	a	1	-	253638	253639	255,0,0	1000 0.00 0 1 0 0 0 0 0
chrI	253639	253640	a	1	-	253639	253640	255,0,0	1000 0.00 0 1 0 0 0 0 0
chrI	253640	253641	a	1	-	253640	253641	255,0,0	1000 0.00 0 1 0 0 0 0 0
chrI	253641	253642	a	1	-	253641	253642	255,0,0	1000 0.00 0 1 0 0 0 0 0
chrI	253642	253643	a	1	-	253642	253643	255,0,0	1000 0.00 0 1 0 0 0 0 0
chrI	253643	253644	a	1	-	253643	253644	255,0,0	1000 0.00 0 1 0 0 0 0 0
chrI	253644	253645	a	1	-	253644	253645	255,0,0	1000 0.00 0 1 0 0 0 0 0
chrI	253645	253646	a	1	-	253645	253646	255,0,0	1000 0.00 0 1 0 0 0 0 0
chrI	253646	253647	a	1	-	253646	253647	255,0,0	1000 0.00 0 1 0 0 0 0 0
chrI	253647	253648	a	1	-	253647	253648	255,0,0	1000 0.00 0 1 0 0 0 0 0
chrI	253648	253649	a	1	-	253648	253649	255,0,0	1000 0.00 0 1 0 0 0 0 0
chrI	253649	253650	a	1	-	253649	253650	255,0,0	1000 0.00 0 1 0 0 0 0 0
chrI	253650	253651	a	1	-	253650	253651	255,0,0	1000 0.00 0 1 0 0 0 0 0
chrI	253651	253652	a	1	-	253651	253652	255,0,0	1000 0.00 0 1 0 0 0 0 0
chrI	253652	253653	a	1	-	253652	253653	255,0,0	1000 0.00 0 1 0 0 0 0 0
chrI	253653	253654	a	1	-	253653	253654	255,0,0	1000 0.00 0 1 0 0 0 0 0
chrI	253654	253655	a	1	-	253654	253655	255,0,0	1000 0.00 0 1 0 0 0 0 0
chrI	253655	253656	a	1	-	253655	253656	255,0,0	1000 0.00 0 1 0 0 0 0 0
chrI	253656	253657	a	1	-	253656	253657	255,0,0	1000 0.00 0 1 0 0 0 0 0
chrI	253657	253658	a	1	-	253657	253658	255,0,0	1000 0.00 0 1 0 0 0 0 0
chrI	253658	253659	a	1	-	253658	253659	255,0,0	1000 0.00 0 1 0 0 0 0 0
chrI	253659	253660	a	1	-	253659	253660	255,0,0	1000 0.00 0 1 0 0 0 0 0
chrI	253660	253661	a	1	-	253660	253661	255,0,0	1000 0.00 0 1 0 0 0 0 0
chrI	253661	253662	a	1	-	253661	253662	255,0,0	1000 0.00 0 1 0 0 0 0 0
chrI	253662	253663	a	1	-	253662	253663	255,0,0	1000 0.00 0 1 0 0 0 0 0
chrI	253663	253664	a	1	-	253663	253664	255,0,0	1000 0.00 0 1 0 0 0 0 0
chrI	253664	253665	a	1	-	253664	253665	255,0,0	1000 0.00 0 1 0 0 0 0 0
chrI	253665	253666	a	1	-	253665	253666	255,0,0	1000 0.00 0 1 0 0 0 0 0
chrI	253666	253667	a	1	-	253666	253667	255,0,0	1000 0.00 0 1 0 0 0 0 0
chrI	253667	253668	a	1	-	253667	253668	255,0,0	1000 0.00 0 1 0 0 0 0 0
chrI	253668	253669	a	1	-	253668	253669	255,0,0	1000 0.00 0 1 0 0 0 0 0
chrI	253669	253670	a	1	-	253669	253670	255,0,0	1000 0.00 0 1 0 0 0 0 0
chrI	253670	253671	a	1	-	253670	253671	255,0,0	1000 0.00 0 1 0 0 0 0 0
chrI	253671	253672	a	1	-	253671	253672	255,0,0	1000 0.00 0 1 0 0 0 0 0
chrI	253672	253673	a	1	-	253672	253673	255,0,0	1000 0.00 0 1 0 0 0 0 0
chrI	253673	253674	a	1	-	253673	253674	255,0,0	1000 0.00 0 1 0 0 0 0 0
chrI	253674	253675	a	1	-	253674	253675	255,0,0	1000 0.00 0 1 0 0 0 0 0
chrI	253675	253676	a	1	-	253675	253676	255,0,0	1000 0.00 0 1 0 0 0 0 0
chrI	253676	253677	a	1	-	253676	253677	255,0,0	1000 0.00 0 1 0 0 0 0 0
chrI	253677	253678	a	1	-	253677	253678	255,0,0	1000 0.00 0 1 0 0 0 0 0
chrI	253678	253679	a	1	-	253678	253679	255,0,0	1000 0.00 0 1 0 0 0 0 0
chrI	253679	253680	a	1	-	253679	253680	255,0,0	1000 0.00 0 1 0 0 0 0 0
chrI	253680	253681	a	1	-	253680	253681	255,0,0	1000 0.00 0 1 0 0 0 0 0
chrI	253681	253682	a	1	-	253681	253682	255,0,0	1000 0.00 0 1 0 0 0 0 0
chrI	253682	253683	a	1	-	253682	253683	255,0,0	1000 0.00 0 1 0 0 0 0 0
chrI	253683	253684	a	1	-	253683	253684	255,0,0	1000 0.00 0 1 0 0 0 0 0
chrI	253684	253685	a	1	-	253684	253685	255,0,0	1000 0.00 0 1 0 0 0 0 0
chrI	253685	253686	a	1	-	253685	253686	255,0,0	1000 0.00 0 1 0 0 0 0 0
chrI	253686	253687	a	1	-	253686	253687	255,0,0	1000 0.00 0 1 0 0 0 0 0
chrI	253687	253688	a	1	-	253687	253688	255,0,0	1000 0.00 0 1 0 0 0 0 0
chrI	253688	253689	a	1	-	253688	253689	255,0,0	1000 0.00 0 1 0 0 0 0 0
chrI	253689	253690	a	1	-	253689	253690	255,0,0	1000 0.00 0 1 0 0 0 0 0
chrI	253690	253691	a	1	-	253690	253691	255,0,0	1000 0.00 0 1 0 0 0 0 0
chrI	253691	253692	a	1	-	253691	253692	255,0,0	1000 0.00 0 1 0 0 0 0 0
chrI	253692	253693	a	1	-	253692	253693	255,0,0	1000 0.00 0 1 0 0 0 0 0
chrI	253693	253694	a	1	-	253693	253694	255,0,0	1000 0.00 0 1 0 0 0 0 0
chrI	253694	253695	a	1	-	253694	253695	255,0,0	1000 0.00 0 1 0 0 0 0 0
chrI	253695	253696	a	1	-	253695	253696	255,0,0	1000 0.00 0 1 0 0 0 0 0
chrI	253696	253697	a	1	-	253696	253697	255,0,0	1000 0.00 0 1 0 0 0 0 0
chrI	253697	253698	a	1	-	253697	253698	255,0,0	1000 0.00 0 1 0 0 0 0 0
chrI	253698	253699	a	1	-	253698	253699	255,0,0	1000 0.00 0 1 0 0 0 0 0
chrI	253699	253700	a	1	-	253699	253700	255,0,0	1000 0.00 0 1 0 0 0 0 0
chrI	253700	253701	a	1	-	253700	253701	255,0,0	1000 0.00 0 1 0 0 0 0 0
chrI	253701	253702	a	1	-	253701	253702	255,0,0	1000 0.00 0 1 0 0 0 0 0
chrI	253702	253703	a	1	-	253702	253703	255,0,0	1000 0.00 0 1 0 0 0 0 0
chrI	253703	253704	a	1	-	253703	253704	255,0,0	1000 0.00 0 1 0 0 0 0 0
chrI	253704	253705	a	1	-	253704	253705	255,0,0	1000 0.00 0 1 0 0 0 0 0
chrI	253705	253706	a	1	-	253705	253706	255,0,0	1000 0.00 0 1 0 0 0 0 0
chrI	253706	253707	a	1	-	253706	253707	255,0,0	1000 0.00 0 1 0 0 0 0 0
chrI	253707	253708	a	1	-	253707	253708	255,0,0	1000 0.00 0 1 0 0 0 0 0
chrI	253708	253709	a	1	-	253708	253709	255,0,0	1000 0.00 0 1 0 0 0 0 0
chrI	253709	253710	a	1	-	253709	253710	255,0,0	1000 0.00 0 1 0 0 0 0 0
chrI	253710	253711	a	1	-	253710	253711	255,0,0	1000 0.00 0 1 0 0 0 0 0
chrI	253711	253712	a	1	-	253711	253712	255,0,0	1000 0.00 0 1 0 0 0 0 0
chrI	253712	253713	a	1	-	253712	253713	255,0,0	1000 0.00 0 1 0 0 0 0 0
chrI	253713	253714	a	1	-	253713	253714	255,0,0	1000 0.00 0 1 0 0 0 0 0
chrI	253714	253715	a	1	-	253714	253715	255,0,0	1000 0.00 0 1 0 0 0 0 0
chrI	253715	253716	a	1	-	253715	253716	255,0,0	1000 0.00 0 1 0 0 0 0 0
chrI	253716	253717	a	1	-	253716	253717	255,0,0	1000 0.00 0 1 0 0 0 0 0
chrI	253717	253718	a	1	-	253717	253718	255,0,0	1000 0.00 0 1 0 0 0 0 0
chrI	253718	253719	a	1	-	253718	253719	255,0,0	1000 0.00 0 1 0 0 0 0 0
chrI	253719	253720	a	1	-	253719	253720	255,0,0	1000 0.00 0 1 0 0 0 0 0
chrI	253720	253721	a	1	-	253720	253721	255,0,0	1000 0.00 0 1 0 0 0 0 0
chrI	253721	253722	a	1	-	253721	253722	255,0,0	1000 0.00 0 1 0 0 0 0 0
chrI	253722	253723	a	1	-	253722	253723	255,0,0	1000 0.00 0 1 0 0 0 0 0
chrI	253723	253724	a	1	-	253723	253724	255,0,0	1000 0.00 0 1 0 0 0 0 0
chrI	253724	253725	a	1	-	253724	253725	255,0,0	1000 0.00 0 1 0 0 0 0 0
chrI	253725	253726	a	1	-	253725	253726	255,0,0	1000 0.00 0 1 0 0 0 0 0
chrI	253726	253727	a	1	-	253726	253727	255,0,0	1000 0.00 0 1 0 0 0 0 0
chrI	253727	253728	a	1	-	253727	253728	255,0,0	1000 0.00 0 1 0 0 0 0 0
chrI	253728	253729	a	1	-	253728	253729	255,0,0	1000 0.00 0 1 0 0 0 0 0
chrI	253729	253730	a	1	-	253729	253730	255,0,0	1000 0.00 0 1 0 0 0 0 0
chrI	253730	253731	a	1	-	253730	253731	255,0,0	1000 0.00 0 1 0 0 0 0 0
chrI	253731	253732	a	1	-	253731	253732	255,0,0	1000 0.00 0 1 0 0 0 0 0
chrI	253732	253733	a	1	-	253732	253733	255,0,0	1000 0.00 0 1 0 0 0 0 0
chrI	253733	253734	a	1	-	253733	253734	255,0,0	1000 0.00 0 1 0 0 0 0 0
chrI	253734	253735	a	1	-	253734	253735	255,0,0	1000 0.00 0 1 0 0 0 0 0
chrI	253735	253736	a	1	-	253735	253736	255,0,0	1000 0.00 0 1 0 0 0 0 0
chrI	253736	253737	a	1	-	253736	253737	255,0,0	1000 0.00 0 1 0 0 0 0 0
chrI	253737	253738	a	1	-	253737	253738	255,0,0	1000 0.00 0 1 0 0 0 0 0
chrI	253738	253739	a	1	-	253738	253739	255,0,0	1000 0.00 0 1 0 0 0 0 0
chrI	253739	253740	a	1	-	253739	253740	255,0,0	1000 0.00 0 1 0 0 0 0 0
chrI	253740	253741	a	1	-	253740	253741	255,0,0	1000 0.00 0 1 0 0 0 0 0
chrI	253741	253742	a	1	-	253741	253742	255,0,0	1000 0.00 0 1 0 0 0 0 0
chrI	253742	253743	a	1	-	253742	253743	255,0,0	1000 0.00 0 1 0 0 0 0 0
chrI	253743	253744	a	1	-	253743	253744	255,0,0	1000 0.00 0 1 0 0 0 0 0
chrI	253744	253745	a	1	-	253744	253745	255,0,0	1000 0.00 0 1 0 0 0 0 0
chrI	253745	253746	a	1	-	253745	253746	255,0,0	1000 0.00 0 1 0 0 0 0 0
chrI	253746	253747	a	1	-	253746	253747	255,0,0	1000 0.00 0 1 0 0 0 0 0
chrI	253747	253748	a	1	-	253747	253748	255,0,0	1000 0.00 0 1 0 0 0 0 0
chrI	253748	253749	a	1	-	253748	253749	255,0,0	1000 0.00 0 1 0 0 0 0 0
chrI	253749	253750	a	1	-	253749	253750	255,0,0	1000 0.00 0 1 0 0 0 0 0
chrI	253750	253751	a	1	-	253750	253751	255,0,0	1000 0.00 0 1 0 0 0 0 0
chrI	253751	253752	a	1	-	253751	253752	255,0,0	1000 0.00 0 1 0 0 0 0 0
chrI	253752	253753	a	1	-	253752	253753	255,0,0	1000 0.00 0 1 0 0 0 0 0
chrI	253753	253754	a	1	-	253753	253754	255,0,0	1000 0.00 0 1 0 0 0 0 0
chrI	253754	253755	a	1	-	253754	253755	255,0,0	1000 0.00 0 1 0 0 0 0 0
chrI	253755	253756	a	1	-	253755	253756	255,0,0	1000 0.00 0 1 0 0 0 0 0
chrI	253756	253757	a	1	-	253756	253757	255,0,0	1000 0.00 0 1 0 0 0 0 0
chrI	253757	253758	a	1	-	253757	253758	255,0,0	1000 0.00 0 1 0 0 0 0 0
chrI	253758	253759	a	1	-	253758	253759	255,0,0	1000 0.00 0 1 0 0 0 0 0
chrI	253759	253760	a	1	-	253759	253760	255,0,0	1000 0.00 0 1 0 0 0 0 0
chrI	253760	253761	a	1	-	253760	253761	255,0,0	1000 0.00 0 1 0 0 0 0 0
chrI	253761	253762	a	1	-	253761	253762	255,0,0	1000 0.00 0 1 0 0 0 0 0
chrI	253762	253763	a	1	-	253762	253763	255,0,0	1000 0.00 0 1 0 0 0 0 0
chrI	253763	253764	a	1	-	253763	253764	255,0,0	1000 0.00 0 1 0 0 0 0 0
chrI	253764	253765	a	1	-	253764	253765	255,0,0	1000 0.00 0 1 0 0 0 0 0
chrI	253765	253766	a	1	-	253765	253766	255,0,0	1000 0.00 0 1 0 0 0 0 0
chrI	253766	253767	a	1	-	253766	253767	255,0,0	1000 0.00 0 1 0 0 0 0 0
chrI	253767	253768	a	1	-	253767	253768	255,0,0	1000 0.00 0 1 0 0 0 0 0
chrI	253768	253769	a	1	-	253768	253769	255,0,0	1000 0.00 0 1 0 0 0 0 0
chrI	253769	253770	a	1	-	253769	253770	255,0,0	1000 0.00 0 1 0 0 0 0 0
chrI	253770	253771	a	1	-	253770	253771	255,0,0	1000 0.00 0 1 0 0 0 0 0
chrI	253771	253772	a	1	-	253771	253772	255,0,0	1000 0.00 0 1 0 0 0 0 0
chrI	253772	253773	a	1	-	253772	253773	255,0,0	1000 0.00 0 1 0 0 0 0 0
chrI	253773	253774	a	1	-	253773	253774	255,0,0	1000 0.00 0 1 0 0 0 0 0
chrI	253774	253775	a	1	-	253774	253775	255,0,0	1000 0.00 0 1 0 0 0 0 0
chrI	253775	253776	a	1	-	253775	253776	255,0,0	1000 0.00 0 1 0 0 0 0 0
chrI	253776	253777	a	1	-	253776	253777	255,0,0	1000 0.00 0 1 0 0 0 0 0
chrI	253777	253778	a	1	-	253777	253778	255,0,0	1000 0.00 0 1 0 0 0 0 0
chrI	253778	253779	a	1	-	253778	253779	255,0,0	1000 0.00 0 1 0 0 0 0 0
chrI	253779	253780	a	1	-	253779	253780	255,0,0	1000 0.00 0 1 0 0 0 0 0
chrI	253780	253781	a	1	-	253780	253781	255,0,0	1000 0.00 0 1 0 0 0 0 0
chrI	253781	253782	a	1	-	253781	253782	255,0,0	1000 0.00 0 1 0 0 0 0 0
chrI	253782	253783	a	1	-	253782	253783	255,0,0	1000 0.00 0 1 0 0 0 0 0
chrI	253783	253784	a	1	-	253783	253784	255,0,0	1000 0.00 0 1 0 0 0 0 0
chrI	253784	253785	a	1	-	253784	253785	255,0,0	1000 0.00 0 1 0 0 0 0 0
chrI	253785	253786	a	1	-	253785	253786	255,0,0	1000 0.00 0 1 0 0 0 0 0
chrI	253786	253787	a	1	-	253786	253787	255,0,0	1000 0.00 0 1 0 0 0 0 0
chrI	253787	253788	a	1	-	253787	253788	255,0,0	1000 0.00 0 1 0 0 0 0 0
chrI	253788	253789	a	1	-	253788	253789	255,0,0	1000 0.00 0 1 0 0 0 0 0
chrI	253789	253790	a	1	-	253789	253790	255,0,0	1000 0.00 0 1 0 0 0 0 0
chrI	253790	253791	a	1	-	253790	253791	255,0,0	1000 0.00 0 1 0 0 0 0 0
chrI	253791	253792	a	1	-	253791	253792	255,0,0	1000 0.00 0 1 0 0 0 0 0
chrI	253792	253793	a	1	-	253792	253793	255,0,0	1000 0.00 0 1 0 0 0 0 0
chrI	253793	253794	a	1	-	253793	253794	255,0,0	1000 0.00 0 1 0 0 0 0 0
chrI	253794	253795	a	1	-	253794	253795	255,0,0	1000 0.00 0 1 0 0 0 0 0
chrI	253795	253796	a	1	-	253795	253796	255,0,0	1000 0.00 0 1 0 0 0 0 0
chrI	253796	253797	a	1	-	253796	253797	255,0,0	1000 0.00 0 1 0 0 0 0 0
chrI	253797	253798	a	1	-	253797	253798	255,0,0	1000 0.00 0 1 0 0 0 0 0
chrI	253798	253799	a	1	-	253798	253799	255,0,0	1000 0.00 0 1 0 0 0 0 0
chrI	253799	253800	a	1	-	253799	253800	255,0,0	1000 0.00 0 1 0 0 0 0 0
chrI	253800	253801	a	1	-	253800	253801	255,0,0	1000 0.00 0 1 0 0 0 0 0
chrI	253801	253802	a	1	-	253801	253802	255,0,0	1000 0.00 0 1 0 0 0 0 0
chrI	253802	253803	a	1	-	253802	253803	255,0,0	1000 0.00 0 1 0 0 0 0 0
chrI	253803	253804	a	1	-	253803	253804	255,0,0	1000 0.00 0 1 0 0 0 0 0
chrI	253804	253805	a	1	-	253804	253805	255,0,0	1000 0.00 0 1 0 0 0 0 0
chrI	253805	253806	a	1	-	253805	253806	255,0,0	1000 0.00 0 1 0 0 0 0 0
chrI	253806	253807	a	1	-	253806	253807	255,0,0	1000 0.00 0 1 0 0 0 0 0
chrI	253807	253808	a	1	-	253807	253808	255,0,0	1000 0.00 0 1 0 0 0 0 0
chrI	253808	253809	a	1	-	253808	253809	255,0,0	1000 0.00 0 1 0 0 0 0 0
chrI	253809	253810	a	1	-	253809	253810	255,0,0	1000 0.00 0 1 0 0 0 0 0
chrI	253810	253811	a	1	-	253810	253811	255,0,0	1000 0.00 0 1 0 0 0 0 0
chrI	253811	253812	a	1	-	253811	253812	255,0,0	1000 0.00 0 1 0 0 0 0 0
chrI	253812	253813	a	1	-	253812	253813	255,0,0	1000 0.00 0 1 0 0 0 0 0
chrI	253813	253814	a	1	-	253813	253814	255,0,0	1000 0.00 0 1 0 0 0 0 0
chrI	253814	253815	a	1	-	253814	253815	255,0,0	1000 0.00 0 1 0 0 0 0 0
chrI	253815	253816	a	1	-	253815	253816	255,0,0	1000 0.00 0 1 0 0 0 0 0
chrI	253816	253817	a	1	-	253816	253817	255,0,0	1000 0.00 0 1 0 0 0 0 0
chrI	253817	253818	a	1	-	253817	253818	255,0,0	1000 0.00 0 1 0 0 0 0 0
chrI	253818	253819	a	1	-	253818	253819	255,0,0	1000 0.00 0 1 0 0 0 0 0
chrI	253819	253820	a	1	-	253819	253820	255,0,0	1000 0.00 0 1 0 0 0 0 0
chrI	253820	253821	a	1	-	253820	253821	255,0,0	1000 0.00 0 1 0 0 0 0 0
chrI	253821	253822	a	1	-	253821	253822	255,0,0	1000 0.00 0 1 0 0 0 0 0
chrI	253822	253823	a	1	-	253822	253823	255,0,0	1000 0.00 0 1 0 0 0 0 0
chrI	253823	253824	a	1	-	253823	253824	255,0,0	1000 0.00 0 1 0 0 0 0 0
chrI	253824	253825	a	1	-	253824	253825	255,0,0	1000 0.00 0 1 0 0 0 0 0
chrI	253825	253826	a	1	-	253825	253826	255,0,0	1000 0.00 0 1 0 0 0 0 0
chrI	253826	253827	a	1	-	253826	253827	255,0,0	1000 0.00 0 1 0 0 0 0 0
chrI	253827	253828	a	1	-	253827	253828	255,0,0	1000 0.00 0 1 0 0 0 0 0
chrI	253828	253829	a	1	-	253828	253829	255,0,0	1000 0.00 0 1 0 0 0 0 0
chrI	253829	253830	a	1	-	253829	253830	255,0,0	1000 0.00 0 1 0 0 0 0 0
chrI	253830	253831	a	1	-	253830	253831	255,0,0	1000 0.00 0 1 0 0 0 0 0
chrI	253831	253832	a	1	-	253831	253832	255,0,0	1000 0.00 0 1 0 0 0 0 0
chrI	253832	253833	a	1	-	253832	253833	255,0,0	1000 0.00 0 1 0 0 0 0 0
chrI	253833	253834	a	1	-	253833	253834	255,0,0	1000 0.00 0 1 0 0 0 0 0
chrI	253834	253835	a	1	-	253834	253835	255,0,0	1000 0.00 0 1 0 0 0 0 0
chrI	253835	253836	a	1	-	253835	253836	255,0,0	1000 0.00 0 1 0 0 0 0 0
chrI	253836	253837	a	1	-	253836	253837	255,0,0	1000 0.00 0 1 0 0 0 0 0
chrI	253837	253838	a	1	-	253837	253838	255,0,0	1000 0.00 0 1 0 0 0 0 0
chrI	253838	253839	a	1	-	253838	253839	255,0,0	1000 0.00 0 1 0 0 0 0 0
chrI	253839	253840	a	1	-	253839	253840	255,0,0	1000 0.00 0 1 0 0 0 0 0
chrI	253840	253841	a	1	-	253840	253841	255,0,0	1000 0.00 0 1 0 0 0 0 0
chrI	253841	253842	a	1	-	253841	253842	255,0,0	1000 0.00 0 1 0 0 0 0 0
chrI	253842	253843	a	1	-	253842	253843	255,0,0	1000 0.00 0 1 0 0 0 0 0
chrI	253843	253844	a	1	-	253843	253844	255,0,0	1000 0.00 0 1 0 0 0 0 0
chrI	253844	253845	a	1	-	253844	253845	255,0,0	1000 0.00 0 1 0 0 0 0 0
chrI	253845	253846	a	1	-	253845	253846	255,0,0	1000 0.00 0 1 0 0 0 0 0
chrI	253846	253847	a	1	-	253846	253847	255,0,0	1000 0.00 0 1 0 0 0 0 0
chrI	253847	253848	a	1	-	253847	253848	255,0,0	1000 0.00 0 1 0 0 0 0 0
chrI	253848	253849	a	1	-	253848	253849	255,0,0	1000 0.00 0 1 0 0 0 0 0
chrI	253849	253850	a	1	-	253849	253850	255,0,0	1000 0.00 0 1 0 0 0 0 0
chrI	253850	253851	a	1	-	253850	253851	255,0,0	1000 0.00 0 1 0 0 0 0 0
chrI	253851	253852	a	1	-	253851	253852	255,0,0	1000 0.00 0 1 0 0 0 0 0
chrI	253852	253853	a	1	-	253852	253853	255,0,0	1000 0.00 0 1 0 0 0 0 0
chrI	253853	253854	a	1	-	253853	253854	255,0,0	1000 0.00 0 1 0 0 0 0 0
chrI	253854	253855	a	1	-	253854	253855	255,0,0	1000 0.00 0 1 0 0 0 0 0
chrI	253855	253856	a	1	-	253855	253856	255,0,0	1000 0.00 0 1 0 0 0 0 0
chrI	253856	253857	a	1	-	253856	253857	255,0,0	1000 0.00 0 1 0 0 0 0 0
chrI	253857	253858	a	1	-	253857	253858	255,0,0	1000 0.00 0 1 0 0 0 0 0
chrI	253858	253859	a	1	-	253858	253859	255,0,0	1000 0.00 0 1 0 0 0 0 0
chrI	253859	253860	a	1	-	253859	253860	255,0,0	1000 0.00 0 1 0 0 0 0 0
chrI	253860	253861	a	1	-	253860	253861	255,0,0	1000 0.00 0 1 0 0 0 0 0
chrI	253861	253862	a	1	-	253861	253862	255,0,0	1000 0.00 0 1 0 0 0 0 0
chrI	253862	253863	a	1	-	253862	253863	255,0,0	1000 0.00 0 1 0 0 0 0 0
chrI	253863	253864	a	1	-	253863	253864	255,0,0	1000 0.00 0 1 0 0 0 0 0
chrI	253864	253865	a	1	-	253864	253865	255,0,0	1000 0.00 0 1 0 0 0 0 0
chrI	253865	253866	a	1	-	253865	253866	255,0,0	1000 0.00 0 1 0 0 0 0 0
chrI	253866	253867	a	1	-	253866	253867	255,0,0	1000 0.00 0 1 0 0 0 0 0
chrI	253867	253868	a	1	-	253867	253868	255,0,0	1000 0.00 0 1 0 0 0 0 0
chrI	253868	253869	a	1	-	253868	253869	255,0,0	1000 0.00 0 1 0 0 0 0 0
chrI	253869	253870	a	1	-	253869	253870	255,0,0	1000 0.00 0 1 0 0 0 0 0
chrI	253870	253871	a	1	-	253870	253871	255,0,0	1000 0.00 0 1 0 0 0 0 0
chrI	253871	253872	a	1	-	253871	253872	255,0,0	1000 0.00 0 1 0 0 0 0 0
chrI	253872	253873	a	1	-	253872	253873	255,0,0	1000 0.00 0 1 0 0 0 0 0
chrI	253873	253874	a	1	-	253873	253874	255,0,0	1000 0.00 0 1 0 0 0 0 0
chrI	253874	253875	a	1	-	253874	253875	255,0,0	1000 0.00 0 1 0 0 0 0 0
chrI	253875	253876	a	1	-	253875	253876	255,0,0	1000 0.00 0 1 0 0 0 0 0
chrI	253876	253877	a	1	-	253876	253877	255,0,0	1000 0.00 0 1 0 0 0 0 0
chrI	253877	253878	a	1	-	253877	253878	255,0,0	1000 0.00 0 1 0 0 0 0 0
chrI	253878	253879	a	1	-	253878	253879	255,0,0	1000 0.00 0 1 0 0 0 0 0
chrI	253879	253880	a	1	-	253879	253880	255,0,0	1000 0.00 0 1 0 0 0 0 0
chrI	253880	253881	a	1	-	253880	253881	255,0,0	1000 0.00 0 1 0 0 0 0 0
chrI	253881	253882	a	1	-	253881	253882	255,0,0	1000 0.00 0 1 0 0 0 0 0
chrI	253882	253883	a	1	-	253882	253883	255,0,0	1000 0.00 0 1 0 0 0 0 0
chrI	253883	253884	a	1	-	253883	253884	255,0,0	1000 0.00 0 1 0 0 0 0 0
chrI	253884	253885	a	1	-	253884	253885	255,0,0	1000 0.00 0 1 0 0 0 0 0
chrI	253885	253886	a	1	-	253885	253886	255,0,0	1000 0.00 0 1 0 0 0 0 0
chrI	253886	253887	a	1	-	253886	253887	255,0,0	1000 0.00 0 1 0 0 0 0 0
chrI	253887	253888	a	1	-	253887	253888	255,0,0	1000 0.00 0 1 0 0 0 0 0
chrI	253888	253889	a	1	-	253888	253889	255,0,0	1000 0.00 0 1 0 0 0 0 0
chrI	253889	253890	a	1	-	253889	253890	255,0,0	1000 0.00 0 1 0 0 0 0 0
chrI	253890	253891	a	1	-	253890	253891	255,0,0	1000 0.00 0 1 0 0 0 0 0
chrI	253891	253892	a	1	-	253891	253892	255,0,0	1000 0.00 0 1 0 0 0 0 0
chrI	253892	253893	a	1	-	253892	253893	255,0,0	1000 0.00 0 1 0 0 0 0 0
chrI	253893	253894	a	1	-	253893	253894	255,0,0	1000 0.00 0 1 0 0 0 0 0
chrI	253894	253895	a	1	-	253894	253895	255,0,0	1000 0.00 0 1 0 0 0 0 0
chrI	253895	253896	a	1	-	253895	253896	255,0,0	1000 0.00 0 1 0 0 0 0 0
chrI	253896	253897	a	1	-	253896	253897	255,0,0	1000 0.00 0 1 0 0 0 0 0
chrI	253897	253898	a	1	-	253897	253898	255,0,0	1000 0.00 0 1 0 0 0 0 0
chrI	253898	253899	a	1	-	253898	253899	255,0,0	1000 0.00 0 1 0 0 0 0 0
chrI	253899	253900	a	1	-	253899	253900	255,0,0	1000 0.00 0 1 0 0 0 0 0
chrI	253900	253901	a	1	-	253900	253901	255,0,0	1000 0.00 0 1 0 0 0 0 0
chrI	253901	253902	a	1	-	253901	253902	255,0,0	1000 0.00 0 1 0 0 0 0 0
chrI	253902	253903	a	1	-	253902	253903	255,0,0	1000 0.00 0 1 0 0 0 0 0
chrI	253903	253904	a	1	-	253903	253904	255,0,0	1000 0.00 0 1 0 0 0 0 0
chrI	253904	253905	a	1	-	253904	253905	255,0,0	1000 0.00 0 1 0 0 0 0 0
chrI	253905	253906	a	1	-	253905	253906	255,0,0	1000 0.00 0 1 0 0 0 0 0
chrI	253906	253907	a	1	-	253906	253907	255,0,0	1000 0.00 0 1 0 0 0 0 0
chrI	253907	253908	a	1	-	253907	253908	255,0,0	1000 0.00 0 1 0 0 0 0 0
chrI	253908	253909	a	1	-	253908	253909	255,0,0	1000 0.00 0 1 0 0 0 0 0
chrI	253909	253910	a	1	-	253909	253910	255,0,0	1000 0.00 0 1 0 0 0 0 0
chrI	253910	253911	a	1	-	253910	253911	255,0,0	1000 0.00 0 1 0 0 0 0 0
chrI	253911	253912	a	1	-	253911	253912	255,0,0	1000 0.00 0 1 0 0 0 0 0
chrI	253912	253913	a	1	-	253912	253913	255,0,0	1000 0.00 0 1 0 0 0 0 0
chrI	253913	253914	a	1	-	253913	253914	255,0,0	1000 0.00 0 1 0 0 0 0 0
chrI	253914	253915	a	1	-	253914	253915	255,0,0	1000 0.00 0 1 0 0 0 0 0
chrI	253915	253916	a	1	-	253915	253916	255,0,0	1000 0.00 0 1 0 0 0 0 0
chrI	253916	253917	a	1	-	253916	253917	255,0,0	1000 0.00 0 1 0 0 0 0 0
chrI	253917	253918	a	1	-	253917	253918	255,0,0	1000 0.00 0 1 0 0 0 0 0
chrI	253918	253919	a	1	-	253918	253919	255,0,0	1000 0.00 0 1 0 0 0 0 0
chrI	253919	253920	a	1	-	253919	253920	255,0,0	1000 0.00 0 1 0 0 0 0 0
chrI	253920	253921	a	1	-	253920	253921	255,0,0	1000 0.00 0 1 0 0 0 0 0
chrI	253921	253922	a	1	-	253921	253922	255,0,0	1000 0.00 0 1 0 0 0 0 0
chrI	253922	253923	a	1	-	253922	253923	255,0,0	1000 0.00 0 1 0 0 0 0 0
chrI	253923	253924	a	1	-	253923	253924	255,0,0	1000 0.00 0 1 0 0 0 0 0
chrI	253924	253925	a	1	-	253924	253925	255,0,0	1000 0.00 0 1 0 0 0 0 0
chrI	253925	253926	a	1	-	253925	253926	255,0,0	1000 0.00 0 1 0 0 0 0 0
chrI	253926	253927	a	1	-	253926	253927	255,0,0	1000 0.00 0 1 0 0 0 0 0
chrI	253927	253928	a	1	-	253927	253928	255,0,0	1000 0.00 0 1 0 0 0 0 0
chrI	253928	253929	a	1	-	253928	253929	255,0,0	1000 0.00 0 1 0 0 0 0 0
chrI	253929	253930	a	1	-	253929	253930	255,0,0	1000 0.00 0 1 0 0 0 0 0
chrI	253930	253931	a	1	-	253930	253931	255,0,0	1000 0.00 0 1 0 0 0 0 0
chrI	253931	253932	a	1	-	253931	253932	255,0,0	1000 0.00 0 1 0 0 0 0 0
chrI	253932	253933	a	1	-	253932	253933	255,0,0	1000 0.00 0 1 0 0 0 0 0
chrI	253933	253934	a	1	-	253933	253934	255,0,0	1000 0.00 0 1 0 0 0 0 0
chrI	253934	253935	a	1	-	253934	253935	255,0,0	1000 0.00 0 1 0 0 0 0 0
chrI	253935	253936	a	1	-	253935	253936	255,0,0	1000 0.00 0 1 0 0 0 0 0
chrI	253936	253937	a	1	-	253936	253937	255,0,0	1000 0.00 0 1 0 0 0 0 0
chrI	253937	253938	a	1	-	253937	253938	255,0,0	1000 0.00 0 1 0 0 0 0 0
chrI	253938	253939	a	1	-	253938	253939	255,0,0	1000 0.00 0 1 0 0 0 0 0
chrI	253939	253940	a	1	-	253939	253940	255,0,0	1000 0.00 0 1 0 0 0 0 0
chrI	253940	253941	a	1	-	253940	253941	255,0,0	1000 0.00 0 1 0 0 0 0 0
chrI	253941	253942	a	1	-	253941	253942	255,0,0	1000 0.00 0 1 0 0 0 0 0
chrI	253942	253943	a	1	-	253942	253943	255,0,0	1000 0.00 0 1 0 0 0 0 0
chrI	253943	253944	a	1	-	253943	253944	255,0,0	1000 0.00 0 1 0 0 0 0 0
chrI	253944	253945	a	1	-	253944	253945	255,0,0	1000 0.00 0 1 0 0 0 0 0
chrI	253945	253946	a	1	-	253945	253946	255,0,0	1000 0.00 0 1 0 0 0 0 0
chrI	253946	253947	a	1	-	253946	253947	255,0,0	1000 0.00 0 1 0 0 0 0 0
chrI	253947	253948	a	1	-	253947	253948	255,0,0	1000 0.00 0 1 0 0 0 0 0
chrI	253948	253949	a	1	-	253948	253949	255,0,0	1000 0.00 0 1 0 0 0 0 0
chrI	253949	253950	a	1	-	253949	253950	255,0,0	1000 0.00 0 1 0 0 0 0 0
chrI	253950	253951	a	1	-	253950	253951	255,0,0	1000 0.00 0 1 0 0 0 0 0
chrI	253951	253952	a	1	-	253951	253952	255,0,0	1000 0.00 0 1 0 0 0 0 0
chrI	253952	253953	a	1	-	253952	253953	255,0,0	1000 0.00 0 1 0 0 0 0 0
chrI	253953	253954	a	1	-	253953	253954	255,0,0	1000 0.00 0 1 0 0 0 0 0
chrI	253954	253955	a	1	-	253954	253955	255,0,0	1000 0.00 0 1 0 0 0 0 0
chrI	253955	253956	a	1	-	253955	253956	255,0,0	1000 0.00 0 1 0 0 0 0 0
chrI	253956	253957	a	1	-	253956	253957	255,0,0	1000 0.00 0 1 0 0 0 0 0
chrI	253957	253958	a	1	-	253957	253958	255,0,0	1000 0.00 0 1 0 0 0 0 0
chrI	253958	253959	a	1	-	253958	253959	255,0,0	1000 0.00 0 1 0 0 0 0 0
chrI	253959	253960	a	1	-	253959	253960	255,0,0	1000 0.00 0 1 0 0 0 0 0
chrI	253960	253961	a	1	-	253960	253961	255,0,0	1000 0.00 0 1 0 0 0 0 0
chrI	253961	253962	a	1	-	253961	253962	255,0,0	1000 0.00 0 1 0 0 0 0 0
chrI	253962	253963	a	1	-	253962	253963	255,0,0	1000 0.00 0 1 0 0 0 0 0
chrI	253963	253964	a	1	-	253963	253964	255,0,0	1000 0.00 0 1 0 0 0 0 0
chrI	253964	253965	a	1	-	253964	253965	255,0,0	1000 0.00 0 1 0 0 0 0 0
chrI	253965	253966	a	1	-	253965	253966	255,0,0	1000 0.00 0 1 0 0 0 0 0
chrI	253966	253967	a	1	-	253966	253967	255,0,0	1000 0.00 0 1 0 0 0 0 0
chrI	253967	253968	a	1	-	253967	253968	255,0,0	1000 0.00 0 1 0 0 0 0 0
chrI	253968	253969	a	1	-	253968	253969	255,0,0	1000 0.00 0 1 0 0 0 0 0
chrI	253969	253970	a	1	-	253969	253970	255,0,0	1000 0.00 0 1 0 0 0 0 0
chrI	253970	253971	a	1	-	253970	253971	255,0,0	1000 0.00 0 1 0 0 0 0 0
chrI	253971	253972	a	1	-	253971	253972	255,0,0	1000 0.00 0 1 0 0 0 0 0
chrI	253972	253973	a	1	-	253972	253973	255,0,0	1000 0.00 0 1 0 0 0 0 0
chrI	253973	253974	a	1	-	253973	253974	255,0,0	1000 0.00 0 1 0 0 0 0 0
chrI	253974	253975	a	1	-	253974	253975	255,0,0	1000 0.00 0 1 0 0 0 0 0
chrI	253975	253976	a	1	-	253975	253976	255,0,0	1000 0.00 0 1 0 0 0 0 0
chrI	253976	253977	a	1	-	253976	253977	255,0,0	1000 0.00 0 1 0 0 0 0 0
chrI	253977	253978	a	1	-	253977	253978	255,0,0	1000 0.00 0 1 0 0 0 0 0
chrI	253978	253979	a	1	-	253978	253979	255,0,0	1000 0.00 0 1 0 0 0 0 0
chrI	253979	253980	a	1	-	253979	253980	255,0,0	1000 0.00 0 1 0 0 0 0 0
chrI	253980	253981	a	1	-	253980	253981	255,0,0	1000 0.00 0 1 0 0 0 0 0
chrI	253981	253982	a	1	-	253981	253982	255,0,0	1000 0.00 0 1 0 0 0 0 0
chrI	253982	253983	a	1	-	253982	253983	255,0,0	1000 0.00 0 1 0 0 0 0 0
chrI	253983	253984	a	1	-	253983	253984	255,0,0	1000 0.00 0 1 0 0 0 0 0
chrI	253984	253985	a	1	-	253984	253985	255,0,0	1000 0.00 0 1 0 0 0 0 0
chrI	253985	253986	a	1	-	253985	253986	255,0,0	1000 0.00 0 1 0 0 0 0 0
chrI	253986	253987	a	1	-	253986	253987	255,0,0	1000 0.00 0 1 0 0 0 0 0
chrI	253987	253988	a	1	-	253987	253988	255,0,0	1000 0.00 0 1 0 0 0 0 0
chrI	253988	253989	a	1	-	253988	253989	255,0,0	1000 0.00 0 1 0 0 0 0 0
chrI	253989	253990	a	1	-	253989	253990	255,0,0	1000 0.00 0 1 0 0 0 0 0
chrI	253990	253991	a	1	-	253990	253991	255,0,0	1000 0.00 0 1 0 0 0 0 0
chrI	253991	253992	a	1	-	253991	253992	255,0,0	1000 0.00 0 1 0 0 0 0 0
chrI	253992	253993	a	1	-	253992	253993	255,0,0	1000 0.00 0 1 0 0 0 0 0
chrI	253993	253994	a	1	-	253993	253994	255,0,0	1000 0.00 0 1 0 0 0 0 0
chrI	253994	253995	a	1	-	253994	253995	255,0,0	1000 0.00 0 1 0 0 0 0 0
chrI	253995	253996	a	1	-	253995	253996	255,0,0	1000 0.00 0 1 0 0 0 0 0
chrI	253996	253997	a	1	-	253996	253997	255,0,0	1000 0.00 0 1 0 0 0 0 0
chrI	253997	253998	a	1	-	253997	253998	255,0,0	1000 0.00 0 1 0 0 0 0 0
chrI	253998	253999	a	1	-	253998	253999	255,0,0	1000 0.00 0 1 0 0 0 0 0
chrI	253999	254000	a	1	-	253999	254000	255,0,0	1000 0.00 0 1 0 0 0 0 0
chrI	254000	254001	a	1	-	254000	254001	255,0,0	1000 0.00 0 1 0 0 0 0 0
chrI	254001	254002	a	1	-	254001	254002	255,0,0	1000 0.00 0 1 0 0 0 0 0
chrI	254002	254003	a	1	-	254002	254003	255,0,0	1000 0.00 0 1 0 0 0 0 0
chrI	254003	254004	a	1	-	254003	254004	255,0,0	1000 0.00 0 1 0 0 0 0 0
chrI	254004	254005	a	1	-	254004	254005	255,0,0	1000 0.00 0 1 0 0 0 0 0
chrI	254005	254006	a	1	-	254005	254006	255,0,0	1000 0.00 0 1 0 0 0 0 0
chrI	254006	254007	a	1	-	254006	254007	255,0,0	1000 0.00 0 1 0 0 0 0 0
chrI	254007	254008	a	1	-	254007	254008	255,0,0	1000 0.00 0 1 0 0 0 0 0
chrI	254008	254009	a	1	-	254008	254009	255,0,0	1000 0.00 0 1 0 0 0 0 0
chrI	254009	254010	a	1	-	254009	254010	255,0,0	1000 0.00 0 1 0 0 0 0 0
chrI	254010	254011	a	1	-	254010	254011	255,0,0	1000 0.00 0 1 0 0 0 0 0
chrI	254011	254012	a	1	-	254011	254012	255,0,0	1000 0.00 0 1 0 0 0 0 0
chrI	254012	254013	a	1	-	254012	254013	255,0,0	1000 0.00 0 1 0 0 0 0 0
chrI	254013	254014	a	1	-	254013	254014	255,0,0	1000 0.00 0 1 0 0 0 0 0
chrI	254014	254015	a	1	-	254014	254015	255,0,0	1000 0.00 0 1 0 0 0 0 0
chrI	254015	254016	a	1	-	254015	254016	255,0,0	1000 0.00 0 1 0 0 0 0 0
chrI	254016	254017	a	1	-	254016	254017	255,0,0	1000 0.00 0 1 0 0 0 0 0
chrI	254017	254018	a	1	-	254017	254018	255,0,0	1000 0.00 0 1 0 0 0 0 0
chrI	254018	254019	a	1	-	254018	254019	255,0,0	1000 0.00 0 1 0 0 0 0 0
chrI	254019	254020	a	1	-	254019	254020	255,0,0	1000 0.00 0 1 0 0 0 0 0
chrI	254020	254021	a	1	-	254020	254021	255,0,0	1000 0.00 0 1 0 0 0 0 0
chrI	254021	254022	a	1	-	254021	254022	255,0,0	1000 0.00 0 1 0 0 0 0 0
chrI	254022	254023	a	1	-	254022	254023	255,0,0	1000 0.00 0 1 0 0 0 0 0
chrI	254023	254024	a	1	-	254023	254024	255,0,0	1000 0.00 0 1 0 0 0 0 0
chrI	254024	254025	a	1	-	254024	254025	255,0,0	1000 0.00 0 1 0 0 0 0 0
chrI	254025	254026	a	1	-	254025	254026	255,0,0	1000 0.00 0 1 0 0 0 0 0
chrI	254026	254027	a	1	-	254026	254027	255,0,0	1000 0.00 0 1 0 0 0 0 0
chrI	254027	254028	a	1	-	254027	254028	255,0,0	1000 0.00 0 1 0 0 0 0 0
chrI	254028	254029	a	1	-	254028	254029	255,0,0	1000 0.00 0 1 0 0 0 0 0
chrI	254029	254030	a	1	-	254029	254030	255,0,0	1000 0.00 0 1 0 0 0 0 0
chrI	254030	254031	a	1	-	254030	254031	255,0,0	1000 0.00 0 1 0 0 0 0 0
chrI	254031	254032	a	1	-	254031	254032	255,0,0	1000 0.00 0 1 0 0 0 0 0
chrI	254032	254033	a	1	-	254032	254033	255,0,0	1000 0.00 0 1 0 0 0 0 0
chrI	254033	254034	a	1	-	254033	254034	255,0,0	1000 0.00 0 1 0 0 0 0 0
chrI	254034	254035	a	1	-	254034	254035	255,0,0	1000 0.00 0 1 0 0 0 0 0
chrI	254035	254036	a	1	-	254035	254036	255,0,0	1000 0.00 0 1 0 0 0 0 0
chrI	254036	254037	a	1	-	254036	254037	255,0,0	1000 0.00 0 1 0 0 0 0 0
chrI	254037	254038	a	1	-	254037	254038	255,0,0	1000 0.00 0 1 0 0 0 0 0
chrI	254038	254039	a	1	-	254038	254039	255,0,0	1000 0.00 0 1 0 0 0 0 0
chrI	254039	254040	a	1	-	254039	254040	255,0,0	1000 0.00 0 1 0 0 0 0 0
chrI	254040	254041	a	1	-	254040	254041	255,0,0	1000 0.00 0 1 0 0 0 0 0
chrI	254041	254042	a	1	-	254041	254042	255,0,0	1000 0.00 0 1 0 0 0 0 0
chrI	254042	254043	a	1	-	254042	254043	255,0,0	1000 0.00 0 1 0 0 0 0 0
chrI	254043	254044	a	1	-	254043	254044	255,0,0	1000 0.00 0 1 0 0 0 0 0
chrI	254044	254045	a	1	-	254044	254045	255,0,0	1000 0.00 0 1 0 0 0 0 0
chrI	254045	254046	a	1	-	254045	254046	255,0,0	1000 0.00 0 1 0 0 0 0 0
chrI	254046	254047	a	1	-	254046	254047	255,0,0	1000 0.00 0 1 0 0 0 0 0
chrI	254047	254048	a	1	-	254047	254048	255,0,0	1000 0.00 0 1 0 0 0 0 0
chrI	254048	254049	a	1	-	254048	254049	255,0,0	1000 0.00 0 1 0 0 0 0 0
chrI	254049	254050	a	1	-	254049	254050	255,0,0	1000 0.00 0 1 0 0 0 0 0
chrI	254050	254051	a	1	-	254050	254051	255,0,0	1000 0.00 0 1 0 0 0 0 0
chrI	254051	254052	a	1	-	254051	254052	255,0,0	1000 0.00 0 1 0 0 0 0 0
chrI	254052	254053	a	1	-	254052	254053	255,0,0	1000 0.00 0 1 0 0 0 0 0
chrI	254053	254054	a	1	-	254053	254054	255,0,0	1000 0.00 0 1 0 0 0 0 0
chrI	254054	254055	a	1	-	254054	254055	255,0,0	1000 0.00 0 1 0 0 0 0 0
chrI	254055	254056	a	1	-	254055	254056	255,0,0	1000 0.00 0 1 0 0 0 0 0
chrI	254056	254057	a	1	-	254056	254057	255,0,0	1000 0.00 0 1 0 0 0 0 0
chrI	254057	254058	a	1	-	254057	254058	255,0,0	1000 0.00 0 1 0 0 0 0 0
chrI	254058	254059	a	1	-	254058	254059	255,0,0	1000 0.00 0 1 0 0 0 0 0
chrI	254059	254060	a	1	-	254059	254060	255,0,0	1000 0.00 0 1 0 0 0 0 0
chrI	254060	254061	a	1	-	254060	254061	255,0,0	1000 0.00 0 1 0 0 0 0 0
chrI	254061	254062	a	1	-	254061	254062	255,0,0	1000 0.00 0 1 0 0 0 0 0
chrI	254062	254063	a	1	-	254062	254063	255,0,0	1000 0.00 0 1 0 0 0 0 0
chrI	254063	254064	a	1	-	254063	254064	255,0,0	1000 0.00 0 1 0 0 0 0 0
chrI	254064	254065	a	1	-	254064	254065	255,0,0	1000 0.00 0 1 0 0 0 0 0
chrI	254065	254066	a	1	-	254065	254066	255,0,0	1000 0.00 0 1 0 0 0 0 0
chrI	254066	254067	a	1	-	254066	254067	255,0,0	1000 0.00 0 1 0 0 0 0 0
chrI	254067	254068	a	1	-	254067	254068	255,0,0	1000 0.00 0 1 0 0 0 0 0
chrI	254068	254069	a	1	-	254068	254069	255,0,0	1000 0.00 0 1 0 0 0 0 0
chrI	254069	254070	a	1	-	254069	254070	255,0,0	1000 0.00 0 1 0 0 0 0 0
chrI	254070	254071	a	1	-	254070	254071	255,0,0	1000 0.00 0 1 0 0 0 0 0
chrI	254071	254072	a	1	-	254071	254072	255,0,0	1000 0.00 0 1 0 0 0 0 0
chrI	254072	254073	a	1	-	254072	254073	255,0,0	1000 0.00 0 1 0 0 0 0 0
chrI	254073	254074	a	1	-	254073	254074	255,0,0	1000 0.00 0 1 0 0 0 0 0
chrI	254074	254075	a	1	-	254074	254075	255,0,0	1000 0.00 0 1 0 0 0 0 0
chrI	254075	254076	a	1	-	254075	254076	255,0,0	1000 0.00 0 1 0 0 0 0 0
chrI	254076	254077	a	1	-	254076	254077	255,0,0	1000 0.00 0 1 0 0 0 0 0
chrI	254077	254078	a	1	-	254077	254078	255,0,0	1000 0.00 0 1 0 0 0 0 0
chrI	254078	254079	a	1	-	254078	254079	255,0,0	1000 0.00 0 1 0 0 0 0 0
chrI	254079	254080	a	1	-	254079	254080	255,0,0	1000 0.00 0 1 0 0 0 0 0
chrI	254080	254081	a	1	-	254080	254081	255,0,0	1000 0.00 0 1 0 0 0 0 0
chrI	254081	254082	a	1	-	254081	254082	255,0,0	1000 0.00 0 1 0 0 0 0 0
chrI	254082	254083	a	1	-	254082	254083	255,0,0	1000 0.00 0 1 0 0 0 0 0
chrI	254083	254084	a	1	-	254083	254084	255,0,0	1000 0.00 0 1 0 0 0 0 0
chrI	254084	254085	a	1	-	254084	254085	255,0,0	1000 0.00 0 1 0 0 0 0 0
chrI	254085	254086	a	1	-	254085	254086	255,0,0	1000 0.00 0 1 0 0 0 0 0
chrI	254086	254087	a	1	-	254086	254087	255,0,0	1000 0.00 0 1 0 0 0 0 0
chrI	254087	254088	a	1	-	254087	254088	255,0,0	1000 0.00 0 1 0 0 0 0 0
chrI	254088	254089	a	1	-	254088	254089	255,0,0	1000 0.00 0 1 0 0 0 0 0
chrI	254089	254090	a	1	-	254089	254090	255,0,0	1000 0.00 0 1 0 0 0 0 0
chrI	254090	254091	a	1	-	254090	254091	255,0,0	1000 0.00 0 1 0 0 0 0 0
chrI	254091	254092	a	1	-	254091	254092	255,0,0	1000 0.00 0 1 0 0 0 0 0
chrI	254092	254093	a	1	-	254092	254093	255,0,0	1000 0.00 0 1 0 0 0 0 0
chrI	254093	254094	a	1	-	254093	254094	255,0,0	1000 0.00 0 1 0 0 0 0 0
chrI	254094	254095	a	1	-	254094	254095	255,0,0	1000 0.00 0 1 0 0 0 0 0
chrI	254095	254096	a	1	-	254095	254096	255,0,0	1000 0.00 0 1 0 0 0 0 0
chrI	254096	254097	a	1	-	254096	254097	255,0,0	1000 0.00 0 1 0 0 0 0 0
chrI	254097	254098	a	1	-	254097	254098	255,0,0	1000 0.00 0 1 0 0 0 0 0
chrI	254098	254099	a	1	-	254098	254099	255,0,0	1000 0.00 0 1 0 0 0 0 0
chrI	254099	254100	a	1	-	254099	254100	255,0,0	1000 0.00 0 1 0 0 0 0 0
chrI	254100	254101	a	1	-	254100	254101	255,0,0	1000 0.00 0 1 0 0 0 0 0
chrI	254101	254102	a	1	-	254101	254102	255,0,0	1000 0.00 0 1 0 0 0 0 0
chrI	254102	254103	a	1	-	254102	254103	255,0,0	1000 0.00 0 1 0 0 0 0 0
chrI	254103	254104	a	1	-	254103	254104	255,0,0	1000 0.00 0 1 0 0 0 0 0
chrI	254104	254105	a	1	-	254104	254105	255,0,0	1000 0.00 0 1 0 0 0 0 0
chrI	254105	254106	a	1	-	254105	254106	255,0,0	1000 0.00 0 1 0 0 0 0 0
chrI	254106	254107	a	1	-	254106	254107	255,0,0	1000 0.00 0 1 0 0 0 0 0
chrI	254107	254108	a	1	-	254107	254108	255,0,0	1000 0.00 0 1 0 0 0 0 0
chrI	254108	254109	a	1	-	254108	254109	255,0,0	1000 0.00 0 1 0 0 0 0 0
chrI	254109	254110	a	1	-	254109	254110	255,0,0	1000 0.00 0 1 0 0 0 0 0
chrI	254110	254111	a	1	-	254110	254111	255,0,0	1000 0.00 0 1 0 0 0 0 0
chrI	254111	254112	a	1	-	254111	254112	255,0,0	1000 0.00 0 1 0 0 0 0 0
chrI	254112	254113	a	1	-	254112	254113	255,0,0	1000 0.00 0 1 0 0 0 0 0
chrI	254113	254114	a	1	-	254113	254114	255,0,0	1000 0.00 0 1 0 0 0 0 0
chrI	254114	254115	a	1	-	254114	254115	255,0,0	1000 0.00 0 1 0 0 0 0 0
chrI	254115	254116	a	1	-	254115	254116	255,0,0	1000 0.00 0 1 0 0 0 0 0
chrI	254116	254117	a	1	-	254116	254117	255,0,0	1000 0.00 0 1 0 0 0 0 0
chrI	254117	254118	a	1	-	254117	254118	255,0,0	1000 0.00 0 1 0 0 0 0 0
chrI	254118	254119	a	1	-	254118	254119	255,0,0	1000 0.00 0 1 0 0 0 0 0
chrI	254119	254120	a	1	-	254119	254120	255,0,0	1000 0.00 0 1 0 0 0 0 0
chrI	254120	254121	a	1	-	254120	254121	255,0,0	1000 0.00 0 1 0 0 0 0 0
chrI	254121	254122	a	1	-	254121	254122	255,0,0	1000 0.00 0 1 0 0 0 0 0
chrI	254122	254123	a	1	-	254122	254123	255,0,0	1000 0.00 0 1 0 0 0 0 0
chrI	254123	254124	a	1	-	254123	254124	255,0,0	1000 0.00 0 1 0 0 0 0 0
chrI	254124	254125	a	1	-	254124	254125	255,0,0	1000 0.00 0 1 0 0 0 0 0
chrI	254125	254126	a	1	-	254125	254126	255,0,0	1000 0.00 0 1 0 0 0 0 0
chrI	254126	254127	a	1	-	254126	254127	255,0,0	1000 0.00 0 1 0 0 0 0 0
chrI	254127	254128	a	1	-	254127	254128	255,0,0	1000 0.00 0 1 0 0 0 0 0
chrI	254128	254129	a	1	-	254128	254129	255,0,0	1000 0.00 0 1 0 0 0 0 0
chrI	254129	254130	a	1	-	254129	254130	255,0,0	1000 0.00 0 1 0 0 0 0 0
chrI	254130	254131	a	1	-	254130	254131	255,0,0	1000 0.00 0 1 0 0 0 0 0
chrI	254131	254132	a	1	-	254131	254132	255,0,0	1000 0.00 0 1 0 0 0 0 0
chrI	254132	254133	a	1	-	254132	254133	255,0,0	1000 0.00 0 1 0 0 0 0 0
chrI	254133	254134	a	1	-	254133	254134	255,0,0	1000 0.00 0 1 0 0 0 0 0
chrI	254134	254135	a	1	-	254134	254135	255,0,0	1000 0.00 0 1 0 0 0 0 0
chrI	254135	254136	a	1	-	254135	254136	255,0,0	1000 0.00 0 1 0 0 0 0 0
chrI	254136	254137	a	1	-	254136	254137	255,0,0	1000 0.00 0 1 0 0 0 0 0
chrI	254137	254138	a	1	-	254137	254138	255,0,0	1000 0.00 0 1 0 0 0 0 0
chrI	254138	254139	a	1	-	254138	254139	255,0,0	1000 0.00 0 1 0 0 0 0 0
chrI	254139	254140	a	1	-	254139	254140	255,0,0	1000 0.00 0 1 0 0 0 0 0
chrI	254140	254141	a	1	-	254140	254141	255,0,0	1000 0.00 0 1 0 0 0 0 0
chrI	254141	254142	a	1	-	254141	254142	255,0,0	1000 0.00 0 1 0 0 0 0 0
chrI	254142	254143	a	1	-	254142	254143	255,0,0	1000 0.00 0 1 0 0 0 0 0
chrI	254143	254144	a	1	-	254143	254144	255,0,0	1000 0.00 0 1 0 0 0 0 0
chrI	254144	254145	a	1	-	254144	254145	255,0,0	1000 0.00 0 1 0 0 0 0 0
chrI	254145	254146	a	1	-	254145	254146	255,0,0	1000 0.00 0 1 0 0 0 0 0
chrI	254146	254147	a	1	-	254146	254147	255,0,0	1000 0.00 0 1 0 0 0 0 0
chrI	254147	254148	a	1	-	254147	254148	255,0,0	1000 0.00 0 1 0 0 0 0 0
chrI	254148	254149	a	1	-	254148	254149	255,0,0	1000 0.00 0 1 0 0 0 0 0
chrI	254149	254150	a	1	-	254149	254150	255,0,0	1000 0.00 0 1 0 0 0 0 0
chrI	254150	254151	a	1	-	254150	254151	255,0,0	1000 0.00 0 1 0 0 0 0 0
chrI	254151	254152	a	1	-	254151	254152	255,0,0	1000 0.00 0 1 0 0 0 0 0
chrI	254152	254153	a	1	-	254152	254153	255,0,0	1000 0.00 0 1 0 0 0 0 0
chrI	254153	254154	a	1	-	254153	254154	255,0,0	1000 0.00 0 1 0 0 0 0 0
chrI	254154	254155	a	1	-	254154	254155	255,0,0	1000 0.00 0 1 0 0 0 0 0
chrI	254155	254156	a	1	-	254155	254156	255,0,0	1000 0.00 0 1 0 0 0 0 0
chrI	254156	254157	a	1	-	254156	254157	255,0,0	1000 0.00 0 1 0 0 0 0 0
chrI	254157	254158	a	1	-	254157	254158	255,0,0	1000 0.00 0 1 0 0 0 0 0
chrI	254158	254159	a	1	-	254158	254159	255,0,0	1000 0.00 0 1 0 0 0 0 0
chrI	254159	254160	a	1	-	254159	254160	255,0,0	1000 0.00 0 1 0 0 0 0 0
chrI	254160	254161	a	1	-	254160	254161	255,0,0	1000 0.00 0 1 0 0 0 0 0
chrI	254161	254162	a	1	-	254161	254162	255,0,0	1000 0.00 0 1 0 0 0 0 0
chrI	254162	254163	a	1	-	254162	254163	255,0,0	1000 0.00 0 1 0 0 0 0 0
chrI	254163	254164	a	1	-	254163	254164	255,0,0	1000 0.00 0 1 0 0 0 0 0
chrI	254164	254165	a	1	-	254164	254165	255,0,0	1000 0.00 0 1 0 0 0 0 0
chrI	254165	254166	a	1	-	254165	254166	255,0,0	1000 0.00 0 1 0 0 0 0 0
chrI	254166	254167	a	1	-	254166	254167	255,0,0	1000 0.00 0 1 0 0 0 0 0
chrI	254167	254168	a	1	-	254167	254168	255,0,0	1000 0.00 0 1 0 0 0 0 0
chrI	254168	254169	a	1	-	254168	254169	255,0,0	1000 0.00 0 1 0 0 0 0 0
chrI	254169	254170	a	1	-	254169	254170	255,0,0	1000 0.00 0 1 0 0 0 0 0
chrI	254170	254171	a	1	-	254170	254171	255,0,0	1000 0.00 0 1 0 0 0 0 0
chrI	254171	254172	a	1	-	254171	254172	255,0,0	1000 0.00 0 1 0 0 0 0 0
chrI	254172	254173	a	1	-	254172	254173	255,0,0	1000 0.00 0 1 0 0 0 0 0
chrI	254173	254174	a	1	-	254173	254174	255,0,0	1000 0.00 0 1 0 0 0 0 0
chrI	254174	254175	a	1	-	254174	254175	255,0,0	1000 0.00 0 1 0 0 0 0 0
chrI	254175	254176	a	1	-	254175	254176	255,0,0	1000 0.00 0 1 0 0 0 0 0
chrI	254176	254177	a	1	-	254176	254177	255,0,0	1000 0.00 0 1 0 0 0 0 0
chrI	254177	254178	a	1	-	254177	254178	255,0,0	1000 0.00 0 1 0 0 0 0 0
chrI	254178	254179	a	1	-	254178	254179	255,0,0	1000 0.00 0 1 0 0 0 0 0
chrI	254179	254180	a	1	-	254179	254180	255,0,0	1000 0.00 0 1 0 0 0 0 0
chrI	254180	254181	a	1	-	254180	254181	255,0,0	1000 0.00 0 1 0 0 0 0 0
chrI	254181	254182	a	1	-	254181	254182	255,0,0	1000 0.00 0 1 0 0 0 0 0
chrI	254182	254183	a	1	-	254182	254183	255,0,0	1000 0.00 0 1 0 0 0 0 0
chrI	254183	254184	a	1	-	254183	254184	255,0,0	1000 0.00 0 1 0 0 0 0 0
chrI	254184	254185	a	1	-	254184	254185	255,0,0	1000 0.00 0 1 0 0 0 0 0
chrI	254185	254186	a	1	-	254185	254186	255,0,0	1000 0.00 0 1 0 0 0 0 0
chrI	254186	254187	a	1	-	254186	254187	255,0,0	1000 0.00 0 1 0 0 0 0 0
chrI	254187	254188	a	1	-	254187	254188	255,0,0	1000 0.00 0 1 0 0 0 0 0
chrI	254188	254189	a	1	-	254188	254189	255,0,0	1000 0.00 0 1 0 0 0 0 0
chrI	254189	254190	a	1	-	254189	254190	255,0,0	1000 0.00 0 1 0 0 0 0 0
chrI	254190	254191	a	1	-	254190	254191	255,0,0	1000 0.00 0 1 0 0 0 0 0
chrI	254191	254192	a	1	-	254191	254192	255,0,0	1000 0.00 0 1 0 0 0 0 0
chrI	254192	254193	a	1	-	254192	254193	255,0,0	1000 0.00 0 1 0 0 0 0 0
chrI	254193	254194	a	1	-	254193	254194	255,0,0	1000 0.00 0 1 0 0 0 0 0
chrI	254194	254195	a	1	-	254194	254195	255,0,0	1000 0.00 0 1 0 0 0 0 0
chrI	254195	254196	a	1	-	254195	254196	255,0,0	1000 0.00 0 1 0 0 0 0 0
chrI	254196	254197	a	1	-	254196	254197	255,0,0	1000 0.00 0 1 0 0 0 0 0
chrI	254197	254198	a	1	-	254197	254198	255,0,0	1000 0.00 0 1 0 0 0 0 0
chrI	254198	254199	a	1	-	254198	254199	255,0,0	1000 0.00 0 1 0 0 0 0 0
chrI	254199	254200	a	1	-	254199	254200	255,0,0	1000 0.00 0 1 0 0 0 0 0
chrI	254200	254201	a	1	-	254200	254201	255,0,0	1000 0.00 0 1 0 0 0 0 0
chrI	254201	254202	a	1	-	254201	254202	255,0,0	1000 0.00 0 1 0 0 0 0 0
chrI	254202	254203	a	1	-	254202	254203	255,0,0	1000 0.00 0 1 0 0 0 0 0
chrI	254203	254204	a	1	-	254203	254204	255,0,0	1000 0.00 0 1 0 0 0 0 0
chrI	254204	254205	a	1	-	254204	254205	255,0,0	1000 0.00 0 1 0 0 0 0 0
chrI	254205	254206	a	1	-	254205	254206	255,0,0	1000 0.00 0 1 0 0 0 0 0
chrI	254206	254207	a	1	-	254206	254207	255,0,0	1000 0.00 0 1 0 0 0 0 0
chrI	254207	254208	a	1	-	254207	254208	255,0,0	1000 0.00 0 1 0 0 0 0 0
chrI	254208	254209	a	1	-	254208	254209	255,0,0	1000 0.00 0 1 0 0 0 0 0
chrI	254209	254210	a	1	-	254209	254210	255,0,0	1000 0.00 0 1 0 0 0 0 0
chrI	254210	254211	a	1	-	254210	254211	255,0,0	1000 0.00 0 1 0 0 0 0 0
chrI	254211	254212	a	1	-	254211	254212	255,0,0	1000 0.00 0 1 0 0 0 0 0
chrI	254212	254213	a	1	-	254212	254213	255,0,0	1000 0.00 0 1 0 0 0 0 0
chrI	254213	254214	a	1	-	254213	254214	255,0,0	1000 0.00 0 1 0 0 0 0 0
chrI	254214	254215	a	1	-	254214	254215	255,0,0	1000 0.00 0 1 0 0 0 0 0
chrI	254215	254216	a	1	-	254215	254216	255,0,0	1000 0.00 0 1 0 0 0 0 0
chrI	254216	254217	a	1	-	254216	254217	255,0,0	1000 0.00 0 1 0 0 0 0 0
chrI	254217	254218	a	1	-	254217	254218	255,0,0	1000 0.00 0 1 0 0 0 0 0
chrI	254218	254219	a	1	-	254218	254219	255,0,0	1000 0.00 0 1 0 0 0 0 0
chrI	254219	254220	a	1	-	254219	254220	255,0,0	1000 0.00 0 1 0 0 0 0 0
chrI	254220	254221	a	1	-	254220	254221	255,0,0	1000 0.00 0 1 0 0 0 0 0
chrI	254221	254222	a	1	-	254221	254222	255,0,0	1000 0.00 0 1 0 0 0 0 0
chrI	254222	254223	a	1	-	254222	254223	255,0,0	1000 0.00 0 1 0 0 0 0 0
chrI	254223	254224	a	1	-	254223	254224	255,0,0	1000 0.00 0 1 0 0 0 0 0
chrI	254224	254225	a	1	-	254224	254225	255,0,0	1000 0.00 0 1 0 0 0 0 0
chrI	254225	254226	a	1	-	254225	254226	255,0,0	1000 0.00 0 1 0 0 0 0 0
chrI	254226	254227	a	1	-	254226	254227	255,0,0	1000 0.00 0 1 0 0 0 0 0
chrI	254227	254228	a	1	-	254227	254228	255,0,0	1000 0.00 0 1 0 0 0 0 0
chrI	254228	254229	a	1	-	254228	254229	255,0,0	1000 0.00 0 1 0 0 0 0 0
chrI	254229	254230	a	1	-	254229	254230	255,0,0	1000 0.00 0 1 0 0 0 0 0
chrI	254230	254231	a	1	-	254230	254231	255,0,0	1000 0.00 0 1 0 0 0 0 0
chrI	254231	254232	a	1	-	254231	254232	255,0,0	1000 0.00 0 1 0 0 0 0 0
chrI	254232	254233	a	1	-	254232	254233	255,0,0	1000 0.00 0 1 0 0 0 0 0
chrI	254233	254234	a	1	-	254233	254234	255,0,0	1000 0.00 0 1 0 0 0 0 0
chrI	254234	254235	a	1	-	254234	254235	255,0,0	1000 0.00 0 1 0 0 0 0 0
chrI	254235	254236	a	1	-	254235	254236	255,0,0	1000 0.00 0 1 0 0 0 0 0
chrI	254236	254237	a	1	-	254236	254237	255,0,0	1000 0.00 0 1 0 0 0 0 0
chrI	254237	254238	a	1	-	254237	254238	255,0,0	1000 0.00 0 1 0 0 0 0 0
chrI	254238	254239	a	1	-	254238	254239	255,0,0	1000 0.00 0 1 0 0 0 0 0
chrI	254239	254240	a	1	-	254239	254240	255,0,0	1000 0.00 0 1 0 0 0 0 0
chrI	254240	254241	a	1	-	254240	254241	255,0,0	1000 0.00 0 1 0 0 0 0 0
chrI	254241	254242	a	1	-	254241	254242	255,0,0	1000 0.00 0 1 0 0 0 0 0
chrI	254242	254243	a	1	-	254242	254243	255,0,0	1000 0.00 0 1 0 0 0 0 0
chrI	254243	254244	a	1	-	254243	254244	255,0,0	1000 0.00 0 1 0 0 0 0 0
chrI	254244	254245	a	1	-	254244	254245	255,0,0	1000 0.00 0 1 0 0 0 0 0
chrI	254245	254246	a	1	-	254245	254246	255,0,0	1000 0.00 0 1 0 0 0 0 0
chrI	254246	254247	a	1	-	254246	254247	255,0,0	1000 0.00 0 1 0 0 0 0 0
chrI	254247	254248	a	1	-	254247	254248	255,0,0	1000 0.00 0 1 0 0 0 0 0
chrI	254248	254249	a	1	-	254248	254249	255,0,0	1000 0.00 0 1 0 0 0 0 0
chrI	254249	254250	a	1	-	254249	254250	255,0,0	1000 0.00 0 1 0 0 0 0 0
chrI	254250	254251	a	1	-	254250	254251	255,0,0	1000 0.00 0 1 0 0 0 0 0
chrI	254251	254252	a	1	-	254251	254252	255,0,0	1000 0.00 0 1 0 0 0 0 0
chrI	254252	254253	a	1	-	254252	254253	255,0,0	1000 0.00 0 1 0 0 0 0 0
chrI	254253	254254	a	1	-	254253	254254	255,0,0	1000 0.00 0 1 0 0 0 0 0
chrI	254254	254255	a	1	-	254254	254255	255,0,0	1000 0.00 0 1 0 0 0 0 0
chrI	254255	254256	a	1	-	254255	254256	255,0,0	1000 0.00 0 1 0 0 0 0 0
chrI	254256	254257	a	1	-	254256	254257	255,0,0	1000 0.00 0 1 0 0 0 0 0
chrI	254257	254258	a	1	-	254257	254258	255,0,0	1000 0.00 0 1 0 0 0 0 0
chrI	254258	254259	a	1	-	254258	254259	255,0,0	1000 0.00 0 1 0 0 0 0 0
chrI	254259	254260	a	1	-	254259	254260	255,0,0	1000 0.00 0 1 0 0 0 0 0
chrI	254260	254261	a	1	-	254260	254261	255,0,0	1000 0.00 0 1 0 0 0 0 0
chrI	254261	254262	a	1	-	254261	254262	255,0,0	1000 0.00 0 1 0 0 0 0 0
chrI	254262	254263	a	1	-	254262	254263	255,0,0	1000 0.00 0 1 0 0 0 0 0
chrI	254263	254264	a	1	-	254263	254264	255,0,0	1000 0.00 0 1 0 0 0 0 0
chrI	254264	254265	a	1	-	254264	254265	255,0,0	1000 0.00 0 1 0 0 0 0 0
chrI	254265	254266	a	1	-	254265	254266	255,0,0	1000 0.00 0 1 0 0 0 0 0
chrI	254266	254267	a	1	-	254266	254267	255,0,0	1000 0.00 0 1 0 0 0 0 0
chrI	254267	254268	a	1	-	254267	254268	255,0,0	1000 0.00 0 1 0 0 0 0 0
chrI	254268	254269	a	1	-	254268	254269	255,0,0	1000 0.00 0 1 0 0 0 0 0
chrI	254269	254270	a	1	-	254269	254270	255,0,0	1000 0.00 0 1 0 0 0 0 0
chrI	254270	254271	a	1	-	254270	254271	255,0,0	1000 0.00 0 1 0 0 0 0 0
chrI	254271	254272	a	1	-	254271	254272	255,0,0	1000 0.00 0 1 0 0 0 0 0
chrI	254272	254273	a	1	-	254272	254273	255,0,0	1000 0.00 0 1 0 0 0 0 0
chrI	254273	254274	a	1	-	254273	254274	255,0,0	1000 0.00 0 1 0 0 0 0 0
chrI	254274	254275	a	1	-	254274	254275	255,0,0	1000 0.00 0 1 0 0 0 0 0
chrI	254275	254276	a	1	-	254275	254276	255,0,0	1000 0.00 0 1 0 0 0 0 0
chrI	254276	254277	a	1	-	254276	254277	255,0,0	1000 0.00 0 1 0 0 0 0 0
chrI	254277	254278	a	1	-	254277	254278	255,0,0	1000 0.00 0 1 0 0 0 0 0
chrI	254278	254279	a	1	-	254278	254279	255,0,0	1000 0.00 0 1 0 0 0 0 0
chrI	254279	254280	a	1	-	254279	254280	255,0,0	1000 0.00 0 1 0 0 0 0 0
chrI	254280	254281	a	1	-	254280	254281	255,0,0	1000 0.00 0 1 0 0 0 0 0
chrI	254281	254282	a	1	-	254281	254282	255,0,0	1000 0.00 0 1 0 0 0 0 0
chrI	254282	254283	a	1	-	254282	254283	255,0,0	1000 0.00 0 1 0 0 0 0 0
chrI	254283	254284	a	1	-	254283	254284	255,0,0	1000 0.00 0 1 0 0 0 0 0
chrI	254284	254285	a	1	-	254284	254285	255,0,0	1000 0.00 0 1 0 0 0 0 0
chrI	254285	254286	a	1	-	254285	254286	255,0,0	1000 0.00 0 1 0 0 0 0 0
chrI	254286	254287	a	1	-	254286	254287	255,0,0	1000 0.00 0 1 0 0 0 0 0
chrI	254287	254288	a	1	-	254287	254288	255,0,0	1000 0.00 0 1 0 0 0 0 0
chrI	254288	254289	a	1	-	254288	254289	255,0,0	1000 0.00 0 1 0 0 0 0 0
chrI	254289	254290	a	1	-	254289	254290	255,0,0	1000 0.00 0 1 0 0 0 0 0
chrI	254290	254291	a	1	-	254290	254291	255,0,0	1000 0.00 0 1 0 0 0 0 0
chrI	254291	254292	a	1	-	254291	254292	255,0,0	1000 0.00 0 1 0 0 0 0 0
chrI	254292	254293	a	1	-	254292	254293	255,0,0	1000 0.00 0 1 0 0 0 0 0
chrI	254293	254294	a	1	-	254293	254294	255,0,0	1000 0.00 0 1 0 0 0 0 0
chrI	254294	254295	a	1	-	254294	254295	255,0,0	1000 0.00 0 1 0 0 0 0 0
chrI	254295	254296	a	1	-	254295	254296	255,0,0	1000 0.00 0 1 0 0 0 0 0
chrI	254296	254297	a	1	-	254296	254297	255,0,0	1000 0.00 0 1 0 0 0 0 0
chrI	254297	254298	a	1	-	254297	254298	255,0,0	1000 0.00 0 1 0 0 0 0 0
chrI	254298	254299	a	1	-	254298	254299	255,0,0	1000 0.00 0 1 0 0 0 0 0
chrI	254299	254300	a	1	-	254299	254300	255,0,0	1000 0.00 0 1 0 0 0 0 0
chrI	254300	254301	a	1	-	254300	254301	255,0,0	1000 0.00 0 1 0 0 0 0 0
chrI	254301	254302	a	1	-	254301	254302	255,0,0	1000 0.00 0 1 0 0 0 0 0
chrI	254302	254303	a	1	-	254302	254303	255,0,0	1000 0.00 0 1 0 0 0 0 0
chrI	254303	254304	a	1	-	254303	254304	255,0,0	1000 0.00 0 1 0 0 0 0 0
chrI	254304	254305	a	1	-	254304	254305	255,0,0	1000 0.00 0 1 0 0 0 0 0
chrI	254305	254306	a	1	-	254305	254306	255,0,0	1000 0.00 0 1 0 0 0 0 0
chrI	254306	254307	a	1	-	254306	254307	255,0,0	1000 0.00 0 1 0 0 0 0 0
chrI	254307	254308	a	1	-	254307	254308	255,0,0	1000 0.00 0 1 0 0 0 0 0
chrI	254308	254309	a	1	-	254308	254309	255,0,0	1000 0.00 0 1 0 0 0 0 0
chrI	254309	254310	a	1	-	254309	254310	255,0,0	1000 0.00 0 1 0 0 0 0 0
chrI	254310	254311	a	1	-	254310	254311	255,0,0	1000 0.00 0 1 0 0 0 0 0
chrI	254311	254312	a	1	-	254311	254312	255,0,0	1000 0.00 0 1 0 0 0 0 0
chrI	254312	254313	a	1	-	254312	254313	255,0,0	1000 0.00 0 1 0 0 0 0 0
chrI	254313	254314	a	1	-	254313	254314	255,0,0	1000 0.00 0 1 0 0 0 0 0
chrI	254314	254315	a	1	-	254314	254315	255,0,0	1000 0.00 0 1 0 0 0 0 0
chrI	254315	254316	a	1	-	254315	254316	255,0,0	1000 0.00 0 1 0 0 0 0 0
chrI	254316	254317	a	1	-	254316	254317	255,0,0	1000 0.00 0 1 0 0 0 0 0
chrI	254317	254318	a	1	-	254317	254318	255,0,0	1000 0.00 0 1 0 0 0 0 0
chrI	254318	254319	a	1	-	254318	254319	255,0,0	1000 0.00 0 1 0 0 0 0 0
chrI	254319	254320	a	1	-	254319	254320	255,0,0	1000 0.00 0 1 0 0 0 0 0
chrI	254320	254321	a	1	-	254320	254321	255,0,0	1000 0.00 0 1 0 0 0 0 0
chrI	254321	254322	a	1	-	254321	254322	255,0,0	1000 0.00 0 1 0 0 0 0 0
chrI	254322	254323	a	1	-	254322	254323	255,0,0	1000 0.00 0 1 0 0 0 0 0
chrI	254323	254324	a	1	-	254323	254324	255,0,0	1000 0.00 0 1 0 0 0 0 0
chrI	254324	254325	a	1	-	254324	254325	255,0,0	1000 0.00 0 1 0 0 0 0 0
chrI	254325	254326	a	1	-	254325	254326	255,0,0	1000 0.00 0 1 0 0 0 0 0
chrI	254326	254327	a	1	-	254326	254327	255,0,0	1000 0.00 0 1 0 0 0 0 0
chrI	254327	254328	a	1	-	254327	254328	255,0,0	1000 0.00 0 1 0 0 0 0 0
chrI	254328	254329	a	1	-	254328	254329	255,0,0	1000 0.00 0 1 0 0 0 0 0
chrI	254329	254330	a	1	-	254329	254330	255,0,0	1000 0.00 0 1 0 0 0 0 0
chrI	254330	254331	a	1	-	254330	254331	255,0,0	1000 0.00 0 1 0 0 0 0 0
chrI	254331	254332	a	1	-	254331	254332	255,0,0	1000 0.00 0 1 0 0 0 0 0
chrI	254332	254333	a	1	-	254332	254333	255,0,0	1000 0.00 0 1 0 0 0 0 0
chrI	254333	254334	a	1	-	254333	254334	255,0,0	1000 0.00 0 1 0 0 0 0 0
chrI	254334	254335	a	1	-	254334	254335	255,0,0	1000 0.00 0 1 0 0 0 0 0
chrI	254335	254336	a	1	-	254335	254336	255,0,0	1000 0.00 0 1 0 0 0 0 0
chrI	254336	254337	a	1	-	254336	254337	255,0,0	1000 0.00 0 1 0 0 0 0 0
chrI	254337	254338	a	1	-	254337	254338	255,0,0	1000 0.00 0 1 0 0 0 0 0
chrI	254338	254339	a	1	-	254338	254339	255,0,0	1000 0.00 0 1 0 0 0 0 0
chrI	254339	254340	a	1	-	254339	254340	255,0,0	1000 0.00 0 1 0 0 0 0 0
chrI	254340	254341	a	1	-	254340	254341	255,0,0	1000 0.00 0 1 0 0 0 0 0
chrI	254341	254342	a	1	-	254341	254342	255,0,0	1000 0.00 0 1 0 0 0 0 0
chrI	254342	254343	a	1	-	254342	254343	255,0,0	1000 0.00 0 1 0 0 0 0 0
chrI	254343	254344	a	1	-	254343	254344	255,0,0	1000 0.00 0 1 0 0 0 0 0
chrI	254344	254345	a	1	-	254344	254345	255,0,0	1000 0.00 0 1 0 0 0 0 0
chrI	254345	254346	a	1	-	254345	254346	255,0,0	1000 0.00 0 1 0 0 0 0 0
chrI	254346	254347	a	1	-	254346	254347	255,0,0	1000 0.00 0 1 0 0 0 0 0
chrI	254347	254348	a	1	-	254347	254348	255,0,0	1000 0.00 0 1 0 0 0 0 0
chrI	254348	254349	a	1	-	254348	254349	255,0,0	1000 0.00 0 1 0 0 0 0 0
chrI	254349	254350	a	1	-	254349	254350	255,0,0	1000 0.00 0 1 0 0 0 0 0
chrI	254350	254351	a	1	-	254350	254351	255,0,0	1000 0.00 0 1 0 0 0 0 0
chrI	254351	254352	a	1	-	254351	254352	255,0,0	1000 0.00 0 1 0 0 0 0 0
chrI	254352	254353	a	1	-	254352	254353	255,0,0	1000 0.00 0 1 0 0 0 0 0
chrI	254353	254354	a	1	-	254353	254354	255,0,0	1000 0.00 0 1 0 0 0 0 0
chrI	254354	254355	a	1	-	254354	254355	255,0,0	1000 0.00 0 1 0 0 0 0 0
chrI	254355	254356	a	1	-	254355	254356	255,0,0	1000 0.00 0 1 0 0 0 0 0
chrI	254356	254357	a	1	-	254356	254357	255,0,0	1000 0.00 0 1 0 0 0 0 0
chrI	254357	254358	a	1	-	254357	254358	255,0,0	1000 0.00 0 1 0 0 0 0 0
chrI	254358	254359	a	1	-	254358	254359	255,0,0	1000 0.00 0 1 0 0 0 0 0
chrI	254359	254360	a	1	-	254359	254360	255,0,0	1000 0.00 0 1 0 0 0 0 0
chrI	254360	254361	a	1	-	254360	254361	255,0,0	1000 0.00 0 1 0 0 0 0 0
chrI	254361	254362	a	1	-	254361	254362	255,0,0	1000 0.00 0 1 0 0 0 0 0
chrI	254362	254363	a	1	-	254362	254363	255,0,0	1000 0.00 0 1 0 0 0 0 0
chrI	254363	254364	a	1	-	254363	254364	255,0,0	1000 0.00 0 1 0 0 0 0 0
chrI	254364	254365	a	1	-	254364	254365	255,0,0	1000 0.00 0 1 0 0 0 0 0
chrI	254365	254366	a	1	-	254365	254366	255,0,0	1000 0.00 0 1 0 0 0 0 0
chrI	254366	254367	a	1	-	254366	254367	255,0,0	1000 0.00 0 1 0 0 0 0 0
chrI	254367	254368	a	1	-	254367	254368	255,0,0	1000 0.00 0 1 0 0 0 0 0
chrI	254368	254369	a	1	-	254368	254369	255,0,0	1000 0.00 0 1 0 0 0 0 0
chrI	254369	254370	a	1	-	254369	254370	255,0,0	1000 0.00 0 1 0 0 0 0 0
chrI	254370	254371	a	1	-	254370	254371	255,0,0	1000 0.00 0 1 0 0 0 0 0
chrI	254371	254372	a	1	-	254371	254372	255,0,0	1000 0.00 0 1 0 0 0 0 0
chrI	254372	254373	a	1	-	254372	254373	255,0,0	1000 0.00 0 1 0 0 0 0 0
chrI	254373	254374	a	1	-	254373	254374	255,0,0	1000 0.00 0 1 0 0 0 0 0
chrI	254374	254375	a	1	-	254374	254375	255,0,0	1000 0.00 0 1 0 0 0 0 0
chrI	254375	254376	a	1	-	254375	254376	255,0,0	1000 0.00 0 1 0 0 0 0 0
chrI	254376	254377	a	1	-	254376	254377	255,0,0	1000 0.00 0 1 0 0 0 0 0
chrI	254377	254378	a	1	-	254377	254378	255,0,0	1000 0.00 0 1 0 0 0 0 0
chrI	254378	254379	a	1	-	254378	254379	255,0,0	1000 0.00 0 1 0 0 0 0 0
chrI	254379	254380	a	1	-	254379	254380	255,0,0	1000 0.00 0 1 0 0 0 0 0
chrI	254380	254381	a	1	-	254380	254381	255,0,0	1000 0.00 0 1 0 0 0 0 0
chrI	254381	254382	a	1	-	254381	254382	255,0,0	1000 0.00 0 1 0 0 0 0 0
chrI	254382	254383	a	1	-	254382	254383	255,0,0	1000 0.00 0 1 0 0 0 0 0
chrI	254383	254384	a	1	-	254383	254384	255,0,0	1000 0.00 0 1 0 0 0 0 0
chrI	254384	254385	a	1	-	254384	254385	255,0,0	1000 0.00 0 1 0 0 0 0 0
chrI	254385	254386	a	1	-	254385	254386	255,0,0	1000 0.00 0 1 0 0 0 0 0
chrI	254386	254387	a	1	-	254386	254387	255,0,0	1000 0.00 0 1 0 0 0 0 0
chrI	254387	254388	a	1	-	254387	254388	255,0,0	1000 0.00 0 1 0 0 0 0 0
chrI	254388	254389	a	1	-	254388	254389	255,0,0	1000 0.00 0 1 0 0 0 0 0
chrI	254389	254390	a	1	-	254389	254390	255,0,0	1000 0.00 0 1 0 0 0 0 0
chrI	254390	254391	a	1	-	254390	254391	255,0,0	1000 0.00 0 1 0 0 0 0 0
chrI	254391	254392	a	1	-	254391	254392	255,0,0	1000 0.00 0 1 0 0 0 0 0
chrI	254392	254393	a	1	-	254392	254393	255,0,0	1000 0.00 0 1 0 0 0 0 0
chrI	254393	254394	a	1	-	254393	254394	255,0,0	1000 0.00 0 1 0 0 0 0 0
chrI	254394	254395	a	1	-	254394	254395	255,0,0	1000 0.00 0 1 0 0 0 0 0
chrI	254395	254396	a	1	-	254395	254396	255,0,0	1000 0.00 0 1 0 0 0 0 0
chrI	254396	254397	a	1	-	254396	254397	255,0,0	1000 0.00 0 1 0 0 0 0 0
chrI	254397	254398	a	1	-	254397	254398	255,0,0	1000 0.00 0 1 0 0 0 0 0
chrI	254398	254399	a	1	-	254398	254399	255,0,0	1000 0.00 0 1 0 0 0 0 0
chrI	254399	254400	a	1	-	254399	254400	255,0,0	1000 0.00 0 1 0 0 0 0 0
chrI	254400	254401	a	1	-	254400	254401	255,0,0	1000 0.00 0 1 0 0 0 0 0
chrI	254401	254402	a	1	-	254401	254402	255,0,0	1000 0.00 0 1 0 0 0 0 0
chrI	254402	254403	a	1	-	254402	254403	255,0,0	1000 0.00 0 1 0 0 0 0 0
chrI	254403	254404	a	1	-	254403	254404	255,0,0	1000 0.00 0 1 0 0 0 0 0
chrI	254404	254405	a	1	-	254404	254405	255,0,0	1000 0.00 0 1 0 0 0 0 0
chrI	254405	254406	a	1	-	254405	254406	255,0,0	1000 0.00 0 1 0 0 0 0 0
chrI	254406	254407	a	1	-	254406	254407	255,0,0	1000 0.00 0 1 0 0 0 0 0
chrI	254407	254408	a	1	-	254407	254408	255,0,0	1000 0.00 0 1 0 0 0 0 0
chrI	254408	254409	a	1	-	254408	254409	255,0,0	1000 0.00 0 1 0 0 0 0 0
chrI	254409	254410	a	1	-	254409	254410	255,0,0	1000 0.00 0 1 0 0 0 0 0
chrI	254410	254411	a	1	-	254410	254411	255,0,0	1000 0.00 0 1 0 0 0 0 0
chrI	254411	254412	a	1	-	254411	254412	255,0,0	1000 0.00 0 1 0 0 0 0 0
chrI	254412	254413	a	1	-	254412	254413	255,0,0	1000 0.00 0 1 0 0 0 0 0
chrI	254413	254414	a	1	-	254413	254414	255,0,0	1000 0.00 0 1 0 0 0 0 0
chrI	254414	254415	a	1	-	254414	254415	255,0,0	1000 0.00 0 1 0 0 0 0 0
chrI	254415	254416	a	1	-	254415	254416	255,0,0	1000 0.00 0 1 0 0 0 0 0
chrI	254416	254417	a	1	-	254416	254417	255,0,0	1000 0.00 0 1 0 0 0 0 0
chrI	254417	254418	a	1	-	254417	254418	255,0,0	1000 0.00 0 1 0 0 0 0 0
chrI	254418	254419	a	1	-	254418	254419	255,0,0	1000 0.00 0 1 0 0 0 0 0
chrI	254419	254420	a	1	-	254419	254420	255,0,0	1000 0.00 0 1 0 0 0 0 0
chrI	254420	254421	a	1	-	254420	254421	255,0,0	1000 0.00 0 1 0 0 0 0 0
chrI	254421	254422	a	1	-	254421	254422	255,0,0	1000 0.00 0 1 0 0 0 0 0
chrI	254422	254423	a	1	-	254422	254423	255,0,0	1000 0.00 0 1 0 0 0 0 0
chrI	254423	254424	a	1	-	254423	254424	255,0,0	1000 0.00 0 1 0 0 0 0 0
chrI	254424	254425	a	1	-	254424	254425	255,0,0	1000 0.00 0 1 0 0 0 0 0
chrI	254425	254426	a	1	-	254425	254426	255,0,0	1000 0.00 0 1 0 0 0 0 0
chrI	254426	254427	a	1	-	254426	254427	255,0,0	1000 0.00 0 1 0 0 0 0 0
chrI	254427	254428	a	1	-	254427	254428	255,0,0	1000 0.00 0 1 0 0 0 0 0
chrI	254428	254429	a	1	-	254428	254429	255,0,0	1000 0.00 0 1 0 0 0 0 0
chrI	254429	254430	a	1	-	254429	254430	255,0,0	1000 0.00 0 1 0 0 0 0 0
chrI	254430	254431	a	1	-	254430	254431	255,0,0	1000 0.00 0 1 0 0 0 0 0
chrI	254431	254432	a	1	-	254431	254432	255,0,0	1000 0.00 0 1 0 0 0 0 0
chrI	254432	254433	a	1	-	254432	254433	255,0,0	1000 0.00 0 1 0 0 0 0 0
chrI	254433	254434	a	1	-	254433	254434	255,0,0	1000 0.00 0 1 0 0 0 0 0
chrI	254434	254435	a	1	-	254434	254435	255,0,0	1000 0.00 0 1 0 0 0 0 0
chrI	254435	254436	a	1	-	254435	254436	255,0,0	1000 0.00 0 1 0 0 0 0 0
chrI	254436	254437	a	1	-	254436	254437	255,0,0	1000 0.00 0 1 0 0 0 0 0
chrI	254437	254438	a	1	-	254437	254438	255,0,0	1000 0.00 0 1 0 0 0 0 0
chrI	254438	254439	a	1	-	254438	254439	255,0,0	1000 0.00 0 1 0 0 0 0 0
chrI	254439	254440	a	1	-	254439	254440	255,0,0	1000 0.00 0 1 0 0 0 0 0
chrI	254440	254441	a	1	-	254440	254441	255,0,0	1000 0.00 0 1 0 0 0 0 0
chrI	254441	254442	a	1	-	254441	254442	255,0,0	1000 0.00 0 1 0 0 0 0 0
chrI	254442	254443	a	1	-	254442	254443	255,0,0	1000 0.00 0 1 0 0 0 0 0
chrI	254443	254444	a	1	-	254443	254444	255,0,0	1000 0.00 0 1 0 0 0 0 0
chrI	254444	254445	a	1	-	254444	254445	255,0,0	1000 0.00 0 1 0 0 0 0 0
chrI	254445	254446	a	1	-	254445	254446	255,0,0	1000 0.00 0 1 0 0 0 0 0
chrI	254446	254447	a	1	-	254446	254447	255,0,0	1000 0.00 0 1 0 0 0 0 0
chrI	254447	254448	a	1	-	254447	254448	255,0,0	1000 0.00 0 1 0 0 0 0 0
chrI	254448	254449	a	1	-	254448	254449	255,0,0	1000 0.00 0 1 0 0 0 0 0
chrI	254449	254450	a	1	-	254449	254450	255,0,0	1000 0.00 0 1 0 0 0 0 0
chrI	254450	254451	a	1	-	254450	254451	255,0,0	1000 0.00 0 1 0 0 0 0 0
chrI	254451	254452	a	1	-	254451	254452	255,0,0	1000 0.00 0 1 0 0 0 0 0
chrI	254452	254453	a	1	-	254452	254453	255,0,0	1000 0.00 0 1 0 0 0 0 0
chrI	254453	254454	a	1	-	254453	254454	255,0,0	1000 0.00 0 1 0 0 0 0 0
chrI	254454	254455	a	1	-	254454	254455	255,0,0	1000 0.00 0 1 0 0 0 0 0
chrI	254455	254456	a	1	-	254455	254456	255,0,0	1000 0.00 0 1 0 0 0 0 0
chrI	254456	254457	a	1	-	254456	254457	255,0,0	1000 0.00 0 1 0 0 0 0 0
chrI	254457	254458	a	1	-	254457	254458	255,0,0	1000 0.00 0 1 0 0 0 0 0
chrI	254458	254459	a	1	-	254458	254459	255,0,0	1000 0.00 0 1 0 0 0 0 0
chrI	254459	254460	a	1	-	254459	254460	255,0,0	1000 0.00 0 1 0 0 0 0 0
chrI	254460	254461	a	1	-	254460	254461	255,0,0	1000 0.00 0 1 0 0 0 0 0
chrI	254461	254462	a	1	-	254461	254462	255,0,0	1000 0.00 0 1 0 0 0 0 0
chrI	254462	254463	a	1	-	254462	254463	255,0,0	1000 0.00 0 1 0 0 0 0 0
chrI	254463	254464	a	1	-	254463	254464	255,0,0	1000 0.00 0 1 0 0 0 0 0
chrI	254464	254465	a	1	-	254464	254465	255,0,0	1000 0.00 0 1 0 0 0 0 0
chrI	254465	254466	a	1	-	254465	254466	255,0,0	1000 0.00 0 1 0 0 0 0 0
chrI	254466	254467	a	1	-	254466	254467	255,0,0	1000 0.00 0 1 0 0 0 0 0
chrI	254467	254468	a	1	-	254467	254468	255,0,0	1000 0.00 0 1 0 0 0 0 0
chrI	254468	254469	a	1	-	254468	254469	255,0,0	1000 0.00 0 1 0 0 0 0 0
chrI	254469	254470	a	1	-	254469	254470	255,0,0	1000 0.00 0 1 0 0 0 0 0
chrI	254470	254471	a	1	-	254470	254471	255,0,0	1000 0.00 0 1 0 0 0 0 0
chrI	254471	254472	a	1	-	254471	254472	255,0,0	1000 0.00 0 1 0 0 0 0 0
chrI	254472	254473	a	1	-	254472	254473	255,0,0	1000 0.00 0 1 0 0 0 0 0
chrI	254473	254474	a	1	-	254473	254474	255,0,0	1000 0.00 0 1 0 0 0 0 0
chrI	254474	254475	a	1	-	254474	254475	255,0,0	1000 0.00 0 1 0 0 0 0 0
chrI	254475	254476	a	1	-	254475	254476	255,0,0	1000 0.00 0 1 0 0 0 0 0
chrI	254476	254477	a	1	-	254476	254477	255,0,0	1000 0.00 0 1 0 0 0 0 0
chrI	254477	254478	a	1	-	254477	254478	255,0,0	1000 0.00 0 1 0 0 0 0 0
chrI	254478	254479	a	1	-	254478	254479	255,0,0	1000 0.00 0 1 0 0 0 0 0
chrI	254479	254480	a	1	-	254479	254480	255,0,0	1000 0.00 0 1 0 0 0 0 0
chrI	254480	254481	a	1	-	254480	254481	255,0,0	1000 0.00 0 1 0 0 0 0 0
chrI	254481	254482	a	1	-	254481	254482	255,0,0	1000 0.00 0 1 0 0 0 0 0
chrI	254482	254483	a	1	-	254482	254483	255,0,0	1000 0.00 0 1 0 0 0 0 0
chrI	254483	254484	a	1	-	254483	254484	255,0,0	1000 0.00 0 1 0 0 0 0 0
chrI	254484	254485	a	1	-	254484	254485	255,0,0	1000 0.00 0 1 0 0 0 0 0
chrI	254485	254486	a	1	-	254485	254486	255,0,0	1000 0.00 0 1 0 0 0 0 0
chrI	254486	254487	a	1	-	254486	254487	255,0,0	1000 0.00 0 1 0 0 0 0 0
chrI	254487	254488	a	1	-	254487	254488	255,0,0	1000 0.00 0 1 0 0 0 0 0
chrI	254488	254489	a	1	-	254488	254489	255,0,0	1000 0.00 0 1 0 0 0 0 0
chrI	254489	254490	a	1	-	254489	254490	255,0,0	1000 0.00 0 1 0 0 0 0 0
chrI	254490	254491	a	1	-	254490	254491	255,0,0	1000 0.00 0 1 0 0 0 0 0
chrI	254491	254492	a	1	-	254491	254492	255,0,0	1000 0.00 0 1 0 0 0 0 0
chrI	254492	254493	a	1	-	254492	254493	255,0,0	1000 0.00 0 1 0 0 0 0 0
chrI	254493	254494	a	1	-	254493	254494	255,0,0	1000 0.00 0 1 0 0 0 0 0
chrI	254494	254495	a	1	-	254494	254495	255,0,0	1000 0.00 0 1 0 0 0 0 0
chrI	254495	254496	a	1	-	254495	254496	255,0,0	1000 0.00 0 1 0 0 0 0 0
chrI	254496	254497	a	1	-	254496	254497	255,0,0	1000 0.00 0 1 0 0 0 0 0
chrI	254497	254498	a	1	-	254497	254498	255,0,0	1000 0.00 0 1 0 0 0 0 0
chrI	254498	254499	a	1	-	254498	254499	255,0,0	1000 0.00 0 1 0 0 0 0 0
chrI	254499	254500	a	1	-	254499	254500	255,0,0	1000 0.00 0 1 0 0 0 0 0
chrI	254500	254501	a	1	-	254500	254501	255,0,0	1000 0.00 0 1 0 0 0 0 0
chrI	254501	254502	a	1	-	254501	254502	255,0,0	1000 0.00 0 1 0 0 0 0 0
chrI	254502	254503	a	1	-	254502	254503	255,0,0	1000 0.00 0 1 0 0 0 0 0
chrI	254503	254504	a	1	-	254503	254504	255,0,0	1000 0.00 0 1 0 0 0 0 0
chrI	254504	254505	a	1	-	254504	254505	255,0,0	1000 0.00 0 1 0 0 0 0 0
chrI	254505	254506	a	1	-	254505	254506	255,0,0	1000 0.00 0 1 0 0 0 0 0
chrI	254506	254507	a	1	-	254506	254507	255,0,0	1000 0.00 0 1 0 0 0 0 0
chrI	254507	254508	a	1	-	254507	254508	255,0,0	1000 0.00 0 1 0 0 0 0 0
chrI	254508	254509	a	1	-	254508	254509	255,0,0	1000 0.00 0 1 0 0 0 0 0
chrI	254509	254510	a	1	-	254509	254510	255,0,0	1000 0.00 0 1 0 0 0 0 0
chrI	254510	254511	a	1	-	254510	254511	255,0,0	1000 0.00 0 1 0 0 0 0 0
chrI	254511	254512	a	1	-	254511	254512	255,0,0	1000 0.00 0 1 0 0 0 0 0
chrI	254512	254513	a	1	-	254512	254513	255,0,0	1000 0.00 0 1 0 0 0 0 0
chrI	254513	254514	a	1	-	254513	254514	255,0,0	1000 0.00 0 1 0 0 0 0 0
chrI	254514	254515	a	1	-	254514	254515	255,0,0	1000 0.00 0 1 0 0 0 0 0
chrI	254515	254516	a	1	-	254515	254516	255,0,0	1000 0.00 0 1 0 0 0 0 0
chrI	254516	254517	a	1	-	254516	254517	255,0,0	1000 0.00 0 1 0 0 0 0 0
chrI	254517	254518	a	1	-	254517	254518	255,0,0	1000 0.00 0 1 0 0 0 0 0
chrI	254518	254519	a	1	-	254518	254519	255,0,0	1000 0.00 0 1 0 0 0 0 0
chrI	254519	254520	a	1	-	254519	254520	255,0,0	1000 0.00 0 1 0 0 0 0 0
chrI	254520	254521	a	1	-	254520	254521	255,0,0	1000 0.00 0 1 0 0 0 0 0
chrI	254521	254522	a	1	-	254521	254522	255,0,0	1000 0.00 0 1 0 0 0 0 0
chrI	254522	254523	a	1	-	254522	254523	255,0,0	1000 0.00 0 1 0 0 0 0 0
chrI	254523	254524	a	1	-	254523	254524	255,0,0	1000 0.00 0 1 0 0 0 0 0
chrI	254524	254525	a	1	-	254524	254525	255,0,0	1000 0.00 0 1 0 0 0 0 0
chrI	254525	254526	a	1	-	254525	254526	255,0,0	1000 0.00 0 1 0 0 0 0 0
chrI	254526	254527	a	1	-	254526	254527	255,0,0	1000 0.00 0 1 0 0 0 0 0
chrI	254527	254528	a	1	-	254527	254528	255,0,0	1000 0.00 0 1 0 0 0 0 0
chrI	254528	254529	a	1	-	254528	254529	255,0,0	1000 0.00 0 1 0 0 0 0 0
chrI	254529	254530	a	1	-	254529	254530	255,0,0	1000 0.00 0 1 0 0 0 0 0
chrI	254530	254531	a	1	-	254530	254531	255,0,0	1000 0.00 0 1 0 0 0 0 0
chrI	254531	254532	a	1	-	254531	254532	255,0,0	1000 0.00 0 1 0 0 0 0 0
chrI	254532	254533	a	1	-	254532	254533	255,0,0	1000 0.00 0 1 0 0 0 0 0
chrI	254533	254534	a	1	-	254533	254534	255,0,0	1000 0.00 0 1 0 0 0 0 0
chrI	254534	254535	a	1	-	254534	254535	255,0,0	1000 0.00 0 1 0 0 0 0 0
chrI	254535	254536	a	1	-	254535	254536	255,0,0	1000 0.00 0 1 0 0 0 0 0
chrI	254536	254537	a	1	-	254536	254537	255,0,0	1000 0.00 0 1 0 0 0 0 0
chrI	254537	254538	a	1	-	254537	254538	255,0,0	1000 0.00 0 1 0 0 0 0 0
chrI	254538	254539	a	1	-	254538	254539	255,0,0	1000 0.00 0 1 0 0 0 0 0
chrI	254539	254540	a	1	-	254539	254540	255,0,0	1000 0.00 0 1 0 0 0 0 0
chrI	254540	254541	a	1	-	254540	254541	255,0,0	1000 0.00 0 1 0 0 0 0 0
chrI	254541	254542	a	1	-	254541	254542	255,0,0	1000 0.00 0 1 0 0 0 0 0
chrI	254542	254543	a	1	-	254542	254543	255,0,0	1000 0.00 0 1 0 0 0 0 0
chrI	254543	254544	a	1	-	254543	254544	255,0,0	1000 0.00 0 1 0 0 0 0 0
chrI	254544	254545	a	1	-	254544	254545	255,0,0	1000 0.00 0 1 0 0 0 0 0
chrI	254545	254546	a	1	-	254545	254546	255,0,0	1000 0.00 0 1 0 0 0 0 0
chrI	254546	254547	a	1	-	254546	254547	255,0,0	1000 0.00 0 1 0 0 0 0 0
chrI	254547	254548	a	1	-	254547	254548	255,0,0	1000 0.00 0 1 0 0 0 0 0
chrI	254548	254549	a	1	-	254548	254549	255,0,0	1000 0.00 0 1 0 0 0 0 0
chrI	254549	254550	a	1	-	254549	254550	255,0,0	1000 0.00 0 1 0 0 0 0 0
chrI	254550	254551	a	1	-	254550	254551	255,0,0	1000 0.00 0 1 0 0 0 0 0
chrI	254551	254552	a	1	-	254551	254552	255,0,0	1000 0.00 0 1 0 0 0 0 0
chrI	254552	254553	a	1	-	254552	254553	255,0,0	1000 0.00 0 1 0 0 0 0 0
chrI	254553	254554	a	1	-	254553	254554	255,0,0	1000 0.00 0 1 0 0 0 0 0
chrI	254554	254555	a	1	-	254554	254555	255,0,0	1000 0.00 0 1 0 0 0 0 0
chrI	254555	254556	a	1	-	254555	254556	255,0,0	1000 0.00 0 1 0 0 0 0 0
chrI	254556	254557	a	1	-	254556	254557	255,0,0	1000 0.00 0 1 0 0 0 0 0
chrI	254557	254558	a	1	-	254557	254558	255,0,0	1000 0.00 0 1 0 0 0 0 0
chrI	254558	254559	a	1	-	254558	254559	255,0,0	1000 0.00 0 1 0 0 0 0 0
chrI	254559	254560	a	1	-	254559	254560	255,0,0	1000 0.00 0 1 0 0 0 0 0
chrI	254560	254561	a	1	-	254560	254561	255,0,0	1000 0.00 0 1 0 0 0 0 0
chrI	254561	254562	a	1	-	254561	254562	255,0,0	1000 0.00 0 1 0 0 0 0 0
chrI	254562	254563	a	1	-	254562	254563	255,0,0	1000 0.00 0 1 0 0 0 0 0
chrI	254563	254564	a	1	-	254563	254564	255,0,0	1000 0.00 0 1 0 0 0 0 0
chrI	254564	254565	a	1	-	254564	254565	255,0,0	1000 0.00 0 1 0 0 0 0 0
chrI	254565	254566	a	1	-	254565	254566	255,0,0	1000 0.00 0 1 0 0 0 0 0
chrI	254566	254567	a	1	-	254566	254567	255,0,0	1000 0.00 0 1 0 0 0 0 0
chrI	254567	254568	a	1	-	254567	254568	255,0,0	1000 0.00 0 1 0 0 0 0 0
chrI	254568	254569	a	1	-	254568	254569	255,0,0	1000 0.00 0 1 0 0 0 0 0
chrI	254569	254570	a	1	-	254569	254570	255,0,0	1000 0.00 0 1 0 0 0 0 0
chrI	254570	254571	a	1	-	254570	254571	255,0,0	1000 0.00 0 1 0 0 0 0 0
chrI	254571	254572	a	1	-	254571	254572	255,0,0	1000 0.00 0 1 0 0 0 0 0
chrI	254572	254573	a	1	-	254572	254573	255,0,0	1000 0.00 0 1 0 0 0 0 0
chrI	254573	254574	a	1	-	254573	254574	255,0,0	1000 0.00 0 1 0 0 0 0 0
chrI	254574	254575	a	1	-	254574	254575	255,0,0	1000 0.00 0 1 0 0 0 0 0
chrI	254575	254576	a	1	-	254575	254576	255,0,0	1000 0.00 0 1 0 0 0 0 0
chrI	254576	254577	a	1	-	254576	254577	255,0,0	1000 0.00 0 1 0 0 0 0 0
chrI	254577	254578	a	1	-	254577	254578	255,0,0	1000 0.00 0 1 0 0 0 0 0
chrI	254578	254579	a	1	-	254578	254579	255,0,0	1000 0.00 0 1 0 0 0 0 0
chrI	254579	254580	a	1	-	254579	254580	255,0,0	1000 0.00 0 1 0 0 0 0 0
chrI	254580	254581	a	1	-	254580	254581	255,0,0	1000 0.00 0 1 0 0 0 0 0
chrI	254581	254582	a	1	-	254581	254582	255,0,0	1000 0.00 0 1 0 0 0 0 0
chrI	254582	254583	a	1	-	254582	254583	255,0,0	1000 0.00 0 1 0 0 0 0 0
chrI	254583	254584	a	1	-	254583	254584	255,0,0	1000 0.00 0 1 0 0 0 0 0
chrI	254584	254585	a	1	-	254584	254585	255,0,0	1000 0.00 0 1 0 0 0 0 0
chrI	254585	254586	a	1	-	254585	254586	255,0,0	1000 0.00 0 1 0 0 0 0 0
chrI	254586	254587	a	1	-	254586	254587	255,0,0	1000 0.00 0 1 0 0 0 0 0
chrI	254587	254588	a	1	-	254587	254588	255,0,0	1000 0.00 0 1 0 0 0 0 0
chrI	254588	254589	a	1	-	254588	254589	255,0,0	1000 0.00 0 1 0 0 0 0 0
chrI	254589	254590	a	1	-	254589	254590	255,0,0	1000 0.00 0 1 0 0 0 0 0
chrI	254590	254591	a	1	-	254590	254591	255,0,0	1000 0.00 0 1 0 0 0 0 0
chrI	254591	254592	a	1	-	254591	254592	255,0,0	1000 0.00 0 1 0 0 0 0 0
chrI	254592	254593	a	1	-	254592	254593	255,0,0	1000 0.00 0 1 0 0 0 0 0
chrI	254593	254594	a	1	-	254593	254594	255,0,0	1000 0.00 0 1 0 0 0 0 0
chrI	254594	254595	a	1	-	254594	254595	255,0,0	1000 0.00 0 1 0 0 0 0 0
chrI	254595	254596	a	1	-	254595	254596	255,0,0	1000 0.00 0 1 0 0 0 0 0
chrI	254596	254597	a	1	-	254596	254597	255,0,0	1000 0.00 0 1 0 0 0 0 0
chrI	254597	254598	a	1	-	254597	254598	255,0,0	1000 0.00 0 1 0 0 0 0 0
chrI	254598	254599	a	1	-	254598	254599	255,0,0	1000 0.00 0 1 0 0 0 0 0
chrI	254599	254600	a	1	-	254599	254600	255,0,0	1000 0.00 0 1 0 0 0 0 0
chrI	254600	254601	a	1	-	254600	254601	255,0,0	1000 0.00 0 1 0 0 0 0 0
chrI	254601	254602	a	1	-	254601	254602	255,0,0	1000 0.00 0 1 0 0 0 0 0
chrI	254602	254603	a	1	-	254602	254603	255,0,0	1000 0.00 0 1 0 0 0 0 0
chrI	254603	254604	a	1	-	254603	254604	255,0,0	1000 0.00 0 1 0 0 0 0 0
chrI	254604	254605	a	1	-	254604	254605	255,0,0	1000 0.00 0 1 0 0 0 0 0
chrI	254605	254606	a	1	-	254605	254606	255,0,0	1000 0.00 0 1 0 0 0 0 0
chrI	254606	254607	a	1	-	254606	254607	255,0,0	1000 0.00 0 1 0 0 0 0 0
chrI	254607	254608	a	1	-	254607	254608	255,0,0	1000 0.00 0 1 0 0 0 0 0
chrI	254608	254609	a	1	-	254608	254609	255,0,0	1000 0.00 0 1 0 0 0 0 0
chrI	254609	254610	a	1	-	254609	254610	255,0,0	1000 0.00 0 1 0 0 0 0 0
chrI	254610	254611	a	1	-	254610	254611	255,0,0	1000 0.00 0 1 0 0 0 0 0
chrI	254611	254612	a	1	-	254611	254612	255,0,0	1000 0.00 0 1 0 0 0 0 0
chrI	254612	254613	a	1	-	254612	254613	255,0,0	1000 0.00 0 1 0 0 0 0 0
chrI	254613	254614	a	1	-	254613	254614	255,0,0	1000 0.00 0 1 0 0 0 0 0
chrI	254614	254615	a	1	-	254614	254615	255,0,0	1000 0.00 0 1 0 0 0 0 0
chrI	254615	254616	a	1	-	254615	254616	255,0,0	1000 0.00 0 1 0 0 0 0 0
chrI	254616	254617	a	1	-	254616	254617	255,0,0	1000 0.00 0 1 0 0 0 0 0
chrI	254617	254618	a	1	-	254617	254618	255,0,0	1000 0.00 0 1 0 0 0 0 0
chrI	254618	254619	a	1	-	254618	254619	255,0,0	1000 0.00 0 1 0 0 0 0 0
chrI	254619	254620	a	1	-	254619	254620	255,0,0	1000 0.00 0 1 0 0 0 0 0
chrI	254620	254621	a	1	-	254620	254621	255,0,0	1000 0.00 0 1 0 0 0 0 0
chrI	254621	254622	a	1	-	254621	254622	255,0,0	1000 0.00 0 1 0 0 0 0 0
chrI	254622	254623	a	1	-	254622	254623	255,0,0	1000 0.00 0 1 0 0 0 0 0
chrI	254623	254624	a	1	-	254623	254624	255,0,0	1000 0.00 0 1 0 0 0 0 0
chrI	254624	254625	a	1	-	254624	254625	255,0,0	1000 0.00 0 1 0 0 0 0 0
chrI	254625	254626	a	1	-	254625	254626	255,0,0	1000 0.00 0 1 0 0 0 0 0
chrI	254626	254627	a	1	-	254626	254627	255,0,0	1000 0.00 0 1 0 0 0 0 0
chrI	254627	254628	a	1	-	254627	254628	255,0,0	1000 0.00 0 1 0 0 0 0 0
chrI	254628	254629	a	1	-	254628	254629	255,0,0	1000 0.00 0 1 0 0 0 0 0
chrI	254629	254630	a	1	-	254629	254630	255,0,0	1000 0.00 0 1 0 0 0 0 0
chrI	254630	254631	a	1	-	254630	254631	255,0,0	1000 0.00 0 1 0 0 0 0 0
chrI	254631	254632	a	1	-	254631	254632	255,0,0	1000 0.00 0 1 0 0 0 0 0
chrI	254632	254633	a	1	-	254632	254633	255,0,0	1000 0.00 0 1 0 0 0 0 0
chrI	254633	254634	a	1	-	254633	254634	255,0,0	1000 0.00 0 1 0 0 0 0 0
chrI	254634	254635	a	1	-	254634	254635	255,0,0	1000 0.00 0 1 0 0 0 0 0
chrI	254635	254636	a	1	-	254635	254636	255,0,0	1000 0.00 0 1 0 0 0 0 0
chrI	254636	254637	a	1	-	254636	254637	255,0,0	1000 0.00 0 1 0 0 0 0 0
chrI	254637	254638	a	1	-	254637	254638	255,0,0	1000 0.00 0 1 0 0 0 0 0
chrI	254638	254639	a	1	-	254638	254639	255,0,0	1000 0.00 0 1 0 0 0 0 0
chrI	254639	254640	a	1	-	254639	254640	255,0,0	1000 0.00 0 1 0 0 0 0 0
chrI	254640	254641	a	1	-	254640	254641	255,0,0	1000 0.00 0 1 0 0 0 0 0
chrI	254641	254642	a	1	-	254641	254642	255,0,0	1000 0.00 0 1 0 0 0 0 0
chrI	254642	254643	a	1	-	254642	254643	255,0,0	1000 0.00 0 1 0 0 0 0 0
chrI	254643	254644	a	1	-	254643	254644	255,0,0	1000 0.00 0 1 0 0 0 0 0
chrI	254644	254645	a	1	-	254644	254645	255,0,0	1000 0.00 0 1 0 0 0 0 0
chrI	254645	254646	a	1	-	254645	254646	255,0,0	1000 0.00 0 1 0 0 0 0 0
chrI	254646	254647	a	1	-	254646	254647	255,0,0	1000 0.00 0 1 0 0 0 0 0
chrI	254647	254648	a	1	-	254647	254648	255,0,0	1000 0.00 0 1 0 0 0 0 0
chrI	254648	254649	a	1	-	254648	254649	255,0,0	1000 0.00 0 1 0 0 0 0 0
chrI	254649	254650	a	1	-	254649	254650	255,0,0	1000 0.00 0 1 0 0 0 0 0
chrI	254650	254651	a	1	-	254650	254651	255,0,0	1000 0.00 0 1 0 0 0 0 0
chrI	254651	254652	a	1	-	254651	254652	255,0,0	1000 0.00 0 1 0 0 0 0 0
chrI	254652	254653	a	1	-	254652	254653	255,0,0	1000 0.00 0 1 0 0 0 0 0
chrI	254653	254654	a	1	-	254653	254654	255,0,0	1000 0.00 0 1 0 0 0 0 0
chrI	254654	254655	a	1	-	254654	254655	255,0,0	1000 0.00 0 1 0 0 0 0 0
chrI	254655	254656	a	1	-	254655	254656	255,0,0	1000 0.00 0 1 0 0 0 0 0
chrI	254656	254657	a	1	-	254656	254657	255,0,0	1000 0.00 0 1 0 0 0 0 0
chrI	254657	254658	a	1	-	254657	254658	255,0,0	1000 0.00 0 1 0 0 0 0 0
chrI	254658	254659	a	1	-	254658	254659	255,0,0	1000 0.00 0 1 0 0 0 0 0
chrI	254659	254660	a	1	-	254659	254660	255,0,0	1000 0.00 0 1 0 0 0 0 0
chrI	254660	254661	a	1	-	254660	254661	255,0,0	1000 0.00 0 1 0 0 0 0 0
chrI	254661	254662	a	1	-	254661	254662	255,0,0	1000 0.00 0 1 0 0 0 0 0
chrI	254662	254663	a	1	-	254662	254663	255,0,0	1000 0.00 0 1 0 0 0 0 0
chrI	254663	254664	a	1	-	254663	254664	255,0,0	1000 0.00 0 1 0 0 0 0 0
chrI	254664	254665	a	1	-	254664	254665	255,0,0	1000 0.00 0 1 0 0 0 0 0
chrI	254665	254666	a	1	-	254665	254666	255,0,0	1000 0.00 0 1 0 0 0 0 0
chrI	254666	254667	a	1	-	254666	254667	255,0,0	1000 0.00 0 1 0 0 0 0 0
chrI	254667	254668	a	1	-	254667	254668	255,0,0	1000 0.00 0 1 0 0 0 0 0
chrI	254668	254669	a	1	-	254668	254669	255,0,0	1000 0.00 0 1 0 0 0 0 0
chrI	254669	254670	a	1	-	254669	254670	255,0,0	1000 0.00 0 1 0 0 0 0 0
chrI	254670	254671	a	1	-	254670	254671	255,0,0	1000 0.00 0 1 0 0 0 0 0
chrI	254671	254672	a	1	-	254671	254672	255,0,0	1000 0.00 0 1 0 0 0 0 0
chrI	254672	254673	a	1	-	254672	254673	255,0,0	1000 0.00 0 1 0 0 0 0 0
chrI	254673	254674	a	1	-	254673	254674	255,0,0	1000 0.00 0 1 0 0 0 0 0
chrI	254674	254675	a	1	-	254674	254675	255,0,0	1000 0.00 0 1 0 0 0 0 0
chrI	254675	254676	a	1	-	254675	254676	255,0,0	1000 0.00 0 1 0 0 0 0 0
chrI	254676	254677	a	1	-	254676	254677	255,0,0	1000 0.00 0 1 0 0 0 0 0
chrI	254677	254678	a	1	-	254677	254678	255,0,0	1000 0.00 0 1 0 0 0 0 0
chrI	254678	254679	a	1	-	254678	254679	255,0,0	1000 0.00 0 1 0 0 0 0 0
chrI	254679	254680	a	1	-	254679	254680	255,0,0	1000 0.00 0 1 0 0 0 0 0
chrI	254680	254681	a	1	-	254680	254681	255,0,0	1000 0.00 0 1 0 0 0 0 0
chrI	254681	254682	a	1	-	254681	254682	255,0,0	1000 0.00 0 1 0 0 0 0 0
chrI	254682	254683	a	1	-	254682	254683	255,0,0	1000 0.00 0 1 0 0 0 0 0
chrI	254683	254684	a	1	-	254683	254684	255,0,0	1000 0.00 0 1 0 0 0 0 0
chrI	254684	254685	a	1	-	254684	254685	255,0,0	1000 0.00 0 1 0 0 0 0 0
chrI	254685	254686	a	1	-	254685	254686	255,0,0	1000 0.00 0 1 0 0 0 0 0
chrI	254686	254687	a	1	-	254686	254687	255,0,0	1000 0.00 0 1 0 0 0 0 0
chrI	254687	254688	a	1	-	254687	254688	255,0,0	1000 0.00 0 1 0 0 0 0 0
chrI	254688	254689	a	1	-	254688	254689	255,0,0	1000 0.00 0 1 0 0 0 0 0
chrI	254689	254690	a	1	-	254689	254690	255,0,0	1000 0.00 0 1 0 0 0 0 0
chrI	254690	254691	a	1	-	254690	254691	255,0,0	1000 0.00 0 1 0 0 0 0 0
chrI	254691	254692	a	1	-	254691	254692	255,0,0	1000 0.00 0 1 0 0 0 0 0
chrI	254692	254693	a	1	-	254692	254693	255,0,0	1000 0.00 0 1 0 0 0 0 0
chrI	254693	254694	a	1	-	254693	254694	255,0,0	1000 0.00 0 1 0 0 0 0 0
chrI	254694	254695	a	1	-	254694	254695	255,0,0	1000 0.00 0 1 0 0 0 0 0
chrI	254695	254696	a	1	-	254695	254696	255,0,0	1000 0.00 0 1 0 0 0 0 0
chrI	254696	254697	a	1	-	254696	254697	255,0,0	1000 0.00 0 1 0 0 0 0 0
chrI	254697	254698	a	1	-	254697	254698	255,0,0	1000 0.00 0 1 0 0 0 0 0
chrI	254698	254699	a	1	-	254698	254699	255,0,0	1000 0.00 0 1 0 0 0 0 0
chrI	254699	254700	a	1	-	254699	254700	255,0,0	1000 0.00 0 1 0 0 0 0 0
chrI	254700	254701	a	1	-	254700	254701	255,0,0	1000 0.00 0 1 0 0 0 0 0
chrI	254701	254702	a	1	-	254701	254702	255,0,0	1000 0.00 0 1 0 0 0 0 0
chrI	254702	254703	a	1	-	254702	254703	255,0,0	1000 0.00 0 1 0 0 0 0 0
chrI	254703	254704	a	1	-	254703	254704	255,0,0	1000 0.00 0 1 0 0 0 0 0
chrI	254704	254705	a	1	-	254704	254705	255,0,0	1000 0.00 0 1 0 0 0 0 0
chrI	254705	254706	a	1	-	254705	254706	255,0,0	1000 0.00 0 1 0 0 0 0 0
chrI	254706	254707	a	1	-	254706	254707	255,0,0	1000 0.00 0 1 0 0 0 0 0
chrI	254707	254708	a	1	-	254707	254708	255,0,0	1000 0.00 0 1 0 0 0 0 0
chrI	254708	254709	a	1	-	254708	254709	255,0,0	1000 0.00 0 1 0 0 0 0 0
chrI	254709	254710	a	1	-	254709	254710	255,0,0	1000 0.00 0 1 0 0 0 0 0
chrI	254710	254711	a	1	-	254710	254711	255,0,0	1000 0.00 0 1 0 0 0 0 0
chrI	254711	254712	a	1	-	254711	254712	255,0,0	1000 0.00 0 1 0 0 0 0 0
chrI	254712	254713	a	1	-	254712	254713	255,0,0	1000 0.00 0 1 0 0 0 0 0
chrI	254713	254714	a	1	-	254713	254714	255,0,0	1000 0.00 0 1 0 0 0 0 0
chrI	254714	254715	a	1	-	254714	254715	255,0,0	1000 0.00 0 1 0 0 0 0 0
chrI	254715	254716	a	1	-	254715	254716	255,0,0	1000 0.00 0 1 0 0 0 0 0
chrI	254716	254717	a	1	-	254716	254717	255,0,0	1000 0.00 0 1 0 0 0 0 0
chrI	254717	254718	a	1	-	254717	254718	255,0,0	1000 0.00 0 1 0 0 0 0 0
chrI	254718	254719	a	1	-	254718	254719	255,0,0	1000 0.00 0 1 0 0 0 0 0
chrI	254719	254720	a	1	-	254719	254720	255,0,0	1000 0.00 0 1 0 0 0 0 0
chrI	254720	254721	a	1	-	254720	254721	255,0,0	1000 0.00 0 1 0 0 0 0 0
chrI	254721	254722	a	1	-	254721	254722	255,0,0	1000 0.00 0 1 0 0 0 0 0
chrI	254722	254723	a	1	-	254722	254723	255,0,0	1000 0.00 0 1 0 0 0 0 0
chrI	254723	254724	a	1	-	254723	254724	255,0,0	1000 0.00 0 1 0 0 0 0 0
chrI	254724	254725	a	1	-	254724	254725	255,0,0	1000 0.00 0 1 0 0 0 0 0
chrI	254725	254726	a	1	-	254725	254726	255,0,0	1000 0.00 0 1 0 0 0 0 0
chrI	254726	254727	a	1	-	254726	254727	255,0,0	1000 0.00 0 1 0 0 0 0 0
chrI	254727	254728	a	1	-	254727	254728	255,0,0	1000 0.00 0 1 0 0 0 0 0
chrI	254728	254729	a	1	-	254728	254729	255,0,0	1000 0.00 0 1 0 0 0 0 0
chrI	254729	254730	a	1	-	254729	254730	255,0,0	1000 0.00 0 1 0 0 0 0 0
chrI	254730	254731	a	1	-	254730	254731	255,0,0	1000 0.00 0 1 0 0 0 0 0
chrI	254731	254732	a	1	-	254731	254732	255,0,0	1000 0.00 0 1 0 0 0 0 0
chrI	254732	254733	a	1	-	254732	254733	255,0,0	1000 0.00 0 1 0 0 0 0 0
chrI	254733	254734	a	1	-	254733	254734	255,0,0	1000 0.00 0 1 0 0 0 0 0
chrI	254734	254735	a	1	-	254734	254735	255,0,0	1000 0.00 0 1 0 0 0 0 0
chrI	254735	254736	a	1	-	254735	254736	255,0,0	1000 0.00 0 1 0 0 0 0 0
chrI	254736	254737	a	1	-	254736	254737	255,0,0	1000 0.00 0 1 0 0 0 0 0
chrI	254737	254738	a	1	-	254737	254738	255,0,0	1000 0.00 0 1 0 0 0 0 0
chrI	254738	254739	a	1	-	254738	254739	255,0,0	1000 0.00 0 1 0 0 0 0 0
chrI	254739	254740	a	1	-	254739	254740	255,0,0	1000 0.00 0 1 0 0 0 0 0
chrI	254740	254741	a	1	-	254740	254741	255,0,0	1000 0.00 0 1 0 0 0 0 0
chrI	254741	254742	a	1	-	254741	254742	255,0,0	1000 0.00 0 1 0 0 0 0 0
chrI	254742	254743	a	1	-	254742	254743	255,0,0	1000 0.00 0 1 0 0 0 0 0
chrI	254743	254744	a	1	-	254743	254744	255,0,0	1000 0.00 0 1 0 0 0 0 0
chrI	254744	254745	a	1	-	254744	254745	255,0,0	1000 0.00 0 1 0 0 0 0 0
chrI	254745	254746	a	1	-	254745	254746	255,0,0	1000 0.00 0 1 0 0 0 0 0
chrI	254746	254747	a	1	-	254746	254747	255,0,0	1000 0.00 0 1 0 0 0 0 0
chrI	254747	254748	a	1	-	254747	254748	255,0,0	1000 0.00 0 1 0 0 0 0 0
chrI	254748	254749	a	1	-	254748	254749	255,0,0	1000 0.00 0 1 0 0 0 0 0
chrI	254749	254750	a	1	-	254749	254750	255,0,0	1000 0.00 0 1 0 0 0 0 0
chrI	254750	254751	a	1	-	254750	254751	255,0,0	1000 0.00 0 1 0 0 0 0 0
chrI	254751	254752	a	1	-	254751	254752	255,0,0	1000 0.00 0 1 0 0 0 0 0
chrI	254752	254753	a	1	-	254752	254753	255,0,0	1000 0.00 0 1 0 0 0 0 0
chrI	254753	254754	a	1	-	254753	254754	255,0,0	1000 0.00 0 1 0 0 0 0 0
chrI	254754	254755	a	1	-	254754	254755	255,0,0	1000 0.00 0 1 0 0 0 0 0
chrI	254755	254756	a	1	-	254755	254756	255,0,0	1000 0.00 0 1 0 0 0 0 0
chrI	254756	254757	a	1	-	254756	254757	255,0,0	1000 0.00 0 1 0 0 0 0 0
chrI	254757	254758	a	1	-	254757	254758	255,0,0	1000 0.00 0 1 0 0 0 0 0
chrI	254758	254759	a	1	-	254758	254759	255,0,0	1000 0.00 0 1 0 0 0 0 0
chrI	254759	254760	a	1	-	254759	254760	255,0,0	1000 0.00 0 1 0 0 0 0 0
chrI	254760	254761	a	1	-	254760	254761	255,0,0	1000 0.00 0 1 0 0 0 0 0
chrI	254761	254762	a	1	-	254761	254762	255,0,0	1000 0.00 0 1 0 0 0 0 0
chrI	254762	254763	a	1	-	254762	254763	255,0,0	1000 0.00 0 1 0 0 0 0 0
chrI	254763	254764	a	1	-	254763	254764	255,0,0	1000 0.00 0 1 0 0 0 0 0
chrI	254764	254765	a	1	-	254764	254765	255,0,0	1000 0.00 0 1 0 0 0 0 0
chrI	254765	254766	a	1	-	254765	254766	255,0,0	1000 0.00 0 1 0 0 0 0 0
chrI	254766	254767	a	1	-	254766	254767	255,0,0	1000 0.00 0 1 0 0 0 0 0
chrI	254767	254768	a	1	-	254767	254768	255,0,0	1000 0.00 0 1 0 0 0 0 0
chrI	254768	254769	a	1	-	254768	254769	255,0,0	1000 0.00 0 1 0 0 0 0 0
chrI	254769	254770	a	1	-	254769	254770	255,0,0	1000 0.00 0 1 0 0 0 0 0
chrI	254770	254771	a	1	-	254770	254771	255,0,0	1000 0.00 0 1 0 0 0 0 0
chrI	254771	254772	a	1	-	254771	254772	255,0,0	1000 0.00 0 1 0 0 0 0 0
chrI	254772	254773	a	1	-	254772	254773	255,0,0	1000 0.00 0 1 0 0 0 0 0
chrI	254773	254774	a	1	-	254773	254774	255,0,0	1000 0.00 0 1 0 0 0 0 0
chrI	254774	254775	a	1	-	254774	254775	255,0,0	1000 0.00 0 1 0 0 0 0 0
chrI	254775	254776	a	1	-	254775	254776	255,0,0	1000 0.00 0 1 0 0 0 0 0
chrI	254776	254777	a	1	-	254776	254777	255,0,0	1000 0.00 0 1 0 0 0 0 0
chrI	254777	254778	a	1	-	254777	254778	255,0,0	1000 0.00 0 1 0 0 0 0 0
chrI	254778	254779	a	1	-	254778	254779	255,0,0	1000 0.00 0 1 0 0 0 0 0
chrI	254779	254780	a	1	-	254779	254780	255,0,0	1000 0.00 0 1 0 0 0 0 0
chrI	254780	254781	a	1	-	254780	254781	255,0,0	1000 0.00 0 1 0 0 0 0 0
chrI	254781	254782	a	1	-	254781	254782	255,0,0	1000 0.00 0 1 0 0 0 0 0
chrI	254782	254783	a	1	-	254782	254783	255,0,0	1000 0.00 0 1 0 0 0 0 0
chrI	254783	254784	a	1	-	254783	254784	255,0,0	1000 0.00 0 1 0 0 0 0 0
chrI	254784	254785	a	1	-	254784	254785	255,0,0	1000 0.00 0 1 0 0 0 0 0
chrI	254785	254786	a	1	-	254785	254786	255,0,0	1000 0.00 0 1 0 0 0 0 0
chrI	254786	254787	a	1	-	254786	254787	255,0,0	1000 0.00 0 1 0 0 0 0 0
chrI	254787	254788	a	1	-	254787	254788	255,0,0	1000 0.00 0 1 0 0 0 0 0
chrI	254788	254789	a	1	-	254788	254789	255,0,0	1000 0.00 0 1 0 0 0 0 0
chrI	254789	254790	a	1	-	254789	254790	255,0,0	1000 0.00 0 1 0 0 0 0 0
chrI	254790	254791	a	1	-	254790	254791	255,0,0	1000 0.00 0 1 0 0 0 0 0
chrI	254791	254792	a	1	-	254791	254792	255,0,0	1000 0.00 0 1 0 0 0 0 0
chrI	254792	254793	a	1	-	254792	254793	255,0,0	1000 0.00 0 1 0 0 0 0 0
chrI	254793	254794	a	1	-	254793	254794	255,0,0	1000 0.00 0 1 0 0 0 0 0
chrI	254794	254795	a	1	-	254794	254795	255,0,0	1000 0.00 0 1 0 0 0 0 0
chrI	254795	254796	a	1	-	254795	254796	255,0,0	1000 0.00 0 1 0 0 0 0 0
chrI	254796	254797	a	1	-	254796	254797	255,0,0	1000 0.00 0 1 0 0 0 0 0
chrI	254797	254798	a	1	-	254797	254798	255,0,0	1000 0.00 0 1 0 0 0 0 0
chrI	254798	254799	a	1	-	254798	254799	255,0,0	1000 0.00 0 1 0 0 0 0 0
chrI	254799	254800	a	1	-	254799	254800	255,0,0	1000 0.00 0 1 0 0 0 0 0
chrI	254800	254801	a	1	-	254800	254801	255,0,0	1000 0.00 0 1 0 0 0 0 0
chrI	254801	254802	a	1	-	254801	254802	255,0,0	1000 0.00 0 1 0 0 0 0 0
chrI	254802	254803	a	1	-	254802	254803	255,0,0	1000 0.00 0 1 0 0 0 0 0
chrI	254803	254804	a	1	-	254803	254804	255,0,0	1000 0.00 0 1 0 0 0 0 0
chrI	254804	254805	a	1	-	254804	254805	255,0,0	1000 0.00 0 1 0 0 0 0 0
chrI	254805	254806	a	1	-	254805	254806	255,0,0	1000 0.00 0 1 0 0 0 0 0
chrI	254806	254807	a	1	-	254806	254807	255,0,0	1000 0.00 0 1 0 0 0 0 0
chrI	254807	254808	a	1	-	254807	254808	255,0,0	1000 0.00 0 1 0 0 0 0 0
chrI	254808	254809	a	1	-	254808	254809	255,0,0	1000 0.00 0 1 0 0 0 0 0
chrI	254809	254810	a	1	-	254809	254810	255,0,0	1000 0.00 0 1 0 0 0 0 0
chrI	254810	254811	a	1	-	254810	254811	255,0,0	1000 0.00 0 1 0 0 0 0 0
chrI	254811	254812	a	1	-	254811	254812	255,0,0	1000 0.00 0 1 0 0 0 0 0
chrI	254812	254813	a	1	-	254812	254813	255,0,0	1000 0.00 0 1 0 0 0 0 0
chrI	254813	254814	a	1	-	254813	254814	255,0,0	1000 0.00 0 1 0 0 0 0 0
chrI	254814	254815	a	1	-	254814	254815	255,0,0	1000 0.00 0 1 0 0 0 0 0
chrI	254815	254816	a	1	-	254815	254816	255,0,0	1000 0.00 0 1 0 0 0 0 0
chrI	254816	254817	a	1	-	254816	254817	255,0,0	1000 0.00 0 1 0 0 0 0 0
chrI	254817	254818	a	1	-	254817	254818	255,0,0	1000 0.00 0 1 0 0 0 0 0
chrI	254818	254819	a	1	-	254818	254819	255,0,0	1000 0.00 0 1 0 0 0 0 0
chrI	254819	254820	a	1	-	254819	254820	255,0,0	1000 0.00 0 1 0 0 0 0 0
chrI	254820	254821	a	1	-	254820	254821	255,0,0	1000 0.00 0 1 0 0 0 0 0
chrI	254821	254822	a	1	-	254821	254822	255,0,0	1000 0.00 0 1 0 0 0 0 0
chrI	254822	254823	a	1	-	254822	254823	255,0,0	1000 0.00 0 1 0 0 0 0 0
chrI	254823	254824	a	1	-	254823	254824	255,0,0	1000 0.00 0 1 0 0 0 0 0
chrI	254824	254825	a	1	-	254824	254825	255,0,0	1000 0.00 0 1 0 0 0 0 0
chrI	254825	254826	a	1	-	254825	254826	255,0,0	1000 0.00 0 1 0 0 0 0 0
chrI	254826	254827	a	1	-	254826	254827	255,0,0	1000 0.00 0 1 0 0 0 0 0
chrI	254827	254828	a	1	-	254827	254828	255,0,0	1000 0.00 0 1 0 0 0 0 0
chrI	254828	254829	a	1	-	254828	254829	255,0,0	1000 0.00 0 1 0 0 0 0 0
chrI	254829	254830	a	1	-	254829	254830	255,0,0	1000 0.00 0 1 0 0 0 0 0
chrI	254830	254831	a	1	-	254830	254831	255,0,0	1000 0.00 0 1 0 0 0 0 0
chrI	254831	254832	a	1	-	254831	254832	255,0,0	1000 0.00 0 1 0 0 0 0 0
chrI	254832	254833	a	1	-	254832	254833	255,0,0	1000 0.00 0 1 0 0 0 0 0
chrI	254833	254834	a	1	-	254833	254834	255,0,0	1000 0.00 0 1 0 0 0 0 0
chrI	254834	254835	a	1	-	254834	254835	255,0,0	1000 0.00 0 1 0 0 0 0 0
chrI	254835	254836	a	1	-	254835	254836	255,0,0	1000 0.00 0 1 0 0 0 0 0
chrI	254836	254837	a	1	-	254836	254837	255,0,0	1000 0.00 0 1 0 0 0 0 0
chrI	254837	254838	a	1	-	254837	254838	255,0,0	1000 0.00 0 1 0 0 0 0 0
chrI	254838	254839	a	1	-	254838	254839	255,0,0	1000 0.00 0 1 0 0 0 0 0
chrI	254839	254840	a	1	-	254839	254840	255,0,0	1000 0.00 0 1 0 0 0 0 0
chrI	254840	254841	a	1	-	254840	254841	255,0,0	1000 0.00 0 1 0 0 0 0 0
chrI	254841	254842	a	1	-	254841	254842	255,0,0	1000 0.00 0 1 0 0 0 0 0
chrI	254842	254843	a	1	-	254842	254843	255,0,0	1000 0.00 0 1 0 0 0 0 0
chrI	254843	254844	a	1	-	254843	254844	255,0,0	1000 0.00 0 1 0 0 0 0 0
chrI	254844	254845	a	1	-	254844	254845	255,0,0	1000 0.00 0 1 0 0 0 0 0
chrI	254845	254846	a	1	-	254845	254846	255,0,0	1000 0.00 0 1 0 0 0 0 0
chrI	254846	254847	a	1	-	254846	254847	255,0,0	1000 0.00 0 1 0 0 0 0 0
chrI	254847	254848	a	1	-	254847	254848	255,0,0	1000 0.00 0 1 0 0 0 0 0
chrI	254848	254849	a	1	-	254848	254849	255,0,0	1000 0.00 0 1 0 0 0 0 0
chrI	254849	254850	a	1	-	254849	254850	255,0,0	1000 0.00 0 1 0 0 0 0 0
chrI	254850	254851	a	1	-	254850	254851	255,0,0	1000 0.00 0 1 0 0 0 0 0
chrI	254851	254852	a	1	-	254851	254852	255,0,0	1000 0.00 0 1 0 0 0 0 0
chrI	254852	254853	a	1	-	254852	254853	255,0,0	1000 0.00 0 1 0 0 0 0 0
chrI	254853	254854	a	1	-	254853	254854	255,0,0	1000 0.00 0 1 0 0 0 0 0
chrI	254854	254855	a	1	-	254854	254855	255,0,0	1000 0.00 0 1 0 0 0 0 0
chrI	254855	254856	a	1	-	254855	254856	255,0,0	1000 0.00 0 1 0 0 0 0 0
chrI	254856	254857	a	1	-	254856	254857	255,0,0	1000 0.00 0 1 0 0 0 0 0
chrI	254857	254858	a	1	-	254857	254858	255,0,0	1000 0.00 0 1 0 0 0 0 0
chrI	254858	254859	a	1	-	254858	254859	255,0,0	1000 0.00 0 1 0 0 0 0 0
chrI	254859	254860	a	1	-	254859	254860	255,0,0	1000 0.00 0 1 0 0 0 0 0
chrI	254860	254861	a	1	-	254860	254861	255,0,0	1000 0.00 0 1 0 0 0 0 0
chrI	254861	254862	a	1	-	254861	254862	255,0,0	1000 0.00 0 1 0 0 0 0 0
chrI	254862	254863	a	1	-	254862	254863	255,0,0	1000 0.00 0 1 0 0 0 0 0
chrI	254863	254864	a	1	-	254863	254864	255,0,0	1000 0.00 0 1 0 0 0 0 0
chrI	254864	254865	a	1	-	254864	254865	255,0,0	1000 0.00 0 1 0 0 0 0 0
chrI	254865	254866	a	1	-	254865	254866	255,0,0	1000 0.00 0 1 0 0 0 0 0
chrI	254866	254867	a	1	-	254866	254867	255,0,0	1000 0.00 0 1 0 0 0 0 0
chrI	254867	254868	a	1	-	254867	254868	255,0,0	1000 0.00 0 1 0 0 0 0 0
chrI	254868	254869	a	1	-	254868	254869	255,0,0	1000 0.00 0 1 0 0 0 0 0
chrI	254869	254870	a	1	-	254869	254870	255,0,0	1000 0.00 0 1 0 0 0 0 0
chrI	254870	254871	a	1	-	254870	254871	255,0,0	1000 0.00 0 1 0 0 0 0 0
chrI	254871	254872	a	1	-	254871	254872	255,0,0	1000 0.00 0 1 0 0 0 0 0
chrI	254872	254873	a	1	-	254872	254873	255,0,0	1000 0.00 0 1 0 0 0 0 0
chrI	254873	254874	a	1	-	254873	254874	255,0,0	1000 0.00 0 1 0 0 0 0 0
chrI	254874	254875	a	1	-	254874	254875	255,0,0	1000 0.00 0 1 0 0 0 0 0
chrI	254875	254876	a	1	-	254875	254876	255,0,0	1000 0.00 0 1 0 0 0 0 0
chrI	254876	254877	a	1	-	254876	254877	255,0,0	1000 0.00 0 1 0 0 0 0 0
chrI	254877	254878	a	1	-	254877	254878	255,0,0	1000 0.00 0 1 0 0 0 0 0
chrI	254878	254879	a	1	-	254878	254879	255,0,0	1000 0.00 0 1 0 0 0 0 0
chrI	254879	254880	a	1	-	254879	254880	255,0,0	1000 0.00 0 1 0 0 0 0 0
chrI	254880	254881	a	1	-	254880	254881	255,0,0	1000 0.00 0 1 0 0 0 0 0
chrI	254881	254882	a	1	-	254881	254882	255,0,0	1000 0.00 0 1 0 0 0 0 0
chrI	254882	254883	a	1	-	254882	254883	255,0,0	1000 0.00 0 1 0 0 0 0 0
chrI	254883	254884	a	1	-	254883	254884	255,0,0	1000 0.00 0 1 0 0 0 0 0
chrI	254884	254885	a	1	-	254884	254885	255,0,0	1000 0.00 0 1 0 0 0 0 0
chrI	254885	254886	a	1	-	254885	254886	255,0,0	1000 0.00 0 1 0 0 0 0 0
chrI	254886	254887	a	1	-	254886	254887	255,0,0	1000 0.00 0 1 0 0 0 0 0
chrI	254887	254888	a	1	-	254887	254888	255,0,0	1000 0.00 0 1 0 0 0 0 0
chrI	254888	254889	a	1	-	254888	254889	255,0,0	1000 0.00 0 1 0 0 0 0 0
chrI	254889	254890	a	1	-	254889	254890	255,0,0	1000 0.00 0 1 0 0 0 0 0
chrI	254890	254891	a	1	-	254890	254891	255,0,0	1000 0.00 0 1 0 0 0 0 0
chrI	254891	254892	a	1	-	254891	254892	255,0,0	1000 0.00 0 1 0 0 0 0 0
chrI	254892	254893	a	1	-	254892	254893	255,0,0	1000 0.00 0 1 0 0 0 0 0
chrI	254893	254894	a	1	-	254893	254894	255,0,0	1000 0.00 0 1 0 0 0 0 0
chrI	254894	254895	a	1	-	254894	254895	255,0,0	1000 0.00 0 1 0 0 0 0 0
chrI	254895	254896	a	1	-	254895	254896	255,0,0	1000 0.00 0 1 0 0 0 0 0
chrI	254896	254897	a	1	-	254896	254897	255,0,0	1000 0.00 0 1 0 0 0 0 0
chrI	254897	254898	a	1	-	254897	254898	255,0,0	1000 0.00 0 1 0 0 0 0 0
chrI	254898	254899	a	1	-	254898	254899	255,0,0	1000 0.00 0 1 0 0 0 0 0
chrI	254899	254900	a	1	-	254899	254900	255,0,0	1000 0.00 0 1 0 0 0 0 0
chrI	254900	254901	a	1	-	254900	254901	255,0,0	1000 0.00 0 1 0 0 0 0 0
chrI	254901	254902	a	1	-	254901	254902	255,0,0	1000 0.00 0 1 0 0 0 0 0
chrI	254902	254903	a	1	-	254902	254903	255,0,0	1000 0.00 0 1 0 0 0 0 0
chrI	254903	254904	a	1	-	254903	254904	255,0,0	1000 0.00 0 1 0 0 0 0 0
chrI	254904	254905	a	1	-	254904	254905	255,0,0	1000 0.00 0 1 0 0 0 0 0
chrI	254905	254906	a	1	-	254905	254906	255,0,0	1000 0.00 0 1 0 0 0 0 0
chrI	254906	254907	a	1	-	254906	254907	255,0,0	1000 0.00 0 1 0 0 0 0 0
chrI	254907	254908	a	1	-	254907	254908	255,0,0	1000 0.00 0 1 0 0 0 0 0
chrI	254908	254909	a	1	-	254908	254909	255,0,0	1000 0.00 0 1 0 0 0 0 0
chrI	254909	254910	a	1	-	254909	254910	255,0,0	1000 0.00 0 1 0 0 0 0 0
chrI	254910	254911	a	1	-	254910	254911	255,0,0	1000 0.00 0 1 0 0 0 0 0
chrI	254911	254912	a	1	-	254911	254912	255,0,0	1000 0.00 0 1 0 0 0 0 0
chrI	254912	254913	a	1	-	254912	254913	255,0,0	1000 0.00 0 1 0 0 0 0 0
chrI	254913	254914	a	1	-	254913	254914	255,0,0	1000 0.00 0 1 0 0 0 0 0
chrI	254914	254915	a	1	-	254914	254915	255,0,0	1000 0.00 0 1 0 0 0 0 0
chrI	254915	254916	a	1	-	254915	254916	255,0,0	1000 0.00 0 1 0 0 0 0 0
chrI	254916	254917	a	1	-	254916	254917	255,0,0	1000 0.00 0 1 0 0 0 0 0
chrI	254917	254918	a	1	-	254917	254918	255,0,0	1000 0.00 0 1 0 0 0 0 0
chrI	254918	254919	a	1	-	254918	254919	255,0,0	1000 0.00 0 1 0 0 0 0 0
chrI	254919	254920	a	1	-	254919	254920	255,0,0	1000 0.00 0 1 0 0 0 0 0
chrI	254920	254921	a	1	-	254920	254921	255,0,0	1000 0.00 0 1 0 0 0 0 0
chrI	254921	254922	a	1	-	254921	254922	255,0,0	1000 0.00 0 1 0 0 0 0 0
chrI	254922	254923	a	1	-	254922	254923	255,0,0	1000 0.00 0 1 0 0 0 0 0
chrI	254923	254924	a	1	-	254923	254924	255,0,0	1000 0.00 0 1 0 0 0 0 0
chrI	254924	254925	a	1	-	254924	254925	255,0,0	1000 0.00 0 1 0 0 0 0 0
chrI	254925	254926	a	1	-	254925	254926	255,0,0	1000 0.00 0 1 0 0 0 0 0
chrI	254926	254927	a	1	-	254926	254927	255,0,0	1000 0.00 0 1 0 0 0 0 0
chrI	254927	254928	a	1	-	254927	254928	255,0,0	1000 0.00 0 1 0 0 0 0 0
chrI	254928	254929	a	1	-	254928	254929	255,0,0	1000 0.00 0 1 0 0 0 0 0
chrI	254929	254930	a	1	-	254929	254930	255,0,0	1000 0.00 0 1 0 0 0 0 0
chrI	254930	254931	a	1	-	254930	254931	255,0,0	1000 0.00 0 1 0 0 0 0 0
chrI	254931	254932	a	1	-	254931	254932	255,0,0	1000 0.00 0 1 0 0 0 0 0
chrI	254932	254933	a	1	-	254932	254933	255,0,0	1000 0.00 0 1 0 0 0 0 0
chrI	254933	254934	a	1	-	254933	254934	255,0,0	1000 0.00 0 1 0 0 0 0 0
chrI	254934	254935	a	1	-	254934	254935	255,0,0	1000 0.00 0 1 0 0 0 0 0
chrI	254935	254936	a	1	-	254935	254936	255,0,0	1000 0.00 0 1 0 0 0 0 0
chrI	254936	254937	a	1	-	254936	254937	255,0,0	1000 0.00 0 1 0 0 0 0 0
chrI	254937	254938	a	1	-	254937	254938	255,0,0	1000 0.00 0 1 0 0 0 0 0
chrI	254938	254939	a	1	-	254938	254939	255,0,0	1000 0.00 0 1 0 0 0 0 0
chrI	254939	254940	a	1	-	254939	254940	255,0,0	1000 0.00 0 1 0 0 0 0 0
chrI	254940	254941	a	1	-	254940	254941	255,0,0	1000 0.00 0 1 0 0 0 0 0
chrI	254941	254942	a	1	-	254941	254942	255,0,0	1000 0.00 0 1 0 0 0 0 0
chrI	254942	254943	a	1	-	254942	254943	255,0,0	1000 0.00 0 1 0 0 0 0 0
chrI	254943	254944	a	1	-	254943	254944	255,0,0	1000 0.00 0 1 0 0 0 0 0
chrI	254944	254945	a	1	-	254944	254945	255,0,0	1000 0.00 0 1 0 0 0 0 0
chrI	254945	254946	a	1	-	254945	254946	255,0,0	1000 0.00 0 1 0 0 0 0 0
chrI	254946	254947	a	1	-	254946	254947	255,0,0	1000 0.00 0 1 0 0 0 0 0
chrI	254947	254948	a	1	-	254947	254948	255,0,0	1000 0.00 0 1 0 0 0 0 0
chrI	254948	254949	a	1	-	254948	254949	255,0,0	1000 0.00 0 1 0 0 0 0 0
chrI	254949	254950	a	1	-	254949	254950	255,0,0	1000 0.00 0 1 0 0 0 0 0
chrI	254950	254951	a	1	-	254950	254951	255,0,0	1000 0.00 0 1 0 0 0 0 0
chrI	254951	254952	a	1	-	254951	254952	255,0,0	1000 0.00 0 1 0 0 0 0 0
chrI	254952	254953	a	1	-	254952	254953	255,0,0	1000 0.00 0 1 0 0 0 0 0
chrI	254953	254954	a	1	-	254953	254954	255,0,0	1000 0.00 0 1 0 0 0 0 0
chrI	254954	254955	a	1	-	254954	254955	255,0,0	1000 0.00 0 1 0 0 0 0 0
chrI	254955	254956	a	1	-	254955	254956	255,0,0	1000 0.00 0 1 0 0 0 0 0
chrI	254956	254957	a	1	-	254956	254957	255,0,0	1000 0.00 0 1 0 0 0 0 0
chrI	254957	254958	a	1	-	254957	254958	255,0,0	1000 0.00 0 1 0 0 0 0 0
chrI	254958	254959	a	1	-	254958	254959	255,0,0	1000 0.00 0 1 0 0 0 0 0
chrI	254959	254960	a	1	-	254959	254960	255,0,0	1000 0.00 0 1 0 0 0 0 0
chrI	254960	254961	a	1	-	254960	254961	255,0,0	1000 0.00 0 1 0 0 0 0 0
chrI	254961	254962	a	1	-	254961	254962	255,0,0	1000 0.00 0 1 0 0 0 0 0
chrI	254962	254963	a	1	-	254962	254963	255,0,0	1000 0.00 0 1 0 0 0 0 0
chrI	254963	254964	a	1	-	254963	254964	255,0,0	1000 0.00 0 1 0 0 0 0 0
chrI	254964	254965	a	1	-	254964	254965	255,0,0	1000 0.00 0 1 0 0 0 0 0
chrI	254965	254966	a	1	-	254965	254966	255,0,0	1000 0.00 0 1 0 0 0 0 0
chrI	254966	254967	a	1	-	254966	254967	255,0,0	1000 0.00 0 1 0 0 0 0 0
chrI	254967	254968	a	1	-	254967	254968	255,0,0	1000 0.00 0 1 0 0 0 0 0
chrI	254968	254969	a	1	-	254968	254969	255,0,0	1000 0.00 0 1 0 0 0 0 0
chrI	254969	254970	a	1	-	254969	254970	255,0,0	1000 0.00 0 1 0 0 0 0 0
chrI	254970	254971	a	1	-	254970	254971	255,0,0	1000 0.00 0 1 0 0 0 0 0
chrI	254971	254972	a	1	-	254971	254972	255,0,0	1000 0.00 0 1 0 0 0 0 0
chrI	254972	254973	a	1	-	254972	254973	255,0,0	1000 0.00 0 1 0 0 0 0 0
chrI	254973	254974	a	1	-	254973	254974	255,0,0	1000 0.00 0 1 0 0 0 0 0
chrI	254974	254975	a	1	-	254974	254975	255,0,0	1000 0.00 0 1 0 0 0 0 0
chrI	254975	254976	a	1	-	254975	254976	255,0,0	1000 0.00 0 1 0 0 0 0 0
chrI	254976	254977	a	1	-	254976	254977	255,0,0	1000 0.00 0 1 0 0 0 0 0
chrI	254977	254978	a	1	-	254977	254978	255,0,0	1000 0.00 0 1 0 0 0 0 0
chrI	254978	254979	a	1	-	254978	254979	255,0,0	1000 0.00 0 1 0 0 0 0 0
chrI	254979	254980	a	1	-	254979	254980	255,0,0	1000 0.00 0 1 0 0 0 0 0
chrI	254980	254981	a	1	-	254980	254981	255,0,0	1000 0.00 0 1 0 0 0 0 0
chrI	254981	254982	a	1	-	254981	254982	255,0,0	1000 0.00 0 1 0 0 0 0 0
chrI	254982	254983	a	1	-	254982	254983	255,0,0	1000 0.00 0 1 0 0 0 0 0
chrI	254983	254984	a	1	-	254983	254984	255,0,0	1000 0.00 0 1 0 0 0 0 0
chrI	254984	254985	a	1	-	254984	254985	255,0,0	1000 0.00 0 1 0 0 0 0 0
chrI	254985	254986	a	1	-	254985	254986	255,0,0	1000 0.00 0 1 0 0 0 0 0
chrI	254986	254987	a	1	-	254986	254987	255,0,0	1000 0.00 0 1 0 0 0 0 0
chrI	254987	254988	a	1	-	254987	254988	255,0,0	1000 0.00 0 1 0 0 0 0 0
chrI	254988	254989	a	1	-	254988	254989	255,0,0	1000 0.00 0 1 0 0 0 0 0
chrI	254989	254990	a	1	-	254989	254990	255,0,0	1000 0.00 0 1 0 0 0 0 0
chrI	254990	254991	a	1	-	254990	254991	255,0,0	1000 0.00 0 1 0 0 0 0 0
chrI	254991	254992	a	1	-	254991	254992	255,0,0	1000 0.00 0 1 0 0 0 0 0
chrI	254992	254993	a	1	-	254992	254993	255,0,0	1000 0.00 0 1 0 0 0 0 0
chrI	254993	254994	a	1	-	254993	254994	255,0,0	1000 0.00 0 1 0 0 0 0 0
chrI	254994	254995	a	1	-	254994	254995	255,0,0	1000 0.00 0 1 0 0 0 0 0
chrI	254995	254996	a	1	-	254995	254996	255,0,0	1000 0.00 0 1 0 0 0 0 0
chrI	254996	254997	a	1	-	254996	254997	255,0,0	1000 0.00 0 1 0 0 0 0 0
chrI	254997	254998	a	1	-	254997	254998	255,0,0	1000 0.00 0 1 0 0 0 0 0
chrI	254998	254999	a	1	-	254998	254999	255,0,0	1000 0.00 0 1 0 0 0 0 0
chrI	254999	255000	a	1	-	254999	255000	255,0,0	1000 0.00 0 1 0 0 0 0 0
chrI	255000	255001	a	1	-	255000	255001	255,0,0	1000 0.00 0 1 0 0 0 0 0
